47.47400716817279,-94.88541634451782,GOQISNfeqAurlKvtZriQHA,2022-09,
47.47400716817279,-94.88541634451782,GOQISNfeqAurlKvtZriQHA,2022-09,
47.47400716817279,-94.88541634451782,GOQISNfeqAurlKvtZriQHA,2022-09,
47.47367455953574,-94.88611881510042,ndJjeUHjHVqYayJBAjCiMA,2022-09,
47.47408442677669,-94.88693159098189,POuc63oa5l-0gUCMjC6K5w,2022-11,
47.47408442677669,-94.88693159098189,POuc63oa5l-0gUCMjC6K5w,2022-11,
47.47408442677669,-94.88693159098189,POuc63oa5l-0gUCMjC6K5w,2022-11,
47.47403016581079,-94.88774404807339,78HMeaTAfTTeMOqitK5V6A,2022-11,
47.47403016581079,-94.88774404807339,78HMeaTAfTTeMOqitK5V6A,2022-11,
47.47403016581079,-94.88774404807339,78HMeaTAfTTeMOqitK5V6A,2022-11,
47.4740468,-94.88850489999999,None,None,ZERO_RESULTS
47.4740468,-94.88884719999999,None,None,ZERO_RESULTS
47.4740468,-94.88918949999999,None,None,ZERO_RESULTS
47.4740468,-94.88953179999999,None,None,ZERO_RESULTS
47.4740468,-94.88987409999999,None,None,ZERO_RESULTS
47.4740468,-94.89021639999999,None,None,ZERO_RESULTS
47.4740468,-94.89055869999999,None,None,ZERO_RESULTS
47.4740468,-94.89090099999999,None,None,ZERO_RESULTS
47.4740468,-94.89124329999999,None,None,ZERO_RESULTS
47.4740468,-94.89158559999998,None,None,ZERO_RESULTS
47.4740468,-94.89192789999998,None,None,ZERO_RESULTS
47.4740468,-94.89227019999998,None,None,ZERO_RESULTS
47.4740468,-94.89261249999998,None,None,ZERO_RESULTS
47.4740468,-94.89295479999998,None,None,ZERO_RESULTS
47.4740468,-94.89329709999998,None,None,ZERO_RESULTS
47.4740468,-94.89363939999998,None,None,ZERO_RESULTS
47.4740468,-94.89398169999998,None,None,ZERO_RESULTS
47.4740468,-94.89432399999998,None,None,ZERO_RESULTS
47.4740468,-94.89466629999998,None,None,ZERO_RESULTS
47.4740468,-94.89500859999998,None,None,ZERO_RESULTS
47.4740468,-94.89535089999998,None,None,ZERO_RESULTS
47.4740468,-94.89569319999998,None,None,ZERO_RESULTS
47.4740468,-94.89603549999998,None,None,ZERO_RESULTS
47.4740468,-94.89637779999998,None,None,ZERO_RESULTS
47.47427897274078,-94.88542483667959,eCNQKeaHWdvaFwp8EbsouA,2022-09,
47.47427897274078,-94.88542483667959,eCNQKeaHWdvaFwp8EbsouA,2022-09,
47.47427897274078,-94.88542483667959,eCNQKeaHWdvaFwp8EbsouA,2022-09,
47.47468403813787,-94.88615858433452,XDlp8_qhz8JbHohBIqCWHQ,2022-09,
47.47427502436269,-94.88693039655966,BWaSBKi1Zq6Z0EsMRa-wIw,2022-11,
47.47427502436269,-94.88693039655966,BWaSBKi1Zq6Z0EsMRa-wIw,2022-11,
47.47427502436269,-94.88693039655966,BWaSBKi1Zq6Z0EsMRa-wIw,2022-11,
47.47430289404471,-94.8877484805729,HbTEiDbmoDjIGWQMTaQEow,2022-11,
47.47430289404471,-94.8877484805729,HbTEiDbmoDjIGWQMTaQEow,2022-11,
47.47430289404471,-94.8877484805729,HbTEiDbmoDjIGWQMTaQEow,2022-11,
47.4743165,-94.88850489999999,None,None,ZERO_RESULTS
47.4743165,-94.88884719999999,None,None,ZERO_RESULTS
47.4743165,-94.88918949999999,None,None,ZERO_RESULTS
47.4743165,-94.88953179999999,None,None,ZERO_RESULTS
47.4743165,-94.88987409999999,None,None,ZERO_RESULTS
47.4743165,-94.89021639999999,None,None,ZERO_RESULTS
47.4743165,-94.89055869999999,None,None,ZERO_RESULTS
47.4743165,-94.89090099999999,None,None,ZERO_RESULTS
47.4743165,-94.89124329999999,None,None,ZERO_RESULTS
47.4743165,-94.89158559999998,None,None,ZERO_RESULTS
47.4743165,-94.89192789999998,None,None,ZERO_RESULTS
47.4743165,-94.89227019999998,None,None,ZERO_RESULTS
47.4743165,-94.89261249999998,None,None,ZERO_RESULTS
47.4743165,-94.89295479999998,None,None,ZERO_RESULTS
47.4743165,-94.89329709999998,None,None,ZERO_RESULTS
47.4743165,-94.89363939999998,None,None,ZERO_RESULTS
47.4743165,-94.89398169999998,None,None,ZERO_RESULTS
47.4743165,-94.89432399999998,None,None,ZERO_RESULTS
47.4743165,-94.89466629999998,None,None,ZERO_RESULTS
47.4743165,-94.89500859999998,None,None,ZERO_RESULTS
47.4743165,-94.89535089999998,None,None,ZERO_RESULTS
47.4743165,-94.89569319999998,None,None,ZERO_RESULTS
47.4743165,-94.89603549999998,None,None,ZERO_RESULTS
47.4743165,-94.89637779999998,None,None,ZERO_RESULTS
47.47468543478503,-94.8850633773457,OGZKwopAQeRgHddQLTNO7w,2022-09,
47.47454718200416,-94.88543323071531,o2eAMYedQr1BuJxVBvCWGA,2022-09,
47.47468729287888,-94.88575094246104,3dYl1M4VitZ7_ALh9wdC-A,2022-09,
47.47468403813787,-94.88615858433452,XDlp8_qhz8JbHohBIqCWHQ,2022-09,
47.47468154204123,-94.88642683137601,tYU2mnWYwcVGUYRsovBiEA,2022-09,
47.47455987209497,-94.88692859757914,H2z7eyNv0BBn2-yWLXGoXA,2022-09,
47.474678656921,-94.88720443069502,mqhANhUCTqCSOaZb-Iovsw,2022-11,
47.47468042662444,-94.88745524985454,61kPBHkhAlwkQMWxAvbonQ,2022-11,
47.47457352745139,-94.88775281267763,iMOPchcL8AmLMciYCK7k1A,2022-11,
47.47457352745139,-94.88775281267763,iMOPchcL8AmLMciYCK7k1A,2022-11,
47.4745862,-94.88850489999999,None,None,ZERO_RESULTS
47.4745862,-94.88884719999999,None,None,ZERO_RESULTS
47.4745862,-94.88918949999999,None,None,ZERO_RESULTS
47.4745862,-94.88953179999999,None,None,ZERO_RESULTS
47.4745862,-94.88987409999999,None,None,ZERO_RESULTS
47.4745862,-94.89021639999999,None,None,ZERO_RESULTS
47.4745862,-94.89055869999999,None,None,ZERO_RESULTS
47.4745862,-94.89090099999999,None,None,ZERO_RESULTS
47.4745862,-94.89124329999999,None,None,ZERO_RESULTS
47.4745862,-94.89158559999998,None,None,ZERO_RESULTS
47.4745862,-94.89192789999998,None,None,ZERO_RESULTS
47.4745862,-94.89227019999998,None,None,ZERO_RESULTS
47.4745862,-94.89261249999998,None,None,ZERO_RESULTS
47.4745862,-94.89295479999998,None,None,ZERO_RESULTS
47.4745862,-94.89329709999998,None,None,ZERO_RESULTS
47.4745862,-94.89363939999998,None,None,ZERO_RESULTS
47.4745862,-94.89398169999998,None,None,ZERO_RESULTS
47.4745862,-94.89432399999998,None,None,ZERO_RESULTS
47.4745862,-94.89466629999998,None,None,ZERO_RESULTS
47.4745862,-94.89500859999998,None,None,ZERO_RESULTS
47.4745862,-94.89535089999998,None,None,ZERO_RESULTS
47.4745862,-94.89569319999998,None,None,ZERO_RESULTS
47.4745862,-94.89603549999998,None,None,ZERO_RESULTS
47.4745862,-94.89637779999998,None,None,ZERO_RESULTS
47.47468543478503,-94.8850633773457,OGZKwopAQeRgHddQLTNO7w,2022-09,
47.47487452935168,-94.8854323092267,06eFI-yiVxTROq2rTvBCPQ,2022-09,
47.47468729287888,-94.88575094246104,3dYl1M4VitZ7_ALh9wdC-A,2022-09,
47.47468403813787,-94.88615858433452,XDlp8_qhz8JbHohBIqCWHQ,2022-09,
47.47468154204123,-94.88642683137601,tYU2mnWYwcVGUYRsovBiEA,2022-09,
47.47489120207901,-94.88693105676491,3OsN450hhcmulLxYGmH0tQ,2022-09,
47.47489120207901,-94.88693105676491,3OsN450hhcmulLxYGmH0tQ,2022-09,
47.47468042662444,-94.88745524985454,61kPBHkhAlwkQMWxAvbonQ,2022-11,
47.47468238422763,-94.88773862835882,uLEGRykQvSx0KnPJggjbwQ,2022-11,
47.47468238422763,-94.88773862835882,uLEGRykQvSx0KnPJggjbwQ,2022-11,
47.474855899999994,-94.88850489999999,None,None,ZERO_RESULTS
47.474855899999994,-94.88884719999999,None,None,ZERO_RESULTS
47.474855899999994,-94.88918949999999,None,None,ZERO_RESULTS
47.474855899999994,-94.88953179999999,None,None,ZERO_RESULTS
47.474855899999994,-94.88987409999999,None,None,ZERO_RESULTS
47.474855899999994,-94.89021639999999,None,None,ZERO_RESULTS
47.474855899999994,-94.89055869999999,None,None,ZERO_RESULTS
47.474855899999994,-94.89090099999999,None,None,ZERO_RESULTS
47.474855899999994,-94.89124329999999,None,None,ZERO_RESULTS
47.474855899999994,-94.89158559999998,None,None,ZERO_RESULTS
47.474855899999994,-94.89192789999998,None,None,ZERO_RESULTS
47.474855899999994,-94.89227019999998,None,None,ZERO_RESULTS
47.474855899999994,-94.89261249999998,None,None,ZERO_RESULTS
47.474855899999994,-94.89295479999998,None,None,ZERO_RESULTS
47.474855899999994,-94.89329709999998,None,None,ZERO_RESULTS
47.474855899999994,-94.89363939999998,None,None,ZERO_RESULTS
47.474855899999994,-94.89398169999998,None,None,ZERO_RESULTS
47.474855899999994,-94.89432399999998,None,None,ZERO_RESULTS
47.474855899999994,-94.89466629999998,None,None,ZERO_RESULTS
47.474855899999994,-94.89500859999998,None,None,ZERO_RESULTS
47.474855899999994,-94.89535089999998,None,None,ZERO_RESULTS
47.474855899999994,-94.89569319999998,None,None,ZERO_RESULTS
47.474855899999994,-94.89603549999998,None,None,ZERO_RESULTS
47.474855899999994,-94.89637779999998,None,None,ZERO_RESULTS
47.47515131848147,-94.8854242690343,c8dp1qQxda8SSZL-HRnOYA,2022-09,
47.47515131848147,-94.8854242690343,c8dp1qQxda8SSZL-HRnOYA,2022-09,
47.47515131848147,-94.8854242690343,c8dp1qQxda8SSZL-HRnOYA,2022-09,
47.47468403813787,-94.88615858433452,XDlp8_qhz8JbHohBIqCWHQ,2022-09,
47.47508253539595,-94.88693379402336,25q2ZGfwSOKnoM9XqCnczg,2022-09,
47.47508253539595,-94.88693379402336,25q2ZGfwSOKnoM9XqCnczg,2022-09,
47.47508253539595,-94.88693379402336,25q2ZGfwSOKnoM9XqCnczg,2022-09,
47.47508253539595,-94.88693379402336,25q2ZGfwSOKnoM9XqCnczg,2022-09,
47.47468238422763,-94.88773862835882,uLEGRykQvSx0KnPJggjbwQ,2022-11,
47.47512559999999,-94.88816259999999,None,None,ZERO_RESULTS
47.47568335799136,-94.8887726985833,ECaAlRgwPyLzvrnhvaFYIw,2022-09,
47.47568335799136,-94.8887726985833,ECaAlRgwPyLzvrnhvaFYIw,2022-09,
47.47568335799136,-94.8887726985833,ECaAlRgwPyLzvrnhvaFYIw,2022-09,
47.47512559999999,-94.88953179999999,None,None,ZERO_RESULTS
47.47577931879184,-94.88998726187931,tylE2iMpgdjL8xAv5Eyolw,2022-09,
47.47577931879184,-94.88998726187931,tylE2iMpgdjL8xAv5Eyolw,2022-09,
47.47512559999999,-94.89055869999999,None,None,ZERO_RESULTS
47.47512559999999,-94.89090099999999,None,None,ZERO_RESULTS
47.47512559999999,-94.89124329999999,None,None,ZERO_RESULTS
47.47512559999999,-94.89158559999998,None,None,ZERO_RESULTS
47.47512559999999,-94.89192789999998,None,None,ZERO_RESULTS
47.47512559999999,-94.89227019999998,None,None,ZERO_RESULTS
47.47512559999999,-94.89261249999998,None,None,ZERO_RESULTS
47.47512559999999,-94.89295479999998,None,None,ZERO_RESULTS
47.47512559999999,-94.89329709999998,None,None,ZERO_RESULTS
47.47512559999999,-94.89363939999998,None,None,ZERO_RESULTS
47.47512559999999,-94.89398169999998,None,None,ZERO_RESULTS
47.47512559999999,-94.89432399999998,None,None,ZERO_RESULTS
47.47512559999999,-94.89466629999998,None,None,ZERO_RESULTS
47.47512559999999,-94.89500859999998,None,None,ZERO_RESULTS
47.47512559999999,-94.89535089999998,None,None,ZERO_RESULTS
47.47512559999999,-94.89569319999998,None,None,ZERO_RESULTS
47.47512559999999,-94.89603549999998,None,None,ZERO_RESULTS
47.47512559999999,-94.89637779999998,None,None,ZERO_RESULTS
47.47544065626673,-94.88541578644556,MBOZjTK6X6cotcn22Y1vlQ,2022-09,
47.47544065626673,-94.88541578644556,MBOZjTK6X6cotcn22Y1vlQ,2022-09,
47.47534300757645,-94.88541866716558,idvhFRyVGYpotjO4USpMpw,2022-09,
47.47566761843884,-94.88615515253993,23FqoeStEcVeLCJydnBFGA,2022-09,
47.47566913361744,-94.88643490949809,L41hpayD5GXmBjH01nXq4g,2022-09,
47.47536270820068,-94.88693793888105,KQTzX_TqBJAs88wp2rn_Ng,2022-09,
47.47536270820068,-94.88693793888105,KQTzX_TqBJAs88wp2rn_Ng,2022-09,
47.47567542110906,-94.88746039231035,huGF-YhUEdFLaW6vyA76fg,2022-09,
47.47567814788555,-94.88786484934252,s6CaRMuUEBtQyXIMPbIepg,2022-09,
47.4756801014446,-94.88813950123419,GKW_WI7MsnVgUT1O0ktuFg,2022-09,
47.47568246209129,-94.88849614837996,PmF_sna_VyWyZcnSe5_8RA,2022-09,
47.47568374701292,-94.88890970978247,aYvvuHnUJrYBd1JFNXLT0A,2022-09,
47.47568459147494,-94.88917864068013,4iyUrmgya9s3Il80p-KTJg,2022-09,
47.47568564169143,-94.88952019081187,8oRldMI7nR4hmXi6TrPN_w,2022-09,
47.47569505278094,-94.88978523272993,BNEqK9BuBLYcl1bO8b0eYg,2022-09,
47.47571297837421,-94.88990856203593,9xT4eV-mc4Z4LSz3Oa9UtQ,2022-09,
47.47577931879184,-94.88998726187931,tylE2iMpgdjL8xAv5Eyolw,2022-09,
47.47539529999999,-94.89090099999999,None,None,ZERO_RESULTS
47.47539529999999,-94.89124329999999,None,None,ZERO_RESULTS
47.47539529999999,-94.89158559999998,None,None,ZERO_RESULTS
47.47539529999999,-94.89192789999998,None,None,ZERO_RESULTS
47.47539529999999,-94.89227019999998,None,None,ZERO_RESULTS
47.47539529999999,-94.89261249999998,None,None,ZERO_RESULTS
47.47539529999999,-94.89295479999998,None,None,ZERO_RESULTS
47.47539529999999,-94.89329709999998,None,None,ZERO_RESULTS
47.47539529999999,-94.89363939999998,None,None,ZERO_RESULTS
47.47539529999999,-94.89398169999998,None,None,ZERO_RESULTS
47.47539529999999,-94.89432399999998,None,None,ZERO_RESULTS
47.47539529999999,-94.89466629999998,None,None,ZERO_RESULTS
47.47539529999999,-94.89500859999998,None,None,ZERO_RESULTS
47.47539529999999,-94.89535089999998,None,None,ZERO_RESULTS
47.47539529999999,-94.89569319999998,None,None,ZERO_RESULTS
47.47539529999999,-94.89603549999998,None,None,ZERO_RESULTS
47.47539529999999,-94.89637779999998,None,None,ZERO_RESULTS
47.47566562953315,-94.88503900249302,ADvibhlMdfmv5U762tAfWQ,2022-09,
47.47566372558404,-94.88541850977498,ITGClAtRFDlY6boqhQ-HWA,2022-09,
47.4756656263195,-94.88577029964586,6w_Z5R_j-g_xjYb1QRYoqw,2022-09,
47.47566761843884,-94.88615515253993,23FqoeStEcVeLCJydnBFGA,2022-09,
47.47566913361744,-94.88643490949809,L41hpayD5GXmBjH01nXq4g,2022-09,
47.47567138250891,-94.88686652500435,QOR97upM2cTquha736iOTw,2022-09,
47.47567349371322,-94.88718332670635,yzMVRZL__cw0-ax-gPFozw,2022-09,
47.47567542110906,-94.88746039231035,huGF-YhUEdFLaW6vyA76fg,2022-09,
47.47567814788555,-94.88786484934252,s6CaRMuUEBtQyXIMPbIepg,2022-09,
47.4756801014446,-94.88813950123419,GKW_WI7MsnVgUT1O0ktuFg,2022-09,
47.47568246209129,-94.88849614837996,PmF_sna_VyWyZcnSe5_8RA,2022-09,
47.47568374701292,-94.88890970978247,aYvvuHnUJrYBd1JFNXLT0A,2022-09,
47.47568459147494,-94.88917864068013,4iyUrmgya9s3Il80p-KTJg,2022-09,
47.47568564169143,-94.88952019081187,8oRldMI7nR4hmXi6TrPN_w,2022-09,
47.47571297837421,-94.88990856203593,9xT4eV-mc4Z4LSz3Oa9UtQ,2022-09,
47.47577931879184,-94.88998726187931,tylE2iMpgdjL8xAv5Eyolw,2022-09,
47.47577931879184,-94.88998726187931,tylE2iMpgdjL8xAv5Eyolw,2022-09,
47.475664999999985,-94.89090099999999,None,None,ZERO_RESULTS
47.475664999999985,-94.89124329999999,None,None,ZERO_RESULTS
47.475664999999985,-94.89158559999998,None,None,ZERO_RESULTS
47.475664999999985,-94.89192789999998,None,None,ZERO_RESULTS
47.475664999999985,-94.89227019999998,None,None,ZERO_RESULTS
47.475664999999985,-94.89261249999998,None,None,ZERO_RESULTS
47.475664999999985,-94.89295479999998,None,None,ZERO_RESULTS
47.475664999999985,-94.89329709999998,None,None,ZERO_RESULTS
47.475664999999985,-94.89363939999998,None,None,ZERO_RESULTS
47.475664999999985,-94.89398169999998,None,None,ZERO_RESULTS
47.475664999999985,-94.89432399999998,None,None,ZERO_RESULTS
47.475664999999985,-94.89466629999998,None,None,ZERO_RESULTS
47.475664999999985,-94.89500859999998,None,None,ZERO_RESULTS
47.475664999999985,-94.89535089999998,None,None,ZERO_RESULTS
47.475664999999985,-94.89569319999998,None,None,ZERO_RESULTS
47.475664999999985,-94.89603549999998,None,None,ZERO_RESULTS
47.475664999999985,-94.89637779999998,None,None,ZERO_RESULTS
47.47592454107763,-94.88541395558438,WHoyA77RZWVUGl0JTy4R4Q,2022-09,
47.47592454107763,-94.88541395558438,WHoyA77RZWVUGl0JTy4R4Q,2022-09,
47.47592454107763,-94.88541395558438,WHoyA77RZWVUGl0JTy4R4Q,2022-09,
47.47566761843884,-94.88615515253993,23FqoeStEcVeLCJydnBFGA,2022-09,
47.47566913361744,-94.88643490949809,L41hpayD5GXmBjH01nXq4g,2022-09,
47.47593150678478,-94.88694162307878,Q-llyc1F7matMgorfkX-5w,2022-09,
47.47593150678478,-94.88694162307878,Q-llyc1F7matMgorfkX-5w,2022-09,
47.47567542110906,-94.88746039231035,huGF-YhUEdFLaW6vyA76fg,2022-09,
47.47567814788555,-94.88786484934252,s6CaRMuUEBtQyXIMPbIepg,2022-09,
47.47588902930472,-94.8884777200915,UC28r1nfgqjckT8gi2elbw,2022-09,
47.47588902930472,-94.8884777200915,UC28r1nfgqjckT8gi2elbw,2022-09,
47.47588902930472,-94.8884777200915,UC28r1nfgqjckT8gi2elbw,2022-09,
47.47590275083002,-94.88927726643007,mCm0H6bq8d3cvVotN7-hrA,2022-09,
47.47590275083002,-94.88927726643007,mCm0H6bq8d3cvVotN7-hrA,2022-09,
47.47596340685669,-94.89000166305458,hdio8MXXT6SOq2QbWPVGqw,2022-09,
47.47596340685669,-94.89000166305458,hdio8MXXT6SOq2QbWPVGqw,2022-09,
47.47596340685669,-94.89000166305458,hdio8MXXT6SOq2QbWPVGqw,2022-09,
47.47593469999998,-94.89090099999999,None,None,ZERO_RESULTS
47.47593469999998,-94.89124329999999,None,None,ZERO_RESULTS
47.47593469999998,-94.89158559999998,None,None,ZERO_RESULTS
47.47593469999998,-94.89192789999998,None,None,ZERO_RESULTS
47.47593469999998,-94.89227019999998,None,None,ZERO_RESULTS
47.47593469999998,-94.89261249999998,None,None,ZERO_RESULTS
47.47593469999998,-94.89295479999998,None,None,ZERO_RESULTS
47.47593469999998,-94.89329709999998,None,None,ZERO_RESULTS
47.47593469999998,-94.89363939999998,None,None,ZERO_RESULTS
47.47593469999998,-94.89398169999998,None,None,ZERO_RESULTS
47.47593469999998,-94.89432399999998,None,None,ZERO_RESULTS
47.47593469999998,-94.89466629999998,None,None,ZERO_RESULTS
47.47593469999998,-94.89500859999998,None,None,ZERO_RESULTS
47.47593469999998,-94.89535089999998,None,None,ZERO_RESULTS
47.47593469999998,-94.89569319999998,None,None,ZERO_RESULTS
47.47593469999998,-94.89603549999998,None,None,ZERO_RESULTS
47.47593469999998,-94.89637779999998,None,None,ZERO_RESULTS
47.4762013050245,-94.88541897141549,0abKVhmq-tKMf_mECEcTyg,2022-09,
47.4762013050245,-94.88541897141549,0abKVhmq-tKMf_mECEcTyg,2022-09,
47.4762013050245,-94.88541897141549,0abKVhmq-tKMf_mECEcTyg,2022-09,
47.4766557799018,-94.88631764453994,hV-Tb4FHB0C1qUgQcBO13A,2022-09,
47.47620259168406,-94.88694083328987,-Pd8g5FSya_zql8W68Z6Cg,2022-09,
47.47620259168406,-94.88694083328987,-Pd8g5FSya_zql8W68Z6Cg,2022-09,
47.47620259168406,-94.88694083328987,-Pd8g5FSya_zql8W68Z6Cg,2022-09,
47.47620259168406,-94.88694083328987,-Pd8g5FSya_zql8W68Z6Cg,2022-09,
47.47617986239214,-94.8884818049035,J1l3enpZsK3GdUSxG_9_8Q,2022-09,
47.47617986239214,-94.8884818049035,J1l3enpZsK3GdUSxG_9_8Q,2022-09,
47.47617986239214,-94.8884818049035,J1l3enpZsK3GdUSxG_9_8Q,2022-09,
47.47617986239214,-94.8884818049035,J1l3enpZsK3GdUSxG_9_8Q,2022-09,
47.47617897807192,-94.88928257048008,_QLm6ywEkv5tbDLNbCbJfQ,2022-09,
47.47617897807192,-94.88928257048008,_QLm6ywEkv5tbDLNbCbJfQ,2022-09,
47.47624173635544,-94.88999461710418,18QlYIwOQoJyLb-9jT1Diw,2022-09,
47.47624173635544,-94.88999461710418,18QlYIwOQoJyLb-9jT1Diw,2022-09,
47.47624173635544,-94.88999461710418,18QlYIwOQoJyLb-9jT1Diw,2022-09,
47.47620439999998,-94.89090099999999,None,None,ZERO_RESULTS
47.47620439999998,-94.89124329999999,None,None,ZERO_RESULTS
47.47620439999998,-94.89158559999998,None,None,ZERO_RESULTS
47.47620439999998,-94.89192789999998,None,None,ZERO_RESULTS
47.47620439999998,-94.89227019999998,None,None,ZERO_RESULTS
47.47620439999998,-94.89261249999998,None,None,ZERO_RESULTS
47.47620439999998,-94.89295479999998,None,None,ZERO_RESULTS
47.47620439999998,-94.89329709999998,None,None,ZERO_RESULTS
47.47620439999998,-94.89363939999998,None,None,ZERO_RESULTS
47.47620439999998,-94.89398169999998,None,None,ZERO_RESULTS
47.47620439999998,-94.89432399999998,None,None,ZERO_RESULTS
47.47620439999998,-94.89466629999998,None,None,ZERO_RESULTS
47.47620439999998,-94.89500859999998,None,None,ZERO_RESULTS
47.47620439999998,-94.89535089999998,None,None,ZERO_RESULTS
47.47620439999998,-94.89569319999998,None,None,ZERO_RESULTS
47.47620439999998,-94.89603549999998,None,None,ZERO_RESULTS
47.47620439999998,-94.89637779999998,None,None,ZERO_RESULTS
47.47664326883924,-94.88502750475268,6u6uDXQJC0cFCAqGy3JDhg,2022-09,
47.47647417567695,-94.88542383794538,oUa9BPR-EeUE8NM6Ji-nRA,2022-09,
47.47664802624674,-94.88574744391398,ZvQpL2kvM2Vow7ZZw3wJog,2022-09,
47.47665210169753,-94.88604814869176,pN8AulS4y5VX0WwDKGXA4A,2022-09,
47.47665764700748,-94.88645525261873,5z1tShXSU0GNWxVsidkEYw,2022-09,
47.47648118424532,-94.88693994762653,B0dmU8Dj_cMtOiZv1RTLVg,2022-09,
47.47648118424532,-94.88693994762653,B0dmU8Dj_cMtOiZv1RTLVg,2022-09,
47.47666279557134,-94.88751630097202,K2tzQ31MGDG1mfF3zBaIUw,2022-09,
47.47666218585555,-94.88778775104068,zXc3b4SsKnkrj4R6_jwb1A,2022-09,
47.4766610362672,-94.88822330750683,Jn4W1tGDOdpQokklIF3qJQ,2022-09,
47.47646267684262,-94.88848572375367,gTsy0F_IqAp5jVBzYRBNSQ,2022-09,
47.47666419460804,-94.88883064166981,368KJyyVVIyRM52YTnnZ2A,2022-09,
47.47645438387584,-94.8892878196986,FhXQrRuGLndk7TgKOPxUZw,2022-09,
47.47645438387584,-94.8892878196986,FhXQrRuGLndk7TgKOPxUZw,2022-09,
47.47651886107599,-94.8899877097835,SxmbwM2oMYNWNn30iNckYA,2022-09,
47.47642904017403,-94.88998993184781,pAvARSe3hrqRuQDqjyzUog,2022-09,
47.47667190964203,-94.89054035145563,pgSNduFrMa4ruzMRFVCsQA,2022-09,
47.47666849912243,-94.89094950328595,BSjbV50VvFV_rQL6ofDCqA,2022-09,
47.47667724128848,-94.89121609064766,zDdhb2bAwXYx0OFFG2pQtw,2022-09,
47.476714034743,-94.89132796181201,NUtI0F3UGilJ7xjt0RHRmA,2022-09,
47.476474099999976,-94.89192789999998,None,None,ZERO_RESULTS
47.476474099999976,-94.89227019999998,None,None,ZERO_RESULTS
47.476474099999976,-94.89261249999998,None,None,ZERO_RESULTS
47.476474099999976,-94.89295479999998,None,None,ZERO_RESULTS
47.476474099999976,-94.89329709999998,None,None,ZERO_RESULTS
47.476474099999976,-94.89363939999998,None,None,ZERO_RESULTS
47.476474099999976,-94.89398169999998,None,None,ZERO_RESULTS
47.476474099999976,-94.89432399999998,None,None,ZERO_RESULTS
47.476474099999976,-94.89466629999998,None,None,ZERO_RESULTS
47.476474099999976,-94.89500859999998,None,None,ZERO_RESULTS
47.476474099999976,-94.89535089999998,None,None,ZERO_RESULTS
47.476474099999976,-94.89569319999998,None,None,ZERO_RESULTS
47.476474099999976,-94.89603549999998,None,None,ZERO_RESULTS
47.476474099999976,-94.89637779999998,None,None,ZERO_RESULTS
47.47664326883924,-94.88502750475268,6u6uDXQJC0cFCAqGy3JDhg,2022-09,
47.47674994835361,-94.88542401177853,6E5ZTv1ir02FBonLpPDZQQ,2022-09,
47.47664802624674,-94.88574744391398,ZvQpL2kvM2Vow7ZZw3wJog,2022-09,
47.47677448933243,-94.8861972694124,eZBdSgz59Y142_ALLug_3Q,2022-09,
47.47665764700748,-94.88645525261873,5z1tShXSU0GNWxVsidkEYw,2022-09,
47.47666136604644,-94.88673081343985,Cn-izCg3q2sslP2xVHxinQ,2022-09,
47.47666382974229,-94.88709924398505,T2IKRoYZesFbwq8k3-Ediw,2022-09,
47.47666279557134,-94.88751630097202,K2tzQ31MGDG1mfF3zBaIUw,2022-09,
47.47666218585555,-94.88778775104068,zXc3b4SsKnkrj4R6_jwb1A,2022-09,
47.4766610362672,-94.88822330750683,Jn4W1tGDOdpQokklIF3qJQ,2022-09,
47.47678551364903,-94.88848708421826,ab29D2QmAcykr2lmwgYt1Q,2022-09,
47.47666419460804,-94.88883064166981,368KJyyVVIyRM52YTnnZ2A,2022-09,
47.47666853213612,-94.88922536417333,ah8sePZJPhALIw8I67-SYg,2022-09,
47.47667210954677,-94.88957099286347,kr3UmbgdKYsc3sHtzCVYTA,2022-09,
47.47667528252124,-94.88986447321939,FsyGIyDoLqJSfRK3jrmr_g,2022-09,
47.47667408825306,-94.89027624944116,VkjoBq-oDyyrT4e1N-Ze4Q,2022-09,
47.47667190964203,-94.89054035145563,pgSNduFrMa4ruzMRFVCsQA,2022-09,
47.47666849912243,-94.89094950328595,BSjbV50VvFV_rQL6ofDCqA,2022-09,
47.476714034743,-94.89132796181201,NUtI0F3UGilJ7xjt0RHRmA,2022-09,
47.47676755694854,-94.89141874228517,LPRc446NkEiZaMX50Qc8Ug,2022-09,
47.47684107992776,-94.89147679516661,GtRcH48Qsr_mxjD8UFXDLA,2022-09,
47.47674379999997,-94.89227019999998,None,None,ZERO_RESULTS
47.47674379999997,-94.89261249999998,None,None,ZERO_RESULTS
47.47674379999997,-94.89295479999998,None,None,ZERO_RESULTS
47.47674379999997,-94.89329709999998,None,None,ZERO_RESULTS
47.47674379999997,-94.89363939999998,None,None,ZERO_RESULTS
47.47674379999997,-94.89398169999998,None,None,ZERO_RESULTS
47.47674379999997,-94.89432399999998,None,None,ZERO_RESULTS
47.47674379999997,-94.89466629999998,None,None,ZERO_RESULTS
47.47674379999997,-94.89500859999998,None,None,ZERO_RESULTS
47.47674379999997,-94.89535089999998,None,None,ZERO_RESULTS
47.47674379999997,-94.89569319999998,None,None,ZERO_RESULTS
47.47674379999997,-94.89603549999998,None,None,ZERO_RESULTS
47.47674379999997,-94.89637779999998,None,None,ZERO_RESULTS
47.47702514321526,-94.88541664649885,6TSdpAjVYZGlrkBRnAl7pQ,2022-09,
47.47702514321526,-94.88541664649885,6TSdpAjVYZGlrkBRnAl7pQ,2022-09,
47.47702514321526,-94.88541664649885,6TSdpAjVYZGlrkBRnAl7pQ,2022-09,
47.47704224814396,-94.88619892907289,pDMQ0W0lb2PYWgIFPKE6aw,2022-09,
47.47704224814396,-94.88619892907289,pDMQ0W0lb2PYWgIFPKE6aw,2022-09,
47.47703230789751,-94.88693263619835,_bgXw062NNsU-rGMBhXjnA,2022-09,
47.47703230789751,-94.88693263619835,_bgXw062NNsU-rGMBhXjnA,2022-09,
47.47666279557134,-94.88751630097202,K2tzQ31MGDG1mfF3zBaIUw,2022-09,
47.47666218585555,-94.88778775104068,zXc3b4SsKnkrj4R6_jwb1A,2022-09,
47.47696918363884,-94.8884849666109,AjOpx9VFe5-HW9MTaynbMA,2022-09,
47.47696918363884,-94.8884849666109,AjOpx9VFe5-HW9MTaynbMA,2022-09,
47.47696918363884,-94.8884849666109,AjOpx9VFe5-HW9MTaynbMA,2022-09,
47.47666853213612,-94.88922536417333,ah8sePZJPhALIw8I67-SYg,2022-09,
47.4770504486105,-94.88998643936577,_OR_PJS4eiGvxNfVuNmrQA,2022-09,
47.4770504486105,-94.88998643936577,_OR_PJS4eiGvxNfVuNmrQA,2022-09,
47.4770504486105,-94.88998643936577,_OR_PJS4eiGvxNfVuNmrQA,2022-09,
47.47667190964203,-94.89054035145563,pgSNduFrMa4ruzMRFVCsQA,2022-09,
47.47666849912243,-94.89094950328595,BSjbV50VvFV_rQL6ofDCqA,2022-09,
47.4769607878533,-94.89149329500191,XrYGF5qA1M-DMffZA_A8NQ,2022-09,
47.47705091013856,-94.89149986696916,2LdC-lG8pZvQAk6I6bGFxw,2022-09,
47.47705091013856,-94.89149986696916,2LdC-lG8pZvQAk6I6bGFxw,2022-09,
47.47701349999997,-94.89227019999998,None,None,ZERO_RESULTS
47.47701349999997,-94.89261249999998,None,None,ZERO_RESULTS
47.47701349999997,-94.89295479999998,None,None,ZERO_RESULTS
47.47701349999997,-94.89329709999998,None,None,ZERO_RESULTS
47.47701349999997,-94.89363939999998,None,None,ZERO_RESULTS
47.47701349999997,-94.89398169999998,None,None,ZERO_RESULTS
47.47701349999997,-94.89432399999998,None,None,ZERO_RESULTS
47.47701349999997,-94.89466629999998,None,None,ZERO_RESULTS
47.47701349999997,-94.89500859999998,None,None,ZERO_RESULTS
47.47701349999997,-94.89535089999998,None,None,ZERO_RESULTS
47.47701349999997,-94.89569319999998,None,None,ZERO_RESULTS
47.47701349999997,-94.89603549999998,None,None,ZERO_RESULTS
47.47701349999997,-94.89637779999998,None,None,ZERO_RESULTS
47.477301769256,-94.88540918026237,Opw7SxJS86rvCYPuVnX6yg,2022-09,
47.477301769256,-94.88540918026237,Opw7SxJS86rvCYPuVnX6yg,2022-09,
47.477301769256,-94.88540918026237,Opw7SxJS86rvCYPuVnX6yg,2022-09,
47.47731072218046,-94.88619439598854,ITMxhpB-YVz6deVQP-HKOw,2022-09,
47.47731072218046,-94.88619439598854,ITMxhpB-YVz6deVQP-HKOw,2022-09,
47.47730906224871,-94.88692745430734,NqiuvmlCqxrTxs6koxh47Q,2022-09,
47.47730906224871,-94.88692745430734,NqiuvmlCqxrTxs6koxh47Q,2022-09,
47.47764364922664,-94.88743336130749,0j-3fdXQnqC4hFKqzWucrQ,2022-09,
47.47764733235939,-94.88784709137397,6FYKM6vLzWbZV_3XWauR-g,2022-09,
47.47724232365638,-94.88848185960626,H3tJ4ty83Qencb00dTfeNw,2022-09,
47.47724232365638,-94.88848185960626,H3tJ4ty83Qencb00dTfeNw,2022-09,
47.47724232365638,-94.88848185960626,H3tJ4ty83Qencb00dTfeNw,2022-09,
47.47765531872833,-94.88922862467145,MO9rVcJrls_Q9fUvMD-3Aw,2022-09,
47.47732433864731,-94.88998511777075,fQ4aLhA_C1yqSo5IB1ELjg,2022-09,
47.47732433864731,-94.88998511777075,fQ4aLhA_C1yqSo5IB1ELjg,2022-09,
47.47732433864731,-94.88998511777075,fQ4aLhA_C1yqSo5IB1ELjg,2022-09,
47.4776577206853,-94.89051372345588,tGFfjUCJwWUjHw0V3us8Xw,2022-09,
47.47765813761655,-94.89091757557838,0VRBVeJZbZOktAe7rwussg,2022-09,
47.47733239676211,-94.89149986359632,KYit4d8GJa6tJWW0qGN6kQ,2022-09,
47.4772342208292,-94.89150445322983,z50_0gzzX879mXaapyf8lg,2022-09,
47.4772342208292,-94.89150445322983,z50_0gzzX879mXaapyf8lg,2022-09,
47.47765292775674,-94.89229805590081,DrK3icDA9FId9LQpBpEvAg,2022-09,
47.47765100276485,-94.89256490287727,L9jh_q6qE--nPNSbMfYLAQ,2022-09,
47.47767552778618,-94.8928360371975,20jt9r6IG0-zMxYuCGDwTQ,2022-09,
47.47728319999997,-94.89329709999998,None,None,ZERO_RESULTS
47.47728319999997,-94.89363939999998,None,None,ZERO_RESULTS
47.47728319999997,-94.89398169999998,None,None,ZERO_RESULTS
47.47728319999997,-94.89432399999998,None,None,ZERO_RESULTS
47.47728319999997,-94.89466629999998,None,None,ZERO_RESULTS
47.47728319999997,-94.89500859999998,None,None,ZERO_RESULTS
47.47728319999997,-94.89535089999998,None,None,ZERO_RESULTS
47.47728319999997,-94.89569319999998,None,None,ZERO_RESULTS
47.47728319999997,-94.89603549999998,None,None,ZERO_RESULTS
47.47728319999997,-94.89637779999998,None,None,ZERO_RESULTS
47.47764384725703,-94.8851243525128,-I0XBL9JfP0jC5mOzMbJTQ,2022-09,
47.47757531753368,-94.88540179096952,TRdWf-ko0CkVnT2izi5MWA,2022-09,
47.47764486421647,-94.88574185265553,6_3MN9u7YuujCCpMXjUCSg,2022-09,
47.47759527443152,-94.88619815838919,m25JkcSY_7kACzgboPsjGw,2022-09,
47.47764122666351,-94.8864897117742,-MkiqREA5owGGNtVP1lCsA,2022-09,
47.47763946082281,-94.88684297855806,MsBoDY7-1TlJlZr-YUyytg,2022-09,
47.47764111216406,-94.88714769578745,7-uj-wAnApC7sinwx0xxBA,2022-09,
47.47764364922664,-94.88743336130749,0j-3fdXQnqC4hFKqzWucrQ,2022-09,
47.47764733235939,-94.88784709137397,6FYKM6vLzWbZV_3XWauR-g,2022-09,
47.47764966007047,-94.8881094531008,SvrNYG_vxF-SmuJUbJsNHQ,2022-09,
47.47751613907576,-94.88847878163128,3TsH3zbe47fRWn72epjntA,2022-09,
47.47765405514698,-94.88882161344699,5Jg1o_4Iwxa2kStInogJ1A,2022-09,
47.47765531872833,-94.88922862467145,MO9rVcJrls_Q9fUvMD-3Aw,2022-09,
47.47765603995278,-94.88949340024101,hf_GDk5JqlErtkZU3GLWvQ,2022-09,
47.47751379287129,-94.88998287702712,3fREqwexiaIbUWETK3txZQ,2022-09,
47.47765740187236,-94.8902254786099,FoWAZrlaX7ER3ma_m7xvQw,2022-09,
47.4776577206853,-94.89051372345588,tGFfjUCJwWUjHw0V3us8Xw,2022-09,
47.47765813761655,-94.89091757557838,0VRBVeJZbZOktAe7rwussg,2022-09,
47.4776584040443,-94.89118236893164,RYH0Wy8xSOqnEIp73zJnUw,2022-09,
47.47753751453986,-94.89150153419938,QMNMsN_IpHqBy_fptEMwsQ,2022-09,
47.47765589695472,-94.89189408182592,4Co0S2SJS_Q0Cm_odkxhDA,2022-09,
47.47765292775674,-94.89229805590081,DrK3icDA9FId9LQpBpEvAg,2022-09,
47.47765100276485,-94.89256490287727,L9jh_q6qE--nPNSbMfYLAQ,2022-09,
47.47767552778618,-94.8928360371975,20jt9r6IG0-zMxYuCGDwTQ,2022-09,
47.47773345846891,-94.89292723712681,1K3DUdLa69bzwLnezl9bGQ,2022-09,
47.477552899999964,-94.89363939999998,None,None,ZERO_RESULTS
47.477552899999964,-94.89398169999998,None,None,ZERO_RESULTS
47.477552899999964,-94.89432399999998,None,None,ZERO_RESULTS
47.477552899999964,-94.89466629999998,None,None,ZERO_RESULTS
47.477552899999964,-94.89500859999998,None,None,ZERO_RESULTS
47.477552899999964,-94.89535089999998,None,None,ZERO_RESULTS
47.477552899999964,-94.89569319999998,None,None,ZERO_RESULTS
47.477552899999964,-94.89603549999998,None,None,ZERO_RESULTS
47.477552899999964,-94.89637779999998,None,None,ZERO_RESULTS
47.47764384725703,-94.8851243525128,-I0XBL9JfP0jC5mOzMbJTQ,2022-09,
47.47780641707372,-94.88539585488819,-P6YeRo7qguVpCZ9pNaxZw,2022-09,
47.47764486421647,-94.88574185265553,6_3MN9u7YuujCCpMXjUCSg,2022-09,
47.47786008256472,-94.88619697484611,D9T29kmbOlChudUFJsuQuA,2022-09,
47.47786008256472,-94.88619697484611,D9T29kmbOlChudUFJsuQuA,2022-09,
47.47782341955054,-94.88692222121693,seHW5yib2X-RbMjZ7S7wPg,2022-09,
47.47782341955054,-94.88692222121693,seHW5yib2X-RbMjZ7S7wPg,2022-09,
47.47764364922664,-94.88743336130749,0j-3fdXQnqC4hFKqzWucrQ,2022-09,
47.47764733235939,-94.88784709137397,6FYKM6vLzWbZV_3XWauR-g,2022-09,
47.47764966007047,-94.8881094531008,SvrNYG_vxF-SmuJUbJsNHQ,2022-09,
47.4778351519028,-94.88847143796536,88epIyXMhG9eOSdRqmEoBw,2022-09,
47.47765405514698,-94.88882161344699,5Jg1o_4Iwxa2kStInogJ1A,2022-09,
47.47765531872833,-94.88922862467145,MO9rVcJrls_Q9fUvMD-3Aw,2022-09,
47.47765603995278,-94.88949340024101,hf_GDk5JqlErtkZU3GLWvQ,2022-09,
47.47778891122442,-94.88998271740998,ph2v8hflC4xel_f1YYa48w,2022-09,
47.47778891122442,-94.88998271740998,ph2v8hflC4xel_f1YYa48w,2022-09,
47.4776577206853,-94.89051372345588,tGFfjUCJwWUjHw0V3us8Xw,2022-09,
47.47765813761655,-94.89091757557838,0VRBVeJZbZOktAe7rwussg,2022-09,
47.4776584040443,-94.89118236893164,RYH0Wy8xSOqnEIp73zJnUw,2022-09,
47.47783227927557,-94.89150337879757,feVXP4OqIp6ii-wxOaio9g,2022-09,
47.47765589695472,-94.89189408182592,4Co0S2SJS_Q0Cm_odkxhDA,2022-09,
47.47765292775674,-94.89229805590081,DrK3icDA9FId9LQpBpEvAg,2022-09,
47.47765100276485,-94.89256490287727,L9jh_q6qE--nPNSbMfYLAQ,2022-09,
47.47781110626681,-94.89295719359511,ABxu9Ig5ZhlvZBKeQDyP4w,2022-09,
47.47781110626681,-94.89295719359511,ABxu9Ig5ZhlvZBKeQDyP4w,2022-09,
47.47782259999996,-94.89363939999998,None,None,ZERO_RESULTS
47.47782259999996,-94.89398169999998,None,None,ZERO_RESULTS
47.47782259999996,-94.89432399999998,None,None,ZERO_RESULTS
47.47782259999996,-94.89466629999998,None,None,ZERO_RESULTS
47.47782259999996,-94.89500859999998,None,None,ZERO_RESULTS
47.47782259999996,-94.89535089999998,None,None,ZERO_RESULTS
47.47782259999996,-94.89569319999998,None,None,ZERO_RESULTS
47.47782259999996,-94.89603549999998,None,None,ZERO_RESULTS
47.47782259999996,-94.89637779999998,None,None,ZERO_RESULTS
47.47808648431612,-94.8853887181643,TaLyg_xQODVQYQJv1q4z9g,2022-09,
47.47808648431612,-94.8853887181643,TaLyg_xQODVQYQJv1q4z9g,2022-09,
47.47808648431612,-94.8853887181643,TaLyg_xQODVQYQJv1q4z9g,2022-09,
47.47813379402922,-94.88619463704713,bFEygh5Dg_gEAGqEU421HQ,2022-09,
47.47813379402922,-94.88619463704713,bFEygh5Dg_gEAGqEU421HQ,2022-09,
47.47809457549312,-94.88692351718444,OpT8q7TPUQljjlv4mEA5UA,2022-09,
47.47809457549312,-94.88692351718444,OpT8q7TPUQljjlv4mEA5UA,2022-09,
47.47809457549312,-94.88692351718444,OpT8q7TPUQljjlv4mEA5UA,2022-09,
47.47811071251376,-94.88846268912522,IWzvBjqKsiVEflS37ePUoQ,2022-09,
47.47811071251376,-94.88846268912522,IWzvBjqKsiVEflS37ePUoQ,2022-09,
47.47811071251376,-94.88846268912522,IWzvBjqKsiVEflS37ePUoQ,2022-09,
47.47811071251376,-94.88846268912522,IWzvBjqKsiVEflS37ePUoQ,2022-09,
47.47765531872833,-94.88922862467145,MO9rVcJrls_Q9fUvMD-3Aw,2022-09,
47.47805825842779,-94.88998597863754,G1vSiD-N38xKRz97tVan2A,2022-09,
47.47805825842779,-94.88998597863754,G1vSiD-N38xKRz97tVan2A,2022-09,
47.47805825842779,-94.88998597863754,G1vSiD-N38xKRz97tVan2A,2022-09,
47.47805825842779,-94.88998597863754,G1vSiD-N38xKRz97tVan2A,2022-09,
47.47810851017679,-94.8915000488333,XuYDkCXTi9h6fEo4szKVQg,2022-09,
47.47810851017679,-94.8915000488333,XuYDkCXTi9h6fEo4szKVQg,2022-09,
47.47810851017679,-94.8915000488333,XuYDkCXTi9h6fEo4szKVQg,2022-09,
47.47810851017679,-94.8915000488333,XuYDkCXTi9h6fEo4szKVQg,2022-09,
47.47765292775674,-94.89229805590081,DrK3icDA9FId9LQpBpEvAg,2022-09,
47.47807530926006,-94.89295795239741,vQKGsM9_GOUIgQTGr16DlA,2022-09,
47.47807530926006,-94.89295795239741,vQKGsM9_GOUIgQTGr16DlA,2022-09,
47.47807530926006,-94.89295795239741,vQKGsM9_GOUIgQTGr16DlA,2022-09,
47.47809229999996,-94.89363939999998,None,None,ZERO_RESULTS
47.47809229999996,-94.89398169999998,None,None,ZERO_RESULTS
47.47809229999996,-94.89432399999998,None,None,ZERO_RESULTS
47.47809229999996,-94.89466629999998,None,None,ZERO_RESULTS
47.47809229999996,-94.89500859999998,None,None,ZERO_RESULTS
47.47809229999996,-94.89535089999998,None,None,ZERO_RESULTS
47.47809229999996,-94.89569319999998,None,None,ZERO_RESULTS
47.47809229999996,-94.89603549999998,None,None,ZERO_RESULTS
47.47809229999996,-94.89637779999998,None,None,ZERO_RESULTS
47.47836091951994,-94.88538173917418,ZLOEJtfgh-Yrk8vutF4unA,2022-09,
47.47836091951994,-94.88538173917418,ZLOEJtfgh-Yrk8vutF4unA,2022-09,
47.47836091951994,-94.88538173917418,ZLOEJtfgh-Yrk8vutF4unA,2022-09,
47.47832043614753,-94.88619682146849,SKwzgrn1i4sln-FIpvdMlw,2022-09,
47.47832043614753,-94.88619682146849,SKwzgrn1i4sln-FIpvdMlw,2022-09,
47.47836978768831,-94.88692473041829,HpTzi9mLhiJgXLCxcqjUbQ,2022-09,
47.47836978768831,-94.88692473041829,HpTzi9mLhiJgXLCxcqjUbQ,2022-09,
47.4786286124909,-94.88752561800887,cDT4GBH6O8Q7fELZuU2sog,2022-09,
47.47863237227732,-94.88779489365528,xiSg9S2NdFVmn6XSpaM5dQ,2022-09,
47.47838785329828,-94.88845386500573,9AYxXU3CPkkq_gL0CGP7Dg,2022-09,
47.47838785329828,-94.88845386500573,9AYxXU3CPkkq_gL0CGP7Dg,2022-09,
47.47862548367562,-94.88888641545597,_Z8tdZx9sRGcGcLMBwhzkA,2022-09,
47.47862632504841,-94.88917656769505,_QsVJU1XF7SGVhocAXfMQA,2022-09,
47.47862771155919,-94.88958067396297,8b7nDJ7biaCOEMl2Lf_e6w,2022-09,
47.47833360564481,-94.8899893183644,2Alz2kl-oG4TYbABgeJGuQ,2022-09,
47.47833360564481,-94.8899893183644,2Alz2kl-oG4TYbABgeJGuQ,2022-09,
47.4786309714513,-94.89051642501872,nFNhYb8Dzr7wFE5D24O54A,2022-09,
47.47863268021871,-94.89093046148777,ZhqDJsrWQoTVpMB2TEJGyg,2022-09,
47.47838254844672,-94.89149538999438,ISAV9RrIcJw6aVRm3fuspw,2022-09,
47.47838254844672,-94.89149538999438,ISAV9RrIcJw6aVRm3fuspw,2022-09,
47.47864057431754,-94.89190683601768,M4bqkhXAnUJEWR3TjJE5Ow,2022-09,
47.47864611267107,-94.89232067751398,cJys0P37RX9WFyBy1o0kQQ,2022-09,
47.47836253981467,-94.89295886122017,i9jOMBEaJZNtspBw8cHKKQ,2022-09,
47.47836253981467,-94.89295886122017,i9jOMBEaJZNtspBw8cHKKQ,2022-09,
47.47836253981467,-94.89295886122017,i9jOMBEaJZNtspBw8cHKKQ,2022-09,
47.478361999999954,-94.89363939999998,None,None,ZERO_RESULTS
47.478361999999954,-94.89398169999998,None,None,ZERO_RESULTS
47.478361999999954,-94.89432399999998,None,None,ZERO_RESULTS
47.478361999999954,-94.89466629999998,None,None,ZERO_RESULTS
47.478361999999954,-94.89500859999998,None,None,ZERO_RESULTS
47.478361999999954,-94.89535089999998,None,None,ZERO_RESULTS
47.478361999999954,-94.89569319999998,None,None,ZERO_RESULTS
47.478361999999954,-94.89603549999998,None,None,ZERO_RESULTS
47.478361999999954,-94.89637779999998,None,None,ZERO_RESULTS
47.47862505273873,-94.88514979356724,bA8EoJiHauf5jMKDw6DHMA,2022-09,
47.47862552395437,-94.8854629580942,BobQv6lAbI_ackkZCfQFEQ,2022-09,
47.47862893187102,-94.88572299123689,2VP7ZIfy6F74HKu2zSMpMQ,2022-09,
47.47863322154145,-94.88605039730314,E-G8PsDoJPQxAE1dsLw7MQ,2022-09,
47.47862663737355,-94.88651332238764,3rzHqnn6z1yiftUCJBs5Cg,2022-09,
47.47861926662242,-94.88677799986142,dA65GKC8S62yX6sxm0PKJg,2022-09,
47.47861945717965,-94.8871152643208,1RLogtyuTNdplZEPXCER1w,2022-09,
47.4786286124909,-94.88752561800887,cDT4GBH6O8Q7fELZuU2sog,2022-09,
47.47863237227732,-94.88779489365528,xiSg9S2NdFVmn6XSpaM5dQ,2022-09,
47.47862731727238,-94.8881971037113,7G9Pti-HCjTHB43exSgxyg,2022-09,
47.47862424831843,-94.88845405005908,Sv2yeLTR7hQLSjnQrGP5Bg,2022-09,
47.47862548367562,-94.88888641545597,_Z8tdZx9sRGcGcLMBwhzkA,2022-09,
47.47862632504841,-94.88917656769505,_QsVJU1XF7SGVhocAXfMQA,2022-09,
47.47862771155919,-94.88958067396297,8b7nDJ7biaCOEMl2Lf_e6w,2022-09,
47.47862865046687,-94.88993011298886,t9YAygoP3lFn-NF1Dy3x9A,2022-09,
47.47862973322858,-94.8902233412653,QI7hfYI6njMsvRaaYlAJ4A,2022-09,
47.4786309714513,-94.89051642501872,nFNhYb8Dzr7wFE5D24O54A,2022-09,
47.47863268021871,-94.89093046148777,ZhqDJsrWQoTVpMB2TEJGyg,2022-09,
47.4786338159857,-94.89120302635591,HayY5uqgwwzJ2MrsW-DEeg,2022-09,
47.47863667826999,-94.89161458481775,LLZVuBLcS3Wz5igo4IO39A,2022-09,
47.47864057431754,-94.89190683601768,M4bqkhXAnUJEWR3TjJE5Ow,2022-09,
47.47864611267107,-94.89232067751398,cJys0P37RX9WFyBy1o0kQQ,2022-09,
47.47864974293338,-94.89259272734955,VaHi9IVi702MktDm7sbocg,2022-09,
47.47865359596176,-94.89288592913724,i_JogrjRo10AOK2psIiGEQ,2022-09,
47.47868545371504,-94.89295872046377,zMSdyaxok-XOzWFdWLXM9A,2022-09,
47.47863169999995,-94.89363939999998,None,None,ZERO_RESULTS
47.47863169999995,-94.89398169999998,None,None,ZERO_RESULTS
47.47863169999995,-94.89432399999998,None,None,ZERO_RESULTS
47.47863169999995,-94.89466629999998,None,None,ZERO_RESULTS
47.47863169999995,-94.89500859999998,None,None,ZERO_RESULTS
47.47863169999995,-94.89535089999998,None,None,ZERO_RESULTS
47.47863169999995,-94.89569319999998,None,None,ZERO_RESULTS
47.47863169999995,-94.89603549999998,None,None,ZERO_RESULTS
47.47863169999995,-94.89637779999998,None,None,ZERO_RESULTS
47.47888389435332,-94.88537873547689,u6Q47Ixk7DyI_raJOeIq4g,2022-09,
47.47888389435332,-94.88537873547689,u6Q47Ixk7DyI_raJOeIq4g,2022-09,
47.47888389435332,-94.88537873547689,u6Q47Ixk7DyI_raJOeIq4g,2022-09,
47.47863485019828,-94.88617776378817,SXqZq41xHubDpny8PrUIcQ,2022-09,
47.47863057220271,-94.88637159704253,DOAalDfNi4pg-PrxfuQPXw,2022-09,
47.4789250430665,-94.8869283310956,Zk3mbmBEwqHs6dCxT2WN2A,2022-09,
47.4789250430665,-94.8869283310956,Zk3mbmBEwqHs6dCxT2WN2A,2022-09,
47.4786286124909,-94.88752561800887,cDT4GBH6O8Q7fELZuU2sog,2022-09,
47.47863237227732,-94.88779489365528,xiSg9S2NdFVmn6XSpaM5dQ,2022-09,
47.47890275231577,-94.88845203441232,SFW3G5MVurmFBIcmcWliQw,2022-09,
47.47890275231577,-94.88845203441232,SFW3G5MVurmFBIcmcWliQw,2022-09,
47.47890275231577,-94.88845203441232,SFW3G5MVurmFBIcmcWliQw,2022-09,
47.47862632504841,-94.88917656769505,_QsVJU1XF7SGVhocAXfMQA,2022-09,
47.47862771155919,-94.88958067396297,8b7nDJ7biaCOEMl2Lf_e6w,2022-09,
47.47888146434183,-94.88999222206166,kXxLWJ4svvD1hVzzdbppDQ,2022-09,
47.47888146434183,-94.88999222206166,kXxLWJ4svvD1hVzzdbppDQ,2022-09,
47.4786309714513,-94.89051642501872,nFNhYb8Dzr7wFE5D24O54A,2022-09,
47.47863268021871,-94.89093046148777,ZhqDJsrWQoTVpMB2TEJGyg,2022-09,
47.4786338159857,-94.89120302635591,HayY5uqgwwzJ2MrsW-DEeg,2022-09,
47.47863667826999,-94.89161458481775,LLZVuBLcS3Wz5igo4IO39A,2022-09,
47.47864057431754,-94.89190683601768,M4bqkhXAnUJEWR3TjJE5Ow,2022-09,
47.47864611267107,-94.89232067751398,cJys0P37RX9WFyBy1o0kQQ,2022-09,
47.47888855229803,-94.89295157278748,vucLxJrD4gTCo3bAoMmyPA,2022-09,
47.47888855229803,-94.89295157278748,vucLxJrD4gTCo3bAoMmyPA,2022-09,
47.47888855229803,-94.89295157278748,vucLxJrD4gTCo3bAoMmyPA,2022-09,
47.47945688266631,-94.89345981870999,HQfBaNXElo_LtgQuEu7C4A,2022-09,
47.47945684108824,-94.89386363992672,aOAKvsNO8N5LYXJv9IQWHg,2022-09,
47.47945678936331,-94.89427118357231,at2uxlVtkm-ZTGRao08F3A,2022-09,
47.47945678936331,-94.89427118357231,at2uxlVtkm-ZTGRao08F3A,2022-09,
47.47890139999995,-94.89500859999998,None,None,ZERO_RESULTS
47.47890139999995,-94.89535089999998,None,None,ZERO_RESULTS
47.47890139999995,-94.89569319999998,None,None,ZERO_RESULTS
47.47890139999995,-94.89603549999998,None,None,ZERO_RESULTS
47.47890139999995,-94.89637779999998,None,None,ZERO_RESULTS
47.4791781109677,-94.88538302206638,1nMpkrDIcYrIZ7Qz9YtSYA,2022-09,
47.4791781109677,-94.88538302206638,1nMpkrDIcYrIZ7Qz9YtSYA,2022-09,
47.47939247429954,-94.8858108467395,Ur5ELAlnqKtgPSw1ki5XHA,2022-09,
47.47939603295732,-94.88607437457266,ZnvkphIQ5zQrlRpdb01Duw,2022-09,
47.47940388360614,-94.88648727369014,GLnwiZGxS1ma_I_bn9XxUA,2022-09,
47.47921927297745,-94.88693055813437,Az2o-nAy3AqJ6WLJqul9Rw,2022-09,
47.47921927297745,-94.88693055813437,Az2o-nAy3AqJ6WLJqul9Rw,2022-09,
47.47941982781451,-94.88744817799007,i1YvBITnokL03XB6AZApwA,2022-09,
47.47942458456104,-94.88784905156952,AwCgzWOh7ZQMqcyrFXlMLA,2022-09,
47.47917388336363,-94.88845757730112,EJ8-bYas2cnQHdedlDsoOg,2022-09,
47.47917388336363,-94.88845757730112,EJ8-bYas2cnQHdedlDsoOg,2022-09,
47.47917388336363,-94.88845757730112,EJ8-bYas2cnQHdedlDsoOg,2022-09,
47.47944158748629,-94.88920391891006,bCcsoJ2NGzWuLVMGly6kbA,2022-09,
47.47944548876612,-94.8894891552583,Pm36iWQb3t5zkIkTUrQ1vw,2022-09,
47.47916621862568,-94.88999146610216,uoDs4Mva3SR3gs2sC9yRNg,2022-09,
47.47916621862568,-94.88999146610216,uoDs4Mva3SR3gs2sC9yRNg,2022-09,
47.47944487712219,-94.8905122573242,VNlxmq2kw31lOIOGyULtTQ,2022-09,
47.47944113255235,-94.89085182273217,0WF-CROgDgzp29o6cYYO8Q,2022-09,
47.47944098385145,-94.89125837214131,k25d9U8sqPiZlkOdq-h_bg,2022-09,
47.47944087083049,-94.89153029869622,1t1-j1_-aPn1Py17GJGopQ,2022-09,
47.47944070000381,-94.8919408302178,QC376b0T_TgUueyTRv1yPA,2022-09,
47.4794405656672,-94.89221145909079,ttORU3zR8-Ud1qS00gKBpQ,2022-09,
47.47916851514558,-94.89294180005061,-4GcCj0VdaCJr05rffbWPg,2022-09,
47.47916851514558,-94.89294180005061,-4GcCj0VdaCJr05rffbWPg,2022-09,
47.47916851514558,-94.89294180005061,-4GcCj0VdaCJr05rffbWPg,2022-09,
47.47945687708469,-94.8936006857112,SV7KYIocAn4srLRibx_4Mg,2022-09,
47.47945684971872,-94.89399360789389,K4RmktPYnjL4zKwSK05j0w,2022-09,
47.47945678936331,-94.89427118357231,at2uxlVtkm-ZTGRao08F3A,2022-09,
47.47945675182096,-94.89468539595457,iF7wMKh0AC9gWyo-ZMl3TQ,2022-09,
47.47945677025479,-94.8949610855058,mEfu0yM4bK_KJN81d3ucgg,2022-09,
47.47945670835338,-94.89535998357763,smbN2fq317r54K-Q9zNHxg,2022-09,
47.47945668137189,-94.8957193457487,mRuO19_2nR5ctp46-SBWQw,2022-09,
47.47945661467298,-94.89601631365251,MbRK8YNgHV1aEDnSFI6Iqg,2022-09,
47.47945661467298,-94.89601631365251,MbRK8YNgHV1aEDnSFI6Iqg,2022-09,
47.47961366087289,-94.8851040033152,yf-cvkAjO52A1QbiU2G0Dg,2022-09,
47.47941857115127,-94.88538647611175,kviMfI9mNP6iPIWUnCdzfA,2022-09,
47.47939247429954,-94.8858108467395,Ur5ELAlnqKtgPSw1ki5XHA,2022-09,
47.47939603295732,-94.88607437457266,ZnvkphIQ5zQrlRpdb01Duw,2022-09,
47.47940388360614,-94.88648727369014,GLnwiZGxS1ma_I_bn9XxUA,2022-09,
47.47941106831153,-94.88681536304664,lJ9IuNi6u3AdUz4PjEDViA,2022-09,
47.47941687563422,-94.88720395305398,6ivo_expLAsbmFIUYSRXLg,2022-09,
47.47941982781451,-94.88744817799007,i1YvBITnokL03XB6AZApwA,2022-09,
47.47942458456104,-94.88784905156952,AwCgzWOh7ZQMqcyrFXlMLA,2022-09,
47.47942801231353,-94.88813843763585,p0LSg2LQ-DKQ7lN6m87rcg,2022-09,
47.47943297308605,-94.88854679287732,XLodkbyKrkVBuoJSnW-kuw,2022-09,
47.47943657027856,-94.88881631287812,eGo-HnbaflYh0LftXaiebg,2022-09,
47.47944158748629,-94.88920391891006,bCcsoJ2NGzWuLVMGly6kbA,2022-09,
47.47944548876612,-94.8894891552583,Pm36iWQb3t5zkIkTUrQ1vw,2022-09,
47.47945076878014,-94.88988814641898,zDmJEbQwdyV83rsVI_QTBQ,2022-09,
47.47944849683704,-94.89024777407836,g9GHyETIeWl0buUpkdixnw,2022-09,
47.47944487712219,-94.8905122573242,VNlxmq2kw31lOIOGyULtTQ,2022-09,
47.47944113255235,-94.89085182273217,0WF-CROgDgzp29o6cYYO8Q,2022-09,
47.47944098385145,-94.89125837214131,k25d9U8sqPiZlkOdq-h_bg,2022-09,
47.47944087083049,-94.89153029869622,1t1-j1_-aPn1Py17GJGopQ,2022-09,
47.47944070000381,-94.8919408302178,QC376b0T_TgUueyTRv1yPA,2022-09,
47.4794405656672,-94.89221145909079,ttORU3zR8-Ud1qS00gKBpQ,2022-09,
47.47944034089641,-94.89262319854193,MSr8el69fqnwf1sbvgWWVw,2022-09,
47.47944040386108,-94.89293842661438,8HORLaeJTVkJ-HGYlioTNQ,2012-07,
47.47945299672369,-94.8933292723276,7batzgwgKSwUskhrPHNSSQ,2022-09,
47.47945687708469,-94.8936006857112,SV7KYIocAn4srLRibx_4Mg,2022-09,
47.47945684971872,-94.89399360789389,K4RmktPYnjL4zKwSK05j0w,2022-09,
47.47945678936331,-94.89427118357231,at2uxlVtkm-ZTGRao08F3A,2022-09,
47.47945675182096,-94.89468539595457,iF7wMKh0AC9gWyo-ZMl3TQ,2022-09,
47.47945677025479,-94.8949610855058,mEfu0yM4bK_KJN81d3ucgg,2022-09,
47.47945670835338,-94.89535998357763,smbN2fq317r54K-Q9zNHxg,2022-09,
47.47945668137189,-94.8957193457487,mRuO19_2nR5ctp46-SBWQw,2022-09,
47.47945661467298,-94.89601631365251,MbRK8YNgHV1aEDnSFI6Iqg,2022-09,
47.47945661467298,-94.89601631365251,MbRK8YNgHV1aEDnSFI6Iqg,2022-09,
47.47961366087289,-94.8851040033152,yf-cvkAjO52A1QbiU2G0Dg,2022-09,
47.47974051834952,-94.88538799359814,o4bgqFVME6tMoRJMmZsVZg,2022-09,
47.47974051834952,-94.88538799359814,o4bgqFVME6tMoRJMmZsVZg,2022-09,
47.47939603295732,-94.88607437457266,ZnvkphIQ5zQrlRpdb01Duw,2022-09,
47.47940388360614,-94.88648727369014,GLnwiZGxS1ma_I_bn9XxUA,2022-09,
47.47941106831153,-94.88681536304664,lJ9IuNi6u3AdUz4PjEDViA,2022-09,
47.47941687563422,-94.88720395305398,6ivo_expLAsbmFIUYSRXLg,2022-09,
47.47941982781451,-94.88744817799007,i1YvBITnokL03XB6AZApwA,2022-09,
47.47942458456104,-94.88784905156952,AwCgzWOh7ZQMqcyrFXlMLA,2022-09,
47.47971537301621,-94.88846576102016,H8A8RhiwPMf3ai77hyqJKg,2022-09,
47.47971537301621,-94.88846576102016,H8A8RhiwPMf3ai77hyqJKg,2022-09,
47.47971537301621,-94.88846576102016,H8A8RhiwPMf3ai77hyqJKg,2022-09,
47.47944158748629,-94.88920391891006,bCcsoJ2NGzWuLVMGly6kbA,2022-09,
47.47944548876612,-94.8894891552583,Pm36iWQb3t5zkIkTUrQ1vw,2022-09,
47.47945076878014,-94.88988814641898,zDmJEbQwdyV83rsVI_QTBQ,2022-09,
47.47944849683704,-94.89024777407836,g9GHyETIeWl0buUpkdixnw,2022-09,
47.47974265251819,-94.89077288067341,tGP5ohjgK4OzPos91Sb0cg,2022-09,
47.47974265251819,-94.89077288067341,tGP5ohjgK4OzPos91Sb0cg,2022-09,
47.47944098385145,-94.89125837214131,k25d9U8sqPiZlkOdq-h_bg,2022-09,
47.47944087083049,-94.89153029869622,1t1-j1_-aPn1Py17GJGopQ,2022-09,
47.47944070000381,-94.8919408302178,QC376b0T_TgUueyTRv1yPA,2022-09,
47.4794405656672,-94.89221145909079,ttORU3zR8-Ud1qS00gKBpQ,2022-09,
47.47944034089641,-94.89262319854193,MSr8el69fqnwf1sbvgWWVw,2022-09,
47.47944040386108,-94.89293842661438,8HORLaeJTVkJ-HGYlioTNQ,2012-07,
47.47976756527698,-94.89344581115837,-kU0CfbRfNbaAlpoZmss0g,2022-09,
47.47976756527698,-94.89344581115837,-kU0CfbRfNbaAlpoZmss0g,2022-09,
47.47945684971872,-94.89399360789389,K4RmktPYnjL4zKwSK05j0w,2022-09,
47.47945678936331,-94.89427118357231,at2uxlVtkm-ZTGRao08F3A,2022-09,
47.47945675182096,-94.89468539595457,iF7wMKh0AC9gWyo-ZMl3TQ,2022-09,
47.47945677025479,-94.8949610855058,mEfu0yM4bK_KJN81d3ucgg,2022-09,
47.47945670835338,-94.89535998357763,smbN2fq317r54K-Q9zNHxg,2022-09,
47.47945668137189,-94.8957193457487,mRuO19_2nR5ctp46-SBWQw,2022-09,
47.47945661467298,-94.89601631365251,MbRK8YNgHV1aEDnSFI6Iqg,2022-09,
47.47945661467298,-94.89601631365251,MbRK8YNgHV1aEDnSFI6Iqg,2022-09,
47.48001181246857,-94.88538626953388,n049lo_S3-Cir7Lis04WCw,2022-09,
47.48001181246857,-94.88538626953388,n049lo_S3-Cir7Lis04WCw,2022-09,
47.48001181246857,-94.88538626953388,n049lo_S3-Cir7Lis04WCw,2022-09,
47.48001181246857,-94.88538626953388,n049lo_S3-Cir7Lis04WCw,2022-09,
47.48001181246857,-94.88538626953388,n049lo_S3-Cir7Lis04WCw,2022-09,
47.48028603477886,-94.88538452842919,QV2nhggeL12PgqqI6fGreA,2022-09,
47.47941687563422,-94.88720395305398,6ivo_expLAsbmFIUYSRXLg,2022-09,
47.47941687563422,-94.88720395305398,6ivo_expLAsbmFIUYSRXLg,2022-09,
47.47999555096775,-94.88846861691431,WjmiHMnGrDDra4zqPHW1NQ,2022-09,
47.47999555096775,-94.88846861691431,WjmiHMnGrDDra4zqPHW1NQ,2022-09,
47.47999555096775,-94.88846861691431,WjmiHMnGrDDra4zqPHW1NQ,2022-09,
47.47999555096775,-94.88846861691431,WjmiHMnGrDDra4zqPHW1NQ,2022-09,
47.48018063542448,-94.88847054586944,9yTQj8bWRIyHLlKl7qOGXA,2022-09,
47.47944548876612,-94.8894891552583,Pm36iWQb3t5zkIkTUrQ1vw,2022-09,
47.47945038824691,-94.89011537394309,our-6urVpe-zdLVK0aW6AQ,2022-09,
47.48002604754131,-94.89077068568177,JtVg_nK5ujR7TZJuNYDS6Q,2022-09,
47.48002604754131,-94.89077068568177,JtVg_nK5ujR7TZJuNYDS6Q,2022-09,
47.48002604754131,-94.89077068568177,JtVg_nK5ujR7TZJuNYDS6Q,2022-09,
47.48002604754131,-94.89077068568177,JtVg_nK5ujR7TZJuNYDS6Q,2022-09,
47.47992945740529,-94.89077139843933,LZWfcPmi-esJJv8dWuQA1g,2022-09,
47.4794405656672,-94.89221145909079,ttORU3zR8-Ud1qS00gKBpQ,2022-09,
47.4794405656672,-94.89221145909079,ttORU3zR8-Ud1qS00gKBpQ,2022-09,
47.48016846880036,-94.89344151192925,EucBX_HWhWPwRhzg8L3qTg,2022-09,
47.47998719681094,-94.89344341044223,MQMfhMNLDS4tsKtSmAIfDw,2022-09,
47.47998719681094,-94.89344341044223,MQMfhMNLDS4tsKtSmAIfDw,2022-09,
47.47998719681094,-94.89344341044223,MQMfhMNLDS4tsKtSmAIfDw,2022-09,
47.47998719681094,-94.89344341044223,MQMfhMNLDS4tsKtSmAIfDw,2022-09,
47.47945684971872,-94.89399360789389,K4RmktPYnjL4zKwSK05j0w,2022-09,
47.47945679351309,-94.89482160203438,xXaJ-xuk64kpHF2UQU3eHA,2022-09,
47.47945679351309,-94.89482160203438,xXaJ-xuk64kpHF2UQU3eHA,2022-09,
47.4794566105876,-94.89585640075128,a2Nicq3BHxkyIyEInbk6HQ,2022-09,
47.4794566105876,-94.89585640075128,a2Nicq3BHxkyIyEInbk6HQ,2022-09,
47.4794566105876,-94.89585640075128,a2Nicq3BHxkyIyEInbk6HQ,2022-09,
47.4794566105876,-94.89585640075128,a2Nicq3BHxkyIyEInbk6HQ,2022-09,
47.48028603477886,-94.88538452842919,QV2nhggeL12PgqqI6fGreA,2022-09,
47.48028603477886,-94.88538452842919,QV2nhggeL12PgqqI6fGreA,2022-09,
47.48028603477886,-94.88538452842919,QV2nhggeL12PgqqI6fGreA,2022-09,
47.48028603477886,-94.88538452842919,QV2nhggeL12PgqqI6fGreA,2022-09,
47.48028603477886,-94.88538452842919,QV2nhggeL12PgqqI6fGreA,2022-09,
47.48028603477886,-94.88538452842919,QV2nhggeL12PgqqI6fGreA,2022-09,
47.48028603477886,-94.88538452842919,QV2nhggeL12PgqqI6fGreA,2022-09,
47.48024989999993,-94.88747799999999,None,None,ZERO_RESULTS
47.48027317972958,-94.88847146738816,bJkYpBw0jpCaIkcrgO2DQw,2022-09,
47.48027317972958,-94.88847146738816,bJkYpBw0jpCaIkcrgO2DQw,2022-09,
47.48027317972958,-94.88847146738816,bJkYpBw0jpCaIkcrgO2DQw,2022-09,
47.48027317972958,-94.88847146738816,bJkYpBw0jpCaIkcrgO2DQw,2022-09,
47.48018063542448,-94.88847054586944,9yTQj8bWRIyHLlKl7qOGXA,2022-09,
47.48024989999993,-94.88953179999999,None,None,ZERO_RESULTS
47.48020234542211,-94.89076930183141,KJLDq6h-rONtmGUnKRuskw,2022-09,
47.48029316066908,-94.89076854870606,jEa2PswUhbaBw_qF8oFFKQ,2022-09,
47.48029316066908,-94.89076854870606,jEa2PswUhbaBw_qF8oFFKQ,2022-09,
47.48029316066908,-94.89076854870606,jEa2PswUhbaBw_qF8oFFKQ,2022-09,
47.48029316066908,-94.89076854870606,jEa2PswUhbaBw_qF8oFFKQ,2022-09,
47.48038352185888,-94.8907678905897,pOaiMXwTSeJ04W1EFYgO3A,2022-09,
47.48024989999993,-94.89192789999998,None,None,ZERO_RESULTS
47.48024989999993,-94.89227019999998,None,None,ZERO_RESULTS
47.48016846880036,-94.89344151192925,EucBX_HWhWPwRhzg8L3qTg,2022-09,
47.48025846827479,-94.89344053973312,swj282Ti_Oht1SKxMpAQrw,2022-09,
47.48025846827479,-94.89344053973312,swj282Ti_Oht1SKxMpAQrw,2022-09,
47.48025846827479,-94.89344053973312,swj282Ti_Oht1SKxMpAQrw,2022-09,
47.48025846827479,-94.89344053973312,swj282Ti_Oht1SKxMpAQrw,2022-09,
47.48024989999993,-94.89432399999998,None,None,ZERO_RESULTS
47.48024989999993,-94.89466629999998,None,None,ZERO_RESULTS
47.47945672588583,-94.89522768005831,Y9o7Nmg9sMsdap0Szqxz4A,2022-09,
47.47945672588583,-94.89522768005831,Y9o7Nmg9sMsdap0Szqxz4A,2022-09,
47.47945672588583,-94.89522768005831,Y9o7Nmg9sMsdap0Szqxz4A,2022-09,
47.48024989999993,-94.89603549999998,None,None,ZERO_RESULTS
47.48024989999993,-94.89637779999998,None,None,ZERO_RESULTS
47.48059091721402,-94.8851173380734,ixgVzjxU3onvBL2vNQ0pRw,2022-09,
47.48056490941352,-94.88538280656451,Qh8BgOfZbUzhx655eEjfaw,2022-09,
47.48056490941352,-94.88538280656451,Qh8BgOfZbUzhx655eEjfaw,2022-09,
47.48047200069111,-94.88538338905711,PrSACXneaKl-sL8HpNLAPw,2022-09,
47.48047200069111,-94.88538338905711,PrSACXneaKl-sL8HpNLAPw,2022-09,
47.48134744894472,-94.88716590401961,AWhL434p6bAhWhxVDZAaAA,2022-09,
47.48134744894472,-94.88716590401961,AWhL434p6bAhWhxVDZAaAA,2022-09,
47.48134744894472,-94.88716590401961,AWhL434p6bAhWhxVDZAaAA,2022-09,
47.48055133501295,-94.88847432141364,5lYF0pXzHk2KxqcfVAonyA,2022-09,
47.48055133501295,-94.88847432141364,5lYF0pXzHk2KxqcfVAonyA,2022-09,
47.48055133501295,-94.88847432141364,5lYF0pXzHk2KxqcfVAonyA,2022-09,
47.48055133501295,-94.88847432141364,5lYF0pXzHk2KxqcfVAonyA,2022-09,
47.48064410342671,-94.88847528126453,oWnkL4N6orubPuI8mLKu7A,2022-09,
47.48051959999993,-94.88953179999999,None,None,ZERO_RESULTS
47.48052049191887,-94.89076684583937,oLJwdvPVERWjAh8Lc-UIsA,2022-09,
47.48052049191887,-94.89076684583937,oLJwdvPVERWjAh8Lc-UIsA,2022-09,
47.48052049191887,-94.89076684583937,oLJwdvPVERWjAh8Lc-UIsA,2022-09,
47.48052049191887,-94.89076684583937,oLJwdvPVERWjAh8Lc-UIsA,2022-09,
47.48052049191887,-94.89076684583937,oLJwdvPVERWjAh8Lc-UIsA,2022-09,
47.48038352185888,-94.8907678905897,pOaiMXwTSeJ04W1EFYgO3A,2022-09,
47.48051959999993,-94.89192789999998,None,None,ZERO_RESULTS
47.48051959999993,-94.89227019999998,None,None,ZERO_RESULTS
47.48016846880036,-94.89344151192925,EucBX_HWhWPwRhzg8L3qTg,2022-09,
47.48052936874494,-94.89343760484805,r567AFyTKMWz8Agd62oABQ,2022-09,
47.48052936874494,-94.89343760484805,r567AFyTKMWz8Agd62oABQ,2022-09,
47.48052936874494,-94.89343760484805,r567AFyTKMWz8Agd62oABQ,2022-09,
47.48052936874494,-94.89343760484805,r567AFyTKMWz8Agd62oABQ,2022-09,
47.48052936874494,-94.89343760484805,r567AFyTKMWz8Agd62oABQ,2022-09,
47.48051959999993,-94.89466629999998,None,None,ZERO_RESULTS
47.47945672588583,-94.89522768005831,Y9o7Nmg9sMsdap0Szqxz4A,2022-09,
47.47945672588583,-94.89522768005831,Y9o7Nmg9sMsdap0Szqxz4A,2022-09,
47.47945672588583,-94.89522768005831,Y9o7Nmg9sMsdap0Szqxz4A,2022-09,
47.48051959999993,-94.89603549999998,None,None,ZERO_RESULTS
47.48051959999993,-94.89637779999998,None,None,ZERO_RESULTS
47.48083271966269,-94.88490965873203,aWE_YcyvW9RqD3C2T5Nx_Q,2022-09,
47.48074706437988,-94.88538308940849,gihIdS_u9hEvpGBPwIjI5A,2022-09,
47.48074706437988,-94.88538308940849,gihIdS_u9hEvpGBPwIjI5A,2022-09,
47.48101690602201,-94.88538388324295,FSvq0KKOFevVa7Dhn42GKA,2022-09,
47.48133798271733,-94.88648266445273,5L_jVX28NuFmwamYCZtJ9w,2022-09,
47.48134553764537,-94.88702757367471,0sHcT6xCdPY6nc0KUHtQcA,2022-09,
47.48134744894472,-94.88716590401961,AWhL434p6bAhWhxVDZAaAA,2022-09,
47.48135118760602,-94.88743571627678,MuOGcY4pY3uwVAmQ8RXEuQ,2022-09,
47.48083046738505,-94.88847716982774,w28yWDsD-ZOaHMnDhUYeTQ,2022-09,
47.48083046738505,-94.88847716982774,w28yWDsD-ZOaHMnDhUYeTQ,2022-09,
47.48083046738505,-94.88847716982774,w28yWDsD-ZOaHMnDhUYeTQ,2022-09,
47.48083046738505,-94.88847716982774,w28yWDsD-ZOaHMnDhUYeTQ,2022-09,
47.48083046738505,-94.88847716982774,w28yWDsD-ZOaHMnDhUYeTQ,2022-09,
47.48078929999993,-94.88953179999999,None,None,ZERO_RESULTS
47.48078820711249,-94.89076472504276,Wc1lVClSYTwnU9lj446wGg,2022-09,
47.48078820711249,-94.89076472504276,Wc1lVClSYTwnU9lj446wGg,2022-09,
47.48078820711249,-94.89076472504276,Wc1lVClSYTwnU9lj446wGg,2022-09,
47.48078820711249,-94.89076472504276,Wc1lVClSYTwnU9lj446wGg,2022-09,
47.48078820711249,-94.89076472504276,Wc1lVClSYTwnU9lj446wGg,2022-09,
47.48038352185888,-94.8907678905897,pOaiMXwTSeJ04W1EFYgO3A,2022-09,
47.48078929999993,-94.89192789999998,None,None,ZERO_RESULTS
47.48140295456439,-94.89278420875328,hvEEfiAl3xEmT_-eeaCx5A,2022-09,
47.48089605764257,-94.89343348055637,OJFjp9dPRS_9bTDu9IZh6Q,2022-09,
47.48079952580342,-94.89343454177812,WBnRReJx_XFf8W7AQRHXAg,2022-09,
47.48079952580342,-94.89343454177812,WBnRReJx_XFf8W7AQRHXAg,2022-09,
47.48079952580342,-94.89343454177812,WBnRReJx_XFf8W7AQRHXAg,2022-09,
47.48079952580342,-94.89343454177812,WBnRReJx_XFf8W7AQRHXAg,2022-09,
47.48052936874494,-94.89343760484805,r567AFyTKMWz8Agd62oABQ,2022-09,
47.48078929999993,-94.89466629999998,None,None,ZERO_RESULTS
47.47945672588583,-94.89522768005831,Y9o7Nmg9sMsdap0Szqxz4A,2022-09,
47.47945672588583,-94.89522768005831,Y9o7Nmg9sMsdap0Szqxz4A,2022-09,
47.47945672588583,-94.89522768005831,Y9o7Nmg9sMsdap0Szqxz4A,2022-09,
47.48078929999993,-94.89603549999998,None,None,ZERO_RESULTS
47.48078929999993,-94.89637779999998,None,None,ZERO_RESULTS
47.48110377900488,-94.88492415400302,ZIVhFWwbEG34v8Iudyt0-w,2022-09,
47.48101690602201,-94.88538388324295,FSvq0KKOFevVa7Dhn42GKA,2022-09,
47.48101690602201,-94.88538388324295,FSvq0KKOFevVa7Dhn42GKA,2022-09,
47.48133219436049,-94.8860688827648,yWzLG_B-icSko-GGMAbDzA,2022-09,
47.48133798271733,-94.88648266445273,5L_jVX28NuFmwamYCZtJ9w,2022-09,
47.48134179661015,-94.8867560329814,DSxCKun72W6TzeflTrsLsQ,2022-09,
47.48134744894472,-94.88716590401961,AWhL434p6bAhWhxVDZAaAA,2022-09,
47.48135118760602,-94.88743571627678,MuOGcY4pY3uwVAmQ8RXEuQ,2022-09,
47.48135683702571,-94.88784031495841,VqcrBgODzhtpaFXvLCq8Gw,2022-09,
47.48101420679203,-94.88847904022674,fPQ5qFUA8pf-dLPEkOrwew,2022-09,
47.48101420679203,-94.88847904022674,fPQ5qFUA8pf-dLPEkOrwew,2022-09,
47.48110480136887,-94.8884799727433,SsRfGu_3JSIqokaXhHOHBg,2022-09,
47.48137417474173,-94.8892102913406,IeOhIt110DwlgD2KMITpwA,2022-09,
47.48137730000879,-94.88947853929378,4fWCERqIXQcDu8Yn5HcwJw,2022-09,
47.48138201001014,-94.8898874074542,TIA2kVa0lbj-4EvpTqiKRQ,2022-09,
47.48138500274068,-94.89014992575724,Fy8rfgIgNW21gnStKEy2cw,2022-09,
47.48106282739874,-94.89076257862355,bMfjHb5Be9vxSqiv_fb0xA,2022-09,
47.48106282739874,-94.89076257862355,bMfjHb5Be9vxSqiv_fb0xA,2022-09,
47.48106282739874,-94.89076257862355,bMfjHb5Be9vxSqiv_fb0xA,2022-09,
47.48139651484448,-94.89158551134048,Ce9jQph5nLHB8zL0ql3ftw,2022-09,
47.48139873783671,-94.89198566376125,IJqXhq_mT5L0b1yUU4JIwA,2022-09,
47.48140015140233,-94.89224991276465,LTHUjOSyS67Em7pHUoZbww,2022-09,
47.48140223510546,-94.89265151793349,v4M84DC4T2n3FscwuNVjZw,2022-09,
47.48108168944225,-94.89343146513156,AOs6TCU5i3VeOXKYNRL5iA,2022-09,
47.48108168944225,-94.89343146513156,AOs6TCU5i3VeOXKYNRL5iA,2022-09,
47.48108168944225,-94.89343146513156,AOs6TCU5i3VeOXKYNRL5iA,2022-09,
47.48108168944225,-94.89343146513156,AOs6TCU5i3VeOXKYNRL5iA,2022-09,
47.481058999999924,-94.89432399999998,None,None,ZERO_RESULTS
47.481058999999924,-94.89466629999998,None,None,ZERO_RESULTS
47.481058999999924,-94.89500859999998,None,None,ZERO_RESULTS
47.481058999999924,-94.89535089999998,None,None,ZERO_RESULTS
47.481058999999924,-94.89569319999998,None,None,ZERO_RESULTS
47.481058999999924,-94.89603549999998,None,None,ZERO_RESULTS
47.481058999999924,-94.89637779999998,None,None,ZERO_RESULTS
47.48129620567536,-94.88491936116851,2471Qd52DRi-T9e5QX6JEg,2022-09,
47.48128592242328,-94.88538470816681,6PMOrMnCgYoyVsp71H5T8g,2022-09,
47.48132835771086,-94.88579248623847,0nXddbiIi9EcLb-vX07FAQ,2022-09,
47.48133219436049,-94.8860688827648,yWzLG_B-icSko-GGMAbDzA,2022-09,
47.48133798271733,-94.88648266445273,5L_jVX28NuFmwamYCZtJ9w,2022-09,
47.48134179661015,-94.8867560329814,DSxCKun72W6TzeflTrsLsQ,2022-09,
47.48134744894472,-94.88716590401961,AWhL434p6bAhWhxVDZAaAA,2022-09,
47.48135118760602,-94.88743571627678,MuOGcY4pY3uwVAmQ8RXEuQ,2022-09,
47.48135683702571,-94.88784031495841,VqcrBgODzhtpaFXvLCq8Gw,2022-09,
47.48136068656918,-94.88811629339091,tcokUot6PP9G7Uplq05Z_Q,2022-09,
47.48135243386657,-94.88848260345613,n-eDGMonPtJsTdqKhoZOXw,2018-09,
47.48136947049906,-94.88879770957658,EwwDZLlM5EDxScr0rUk_eA,2022-09,
47.48137417474173,-94.8892102913406,IeOhIt110DwlgD2KMITpwA,2022-09,
47.48137730000879,-94.88947853929378,4fWCERqIXQcDu8Yn5HcwJw,2022-09,
47.48138201001014,-94.8898874074542,TIA2kVa0lbj-4EvpTqiKRQ,2022-09,
47.48138500274068,-94.89014992575724,Fy8rfgIgNW21gnStKEy2cw,2022-09,
47.48139022387245,-94.89059955590174,XqOE7jJgZ5mPhAdsVkc6zw,2022-09,
47.48139282094877,-94.89088892071628,CPPsZJkwS45dNcsD8KUQrg,2022-09,
47.48139432676526,-94.89117394644727,mjeSP41s81xIrtoBJBLs5w,2022-09,
47.48139651484448,-94.89158551134048,Ce9jQph5nLHB8zL0ql3ftw,2022-09,
47.48139873783671,-94.89198566376125,IJqXhq_mT5L0b1yUU4JIwA,2022-09,
47.48140015140233,-94.89224991276465,LTHUjOSyS67Em7pHUoZbww,2022-09,
47.48140223510546,-94.89265151793349,v4M84DC4T2n3FscwuNVjZw,2022-09,
47.48140367263409,-94.89291516905851,lnOx5mQNGm1IL38e-UqTAw,2022-09,
47.48140596001287,-94.89335064938747,TeYPhwRQfYAQtrHyztGQrw,2022-09,
47.48135994851383,-94.89342849574463,aQpNgEy1T-uhxLIFWpfG1w,2022-09,
47.48135994851383,-94.89342849574463,aQpNgEy1T-uhxLIFWpfG1w,2022-09,
47.48132869999992,-94.89432399999998,None,None,ZERO_RESULTS
47.48132869999992,-94.89466629999998,None,None,ZERO_RESULTS
47.48132869999992,-94.89500859999998,None,None,ZERO_RESULTS
47.48132869999992,-94.89535089999998,None,None,ZERO_RESULTS
47.48132869999992,-94.89569319999998,None,None,ZERO_RESULTS
47.48132869999992,-94.89603549999998,None,None,ZERO_RESULTS
47.48132869999992,-94.89637779999998,None,None,ZERO_RESULTS
47.48159784416559,-94.88502103588893,6fOp2lRF8fgk8hRGtni6ow,2022-09,
47.4816029861671,-94.88538841299365,Z3_-I2kTxoIo5RuzJp-iuA,2022-09,
47.4816029861671,-94.88538841299365,Z3_-I2kTxoIo5RuzJp-iuA,2022-09,
47.48133219436049,-94.8860688827648,yWzLG_B-icSko-GGMAbDzA,2022-09,
47.48133798271733,-94.88648266445273,5L_jVX28NuFmwamYCZtJ9w,2022-09,
47.48134179661015,-94.8867560329814,DSxCKun72W6TzeflTrsLsQ,2022-09,
47.48134744894472,-94.88716590401961,AWhL434p6bAhWhxVDZAaAA,2022-09,
47.48135118760602,-94.88743571627678,MuOGcY4pY3uwVAmQ8RXEuQ,2022-09,
47.48135683702571,-94.88784031495841,VqcrBgODzhtpaFXvLCq8Gw,2022-09,
47.48161007879082,-94.88848271330986,h2V9nbiCFfD_F3_SPmXZGg,2022-09,
47.48161007879082,-94.88848271330986,h2V9nbiCFfD_F3_SPmXZGg,2022-09,
47.48136947049906,-94.88879770957658,EwwDZLlM5EDxScr0rUk_eA,2022-09,
47.48137417474173,-94.8892102913406,IeOhIt110DwlgD2KMITpwA,2022-09,
47.48137730000879,-94.88947853929378,4fWCERqIXQcDu8Yn5HcwJw,2022-09,
47.48138201001014,-94.8898874074542,TIA2kVa0lbj-4EvpTqiKRQ,2022-09,
47.48138667674827,-94.8902902148565,VmPjU0IOaNUdJRsT5B23yA,2022-09,
47.48162689956084,-94.89076247637875,jlrmm_wqOn7XJiLOErCAIQ,2022-09,
47.48162689956084,-94.89076247637875,jlrmm_wqOn7XJiLOErCAIQ,2022-09,
47.48139509095147,-94.8913144284518,6n_T-qs4Bgwznn5UV0Gatw,2022-09,
47.48139651484448,-94.89158551134048,Ce9jQph5nLHB8zL0ql3ftw,2022-09,
47.48139873783671,-94.89198566376125,IJqXhq_mT5L0b1yUU4JIwA,2022-09,
47.48140015140233,-94.89224991276465,LTHUjOSyS67Em7pHUoZbww,2022-09,
47.48140223510546,-94.89265151793349,v4M84DC4T2n3FscwuNVjZw,2022-09,
47.48140367263409,-94.89291516905851,lnOx5mQNGm1IL38e-UqTAw,2022-09,
47.48163290118253,-94.89342859445715,9a8bfOlrvRx9L-WtV1aEBQ,2022-09,
47.48163290118253,-94.89342859445715,9a8bfOlrvRx9L-WtV1aEBQ,2022-09,
47.48163290118253,-94.89342859445715,9a8bfOlrvRx9L-WtV1aEBQ,2022-09,
47.48159839999992,-94.89432399999998,None,None,ZERO_RESULTS
47.48159839999992,-94.89466629999998,None,None,ZERO_RESULTS
47.48159839999992,-94.89500859999998,None,None,ZERO_RESULTS
47.48159839999992,-94.89535089999998,None,None,ZERO_RESULTS
47.48159839999992,-94.89569319999998,None,None,ZERO_RESULTS
47.48159839999992,-94.89603549999998,None,None,ZERO_RESULTS
47.48159839999992,-94.89637779999998,None,None,ZERO_RESULTS
47.48187364259162,-94.88490492162492,ozzebzCl93JKkeES1A37XQ,2022-09,
47.48187410753773,-94.885396260441,wdm3977hbltu5IzsqTNnTQ,2022-09,
47.48187410753773,-94.885396260441,wdm3977hbltu5IzsqTNnTQ,2022-09,
47.48187410753773,-94.885396260441,wdm3977hbltu5IzsqTNnTQ,2022-09,
47.48187410753773,-94.885396260441,wdm3977hbltu5IzsqTNnTQ,2022-09,
47.481868099999915,-94.88679339999999,None,None,ZERO_RESULTS
47.481868099999915,-94.88713569999999,None,None,ZERO_RESULTS
47.48135500005663,-94.88770554278469,Mfy8eCNu_gpt5qTkKxvzDg,2022-09,
47.48188573672733,-94.8884827142097,F5iGCYyW21eb8vdftHaDOQ,2022-09,
47.48188573672733,-94.8884827142097,F5iGCYyW21eb8vdftHaDOQ,2022-09,
47.48188573672733,-94.8884827142097,F5iGCYyW21eb8vdftHaDOQ,2022-09,
47.48188573672733,-94.8884827142097,F5iGCYyW21eb8vdftHaDOQ,2022-09,
47.48137417474173,-94.8892102913406,IeOhIt110DwlgD2KMITpwA,2022-09,
47.48137417474173,-94.8892102913406,IeOhIt110DwlgD2KMITpwA,2022-09,
47.48138201001014,-94.8898874074542,TIA2kVa0lbj-4EvpTqiKRQ,2022-09,
47.48190340846613,-94.89076541232211,pr94xWOw4rwxvjgYarKMKw,2022-09,
47.48190340846613,-94.89076541232211,pr94xWOw4rwxvjgYarKMKw,2022-09,
47.48190340846613,-94.89076541232211,pr94xWOw4rwxvjgYarKMKw,2022-09,
47.48190340846613,-94.89076541232211,pr94xWOw4rwxvjgYarKMKw,2022-09,
47.48190340846613,-94.89076541232211,pr94xWOw4rwxvjgYarKMKw,2022-09,
47.481868099999915,-94.89192789999998,None,None,ZERO_RESULTS
47.48140157042025,-94.89251753892343,BTYGNfQ1SBMbvZdXfVBhXw,2022-09,
47.48140157042025,-94.89251753892343,BTYGNfQ1SBMbvZdXfVBhXw,2022-09,
47.48190470138878,-94.89342936007345,P1uI5R0IfxMzuMOR32TCkw,2022-09,
47.48190470138878,-94.89342936007345,P1uI5R0IfxMzuMOR32TCkw,2022-09,
47.48190470138878,-94.89342936007345,P1uI5R0IfxMzuMOR32TCkw,2022-09,
47.48190470138878,-94.89342936007345,P1uI5R0IfxMzuMOR32TCkw,2022-09,
47.48199562453794,-94.89342967073006,pk0008amgfSuPRWCMFElmQ,2022-09,
47.481868099999915,-94.89466629999998,None,None,ZERO_RESULTS
47.481868099999915,-94.89500859999998,None,None,ZERO_RESULTS
47.481868099999915,-94.89535089999998,None,None,ZERO_RESULTS
47.481868099999915,-94.89569319999998,None,None,ZERO_RESULTS
47.481868099999915,-94.89603549999998,None,None,ZERO_RESULTS
47.481868099999915,-94.89637779999998,None,None,ZERO_RESULTS
47.48215617639335,-94.884914376534,BR22H6qi0g9_FdxUP7AH5Q,2022-09,
47.48214627677535,-94.88540420094634,jkx9SZH9kA0BpD616wag7w,2022-09,
47.48214627677535,-94.88540420094634,jkx9SZH9kA0BpD616wag7w,2022-09,
47.48214627677535,-94.88540420094634,jkx9SZH9kA0BpD616wag7w,2022-09,
47.48213779999991,-94.88645109999999,None,None,ZERO_RESULTS
47.48213779999991,-94.88679339999999,None,None,ZERO_RESULTS
47.48213779999991,-94.88713569999999,None,None,ZERO_RESULTS
47.48213779999991,-94.88747799999999,None,None,ZERO_RESULTS
47.48214676540122,-94.88848271216604,dq27H1KrlVZXj_yuvtRRbQ,2022-09,
47.48214676540122,-94.88848271216604,dq27H1KrlVZXj_yuvtRRbQ,2022-09,
47.48214676540122,-94.88848271216604,dq27H1KrlVZXj_yuvtRRbQ,2022-09,
47.48214676540122,-94.88848271216604,dq27H1KrlVZXj_yuvtRRbQ,2022-09,
47.48213779999991,-94.88918949999999,None,None,ZERO_RESULTS
47.48213779999991,-94.88953179999999,None,None,ZERO_RESULTS
47.48208782181734,-94.89076741100625,Jq5IWvyC3FvsqI-IBXto_A,2022-09,
47.48217639242599,-94.89076834813936,Kd_Z5yoH_i5ZBCZvm0j2gQ,2022-09,
47.48217639242599,-94.89076834813936,Kd_Z5yoH_i5ZBCZvm0j2gQ,2022-09,
47.48217639242599,-94.89076834813936,Kd_Z5yoH_i5ZBCZvm0j2gQ,2022-09,
47.48217639242599,-94.89076834813936,Kd_Z5yoH_i5ZBCZvm0j2gQ,2022-09,
47.48190340846613,-94.89076541232211,pr94xWOw4rwxvjgYarKMKw,2022-09,
47.48213779999991,-94.89192789999998,None,None,ZERO_RESULTS
47.48213779999991,-94.89227019999998,None,None,ZERO_RESULTS
47.48190470138878,-94.89342936007345,P1uI5R0IfxMzuMOR32TCkw,2022-09,
47.48208910229283,-94.89342990120682,QTvGzcsqI7IBnj7YzYB38Q,2022-09,
47.48208910229283,-94.89342990120682,QTvGzcsqI7IBnj7YzYB38Q,2022-09,
47.48208910229283,-94.89342990120682,QTvGzcsqI7IBnj7YzYB38Q,2022-09,
47.48208910229283,-94.89342990120682,QTvGzcsqI7IBnj7YzYB38Q,2022-09,
47.48199562453794,-94.89342967073006,pk0008amgfSuPRWCMFElmQ,2022-09,
47.48213779999991,-94.89466629999998,None,None,ZERO_RESULTS
47.48213779999991,-94.89500859999998,None,None,ZERO_RESULTS
47.48213779999991,-94.89535089999998,None,None,ZERO_RESULTS
47.48311767577054,-94.89620602818178,_GxFxHfHcLgAgVAi5Ccnhw,2022-09,
47.48311767577054,-94.89620602818178,_GxFxHfHcLgAgVAi5Ccnhw,2022-09,
47.48311767577054,-94.89620602818178,_GxFxHfHcLgAgVAi5Ccnhw,2022-09,
47.48243169230569,-94.88491423461164,2qbpDQmEoyOX1_pjq4nDvg,2022-09,
47.48242774220874,-94.88541235202496,BCZzOFt_cXZ6aVRPS2prTA,2022-09,
47.48242774220874,-94.88541235202496,BCZzOFt_cXZ6aVRPS2prTA,2022-09,
47.48242774220874,-94.88541235202496,BCZzOFt_cXZ6aVRPS2prTA,2022-09,
47.48242774220874,-94.88541235202496,BCZzOFt_cXZ6aVRPS2prTA,2022-09,
47.48303428024341,-94.88694902219913,jj_8nO6oOib-qrWpBngOGA,2022-09,
47.48303428024341,-94.88694902219913,jj_8nO6oOib-qrWpBngOGA,2022-09,
47.48304524359667,-94.88750372307638,e4f1NkxuRzssgX7rWycJaQ,2022-09,
47.48240846941489,-94.88848273921526,zUpDolawmrEkRN9emhAGlA,2022-09,
47.48240846941489,-94.88848273921526,zUpDolawmrEkRN9emhAGlA,2022-09,
47.48240846941489,-94.88848273921526,zUpDolawmrEkRN9emhAGlA,2022-09,
47.48240846941489,-94.88848273921526,zUpDolawmrEkRN9emhAGlA,2022-09,
47.48306389561163,-94.88884301091309,6HXWdqvGLkvS3FnBkcFM7Q,2022-09,
47.48306951341031,-94.88968669554322,UheHPkEN6TRr6HRlVsEmmA,2022-09,
47.48241068717356,-94.89077069478701,GqT0HU0hRIKUtPrKOcbkJg,2022-09,
47.48241068717356,-94.89077069478701,GqT0HU0hRIKUtPrKOcbkJg,2022-09,
47.48241068717356,-94.89077069478701,GqT0HU0hRIKUtPrKOcbkJg,2022-09,
47.48241068717356,-94.89077069478701,GqT0HU0hRIKUtPrKOcbkJg,2022-09,
47.48241068717356,-94.89077069478701,GqT0HU0hRIKUtPrKOcbkJg,2022-09,
47.48240749999991,-94.89158559999998,None,None,ZERO_RESULTS
47.48309119557708,-94.89219513235425,OmIOMmAlXn8hYo60eTT6qQ,2022-09,
47.48309119557708,-94.89219513235425,OmIOMmAlXn8hYo60eTT6qQ,2022-09,
47.48309858756132,-94.89273093723776,mAjvGLBkSF8cUfQVIXgf4g,2022-09,
47.4824095934949,-94.89343081403915,XajpUuyacq2HPa-iE3bIqA,2022-09,
47.4824095934949,-94.89343081403915,XajpUuyacq2HPa-iE3bIqA,2022-09,
47.4824095934949,-94.89343081403915,XajpUuyacq2HPa-iE3bIqA,2022-09,
47.4824095934949,-94.89343081403915,XajpUuyacq2HPa-iE3bIqA,2022-09,
47.48250037222109,-94.89343101311965,-lIIkucEiyk-LxhhewXQ6Q,2022-09,
47.48250037222109,-94.89343101311965,-lIIkucEiyk-LxhhewXQ6Q,2022-09,
47.48240749999991,-94.89500859999998,None,None,ZERO_RESULTS
47.48240749999991,-94.89535089999998,None,None,ZERO_RESULTS
47.48311767577054,-94.89620602818178,_GxFxHfHcLgAgVAi5Ccnhw,2022-09,
47.48311767577054,-94.89620602818178,_GxFxHfHcLgAgVAi5Ccnhw,2022-09,
47.48311767577054,-94.89620602818178,_GxFxHfHcLgAgVAi5Ccnhw,2022-09,
47.48270163837269,-94.88490396538711,vMPsOZJCG6SMRvxBuMKV2Q,2022-09,
47.4826565271017,-94.88541899076624,mAdXg7S7Y06JQ2t7cb4v8A,2022-09,
47.4826565271017,-94.88541899076624,mAdXg7S7Y06JQ2t7cb4v8A,2022-09,
47.48301737759885,-94.88609324063415,BfZXQom99h4j65Q7PBstFg,2022-09,
47.48302372792415,-94.88641455903252,ZVeSrd38zF8O0TLiDxEdWg,2022-09,
47.48303161681118,-94.88681600714503,Bwn8Kk7egWSV0eKWoQ173w,2022-09,
47.48303689594618,-94.88708315429545,MgRM84tLsXucqov_ptyS9A,2022-09,
47.48304524359667,-94.88750372307638,e4f1NkxuRzssgX7rWycJaQ,2022-09,
47.48305092606012,-94.8877895469901,Zsb0hkiAgn2fbvfTjHzTEw,2022-09,
47.48269246173158,-94.88848269906782,B3hgXKK9iXd--2TXTOPWRw,2022-09,
47.48269246173158,-94.88848269906782,B3hgXKK9iXd--2TXTOPWRw,2022-09,
47.48269246173158,-94.88848269906782,B3hgXKK9iXd--2TXTOPWRw,2022-09,
47.48306608344982,-94.88913153126516,rPumIDko5oxvHMzvtP20Vg,2022-09,
47.4830688484985,-94.88954735284848,80bvC7Ku4EiL_CUoYvdwYg,2022-09,
47.48307020742292,-94.88982535139534,b6TwN97EeHf9a-UD2lTKJg,2022-09,
47.48269042143172,-94.89077375120107,rgOmN79hGhaLnx1dlJfAxg,2022-09,
47.48269042143172,-94.89077375120107,rgOmN79hGhaLnx1dlJfAxg,2022-09,
47.48269042143172,-94.89077375120107,rgOmN79hGhaLnx1dlJfAxg,2022-09,
47.48269042143172,-94.89077375120107,rgOmN79hGhaLnx1dlJfAxg,2022-09,
47.48308380004588,-94.89159071105148,scrtrPJt-tpoUsYoUj0oAw,2022-09,
47.48308680802803,-94.89185983228269,-3a0aGK3URch0CYQ9HVD4g,2022-09,
47.48309119557708,-94.89219513235425,OmIOMmAlXn8hYo60eTT6qQ,2022-09,
47.48309673860005,-94.89259657421736,dnHTw4TuR_XyFUxWaG1ytQ,2022-09,
47.48268267500022,-94.89343153926494,Q7lP52S4BuCm8pnR-XAtGw,2022-09,
47.48268267500022,-94.89343153926494,Q7lP52S4BuCm8pnR-XAtGw,2022-09,
47.48268267500022,-94.89343153926494,Q7lP52S4BuCm8pnR-XAtGw,2022-09,
47.48268267500022,-94.89343153926494,Q7lP52S4BuCm8pnR-XAtGw,2022-09,
47.48311144205413,-94.89436655658552,vlY8lNDukVgtcgl2PucqtA,2022-09,
47.48311237673676,-94.89464191452882,JFqJvhm4ZSRxETrq0oTYgQ,2022-09,
47.48311379395241,-94.89505192811707,vxyCnfUg1F9kl5q0kK9hMg,2022-09,
47.48311463899279,-94.8953240725898,Lhfb55tWLItBsqiEUOwNnw,2022-09,
47.48311618462828,-94.8957626731078,8nKq0WGI5Y2PFncJlBVfDQ,2022-09,
47.48311719681761,-94.8960589958464,MocIJiCNBNFlwFAP_3okrA,2022-09,
47.48311821666476,-94.89635687953385,rodFo4W4ppPXNNS_DUKCSw,2022-09,
47.48300197409338,-94.88502938560416,LwbH77fZFrSIjSPKpibh4g,2022-09,
47.48297276559038,-94.88542817636639,n7j2tS99SrTz0glQpdKTww,2022-09,
47.48301240092596,-94.88584008161565,mgwf-bMxI04sAbOk0DMxqg,2022-09,
47.48301737759885,-94.88609324063415,BfZXQom99h4j65Q7PBstFg,2022-09,
47.48302372792415,-94.88641455903252,ZVeSrd38zF8O0TLiDxEdWg,2022-09,
47.48303161681118,-94.88681600714503,Bwn8Kk7egWSV0eKWoQ173w,2022-09,
47.48303689594618,-94.88708315429545,MgRM84tLsXucqov_ptyS9A,2022-09,
47.48304524359667,-94.88750372307638,e4f1NkxuRzssgX7rWycJaQ,2022-09,
47.48305092606012,-94.8877895469901,Zsb0hkiAgn2fbvfTjHzTEw,2022-09,
47.48305962830587,-94.88822991172934,sskmx-boCV4DeTfS_8CoGA,2022-09,
47.48289797209613,-94.88848268164388,aN5Arsunc6WyuYEBaLUnzg,2022-09,
47.48306389561163,-94.88884301091309,6HXWdqvGLkvS3FnBkcFM7Q,2022-09,
47.48306608344982,-94.88913153126516,rPumIDko5oxvHMzvtP20Vg,2022-09,
47.4830688484985,-94.88954735284848,80bvC7Ku4EiL_CUoYvdwYg,2022-09,
47.48307020742292,-94.88982535139534,b6TwN97EeHf9a-UD2lTKJg,2022-09,
47.48307219909785,-94.89023637353863,ZWuQOnvdPmSIptc6MwyQ7Q,2022-09,
47.48307349257455,-94.89050882680661,6C57d61S05jhiSo9Rg_m8g,2022-09,
47.48296708496387,-94.89077671245622,-MXYCzKSEh5geixNWsnjqg,2022-09,
47.48307933259206,-94.89118859739361,QSYTVFkJ0tagg9QfZCHCqQ,2022-09,
47.48308380004588,-94.89159071105148,scrtrPJt-tpoUsYoUj0oAw,2022-09,
47.48308680802803,-94.89185983228269,-3a0aGK3URch0CYQ9HVD4g,2022-09,
47.48309304016056,-94.89232784926506,f_hNri9Whfl_rSOvgsXAGQ,2022-09,
47.48309673860005,-94.89259657421736,dnHTw4TuR_XyFUxWaG1ytQ,2022-09,
47.48310234845535,-94.89300521366407,BJrr1LwOjVHFDQGMUx8IaQ,2022-09,
47.48295718049213,-94.89343233580767,fxiON6_LBsXFlEoC7UwKeg,2022-09,
47.48295718049213,-94.89343233580767,fxiON6_LBsXFlEoC7UwKeg,2022-09,
47.48310999547055,-94.89393958222786,jBdKjb1nmLfesZS60NAIVA,2022-09,
47.48311144205413,-94.89436655658552,vlY8lNDukVgtcgl2PucqtA,2022-09,
47.48311237673676,-94.89464191452882,JFqJvhm4ZSRxETrq0oTYgQ,2022-09,
47.48311379395241,-94.89505192811707,vxyCnfUg1F9kl5q0kK9hMg,2022-09,
47.48311463899279,-94.8953240725898,Lhfb55tWLItBsqiEUOwNnw,2022-09,
47.48311618462828,-94.8957626731078,8nKq0WGI5Y2PFncJlBVfDQ,2022-09,
47.48311719681761,-94.8960589958464,MocIJiCNBNFlwFAP_3okrA,2022-09,
47.48311821666476,-94.89635687953385,rodFo4W4ppPXNNS_DUKCSw,2022-09,
