47.59935522735925,-122.3271839355558,uORR2V5PoQAPE4IpCgyetg,2021-12,
47.59922426440333,-122.3243869180019,PG_J1QEA9cSz2LYz6VIgJA,2023-02,
47.59937008819556,-122.3274214172542,DKNKtjM_IaBA-zqhll1uTA,2021-12,
47.59929409366385,-122.326364040623,Y1_bvkzMnqEwJTCURmdGaQ,2021-07,
47.59922828342673,-122.3252456599085,sEB6N6-yRg_N6OhDn7yqwg,2023-02,
47.59923170890977,-122.3258574239299,OjuGgcxWBXbySSGnLHlKng,2023-02,
47.59923810823233,-122.3261421942921,i61DOP2kFFlxiX4-k3GQUA,2023-02,
47.59934488645646,-122.3250642242044,1aT6mDhIVdwM-B0CCtxxaA,2018-09,
47.59933571431613,-122.3276623396766,kQGWE09WOSlj17Up-rK4mQ,2021-12,
47.59938270107653,-122.3257098468915,8W5IL5DwSMpgqGgu2p_LHA,2021-12,
47.59922560070618,-122.3246585872183,1VDvGx2vlRmNmRe_AuEY9w,2023-02,
47.59924470220383,-122.3268080838556,9Jx1fKISx6UfLtQ2Hy7nRA,2023-02,
47.59919910453431,-122.3280608327419,CTC58hnubFt0VXrtPiicjQ,2023-02,
47.59919917281893,-122.3283120897931,g4JrUjjz1lWGXWdFywZzsQ,2023-02,
47.59932754849357,-122.3302756163747,KamF_C6stEGHEXcIlaWmtg,2021-07,
47.59932754849357,-122.3302756163747,KamF_C6stEGHEXcIlaWmtg,2021-07,
47.59935977177185,-122.3309285340325,CP5jZo5kEZQ3hrgwHAV6XA,2021-12,
47.59935977177185,-122.3309285340325,CP5jZo5kEZQ3hrgwHAV6XA,2021-12,
47.59930489554034,-122.3290230728234,lpoWy0hh8MYW7TYN7uQL8w,2023-02,
47.59920156058218,-122.3313506895363,9dpqHwJ60BcW7EQUwc_T4g,2021-12,
47.59919888404495,-122.3285928611859,LokrV-WJgjdA3FP0ARRCtQ,2023-02,
47.59932182532385,-122.3297874083615,-0AIKeu50IQaEqmPd7kZTg,2023-02,
47.60264996318042,-122.3340773109536,VYPN--10O_-yBe8e4xSi5g,2021-12,
47.59920028023546,-122.3295218821472,HP_4hZDGezdJS7oMihOyxw,2023-02,
47.59930489554034,-122.3290230728234,lpoWy0hh8MYW7TYN7uQL8w,2023-02,
47.59920499199163,-122.3322331224796,VcbEdXKJm4JfeOPRxmuMOg,2021-12,
47.59933452274591,-122.3315884682593,WbFcAL3QzLR1Qo8yWXNRUQ,2021-12,
47.59920188919379,-122.3325859125568,8oGeu6a5pKipkp4LiGCQxA,2021-12,
47.59925230082676,-122.3337083421214,UFurLaiJMcgBg7-0DvxecA,2022-09,
47.59935489472321,-122.3342583451768,08ER_4S85I-gML1AlbHbeQ,2021-12,
47.59931751896399,-122.3328911425009,gCPIR01jZA1MuFPfEVEifw,2022-09,
47.5993133632071,-122.3348531706509,j_wGPpDKTwHX4LEUGpT8HQ,2019-06,
47.59920459069794,-122.3319964799711,kZFKTyoTrB5uOo-hQu_JBQ,2021-12,
47.59938120392209,-122.3356857935077,dL1uxXexOyi3ZclA2zI2sQ,2023-02,
47.59930593383575,-122.3359152954756,px2s3fmzKm9hSksZUaPnyA,2023-02,
47.59924710672402,-122.3331275359927,J7N-6mKqrv2Zo6WdYcXm6A,2022-09,
47.5993133632071,-122.3348531706509,j_wGPpDKTwHX4LEUGpT8HQ,2019-06,
47.5992086732113,-122.3353163085612,-2uSa1k6z4qAWM18ayYOdg,2022-09,
47.60256196146652,-122.3351129501164,CovfdmPP3aBVIqVbA3FPAA,2021-07,
47.60263715945248,-122.3351836446248,y1323w4IKNOhQjoYVwh8pg,2021-07,
47.5995664797372,-122.3243235406281,wigjmfQppj14gVZKH_Duvw,2021-12,
47.59933071298405,-122.3341366798439,nSsrnfqO9RsDzKUVr02KKw,2023-02,
47.59925011209597,-122.3335357304188,R6zQ7yOM43sLq6kLWBSEdw,2022-09,
47.60257567213699,-122.3358341041649,khE3jFLrG0XeUFZ4WR2HsA,2021-07,
47.5995664797372,-122.3243235406281,wigjmfQppj14gVZKH_Duvw,2021-12,
47.5995625947413,-122.3263637743281,1Jn-U2bXRmuHUp97O9cRuA,2021-07,
47.59959907713336,-122.3250608182622,q_NxXk_84HFCmLOp85RCAA,2021-07,
47.59964804972368,-122.3257081751173,rBOQrTEgaPDvFYEg1FLVlQ,2021-12,
47.59968941801453,-122.3253564294535,4qMjjpihIQsq7UIOLsf_3Q,2021-12,
47.59964678234081,-122.3271869157697,7aEBE7aimSqk-arST0Q6oQ,2021-12,
47.59963047420819,-122.3274392179849,dCFKMWJwBYMEvk5EoW5gVQ,2021-12,
47.5995625947413,-122.3263637743281,1Jn-U2bXRmuHUp97O9cRuA,2021-07,
47.59964678234081,-122.3271869157697,7aEBE7aimSqk-arST0Q6oQ,2021-12,
47.60279482053559,-122.3242834818369,vgcXqsWVdfMXHVYKQ3bbcg,2019-05,
47.5995895244553,-122.327662809262,tzBgB2zs7WQ8PBkdJmAU3Q,2021-07,
47.59919917281893,-122.3283120897931,g4JrUjjz1lWGXWdFywZzsQ,2023-02,
47.60260020606862,-122.3343346343374,xfSO0JJOFTWLZzwjYIOuPQ,2021-12,
47.59958824057419,-122.3290125917671,MGBChF0Yy_Uf2HIbFd6A2g,2023-02,
47.60279482053559,-122.3242834818369,vgcXqsWVdfMXHVYKQ3bbcg,2019-05,
47.59969140731095,-122.3256353062089,-cGKDo2RPQTcf7f28nTm4g,2021-12,
47.59958824057419,-122.3290125917671,MGBChF0Yy_Uf2HIbFd6A2g,2023-02,
47.59960659042122,-122.3315793054578,xBPEvPkY873eOt6YuCR2TA,2021-12,
47.59968933383808,-122.3312775125901,I72wyuK5zDPi3O9YR6pD1Q,2021-12,
47.5996336510636,-122.3276673540717,9YRAA7D2-EGBTnIuW3pJiw,2021-07,
47.59950822521914,-122.3299548387138,RqmahU9o_ZDv3cNNiWJ0zA,2023-02,
47.59940796286127,-122.3298647527181,E_fWx-z50caU7fDZcPN7ng,2023-02,
47.59955034112683,-122.330926239048,OPfC453ISyOS9k6k2czrNA,2021-12,
47.59956801411952,-122.3322324452752,HfofiWLXFnqqeA2Xbxzexw,2019-06,
47.59968889910265,-122.3309934872484,Q1X9UzpNirNKZwBAoROWGQ,2021-12,
47.59956801411952,-122.3322324452752,HfofiWLXFnqqeA2Xbxzexw,2019-06,
47.59962043668424,-122.3302871181568,Iw7LSA_apSUFyAZOnfzdSg,2021-07,
47.5995910236155,-122.3328883032105,ql8Nkd3pfuuiGhC6VRprnw,2022-09,
47.59965289959389,-122.3301042702674,mYD4YGagSa2R81nPXuUk7g,2023-02,
47.59961442000755,-122.3359155398182,Ka_JXQhtwCEfHeZgPaBioA,2023-02,
47.5995910236155,-122.3328883032105,ql8Nkd3pfuuiGhC6VRprnw,2022-09,
47.59925011209597,-122.3335357304188,R6zQ7yOM43sLq6kLWBSEdw,2022-09,
47.5995910236155,-122.3328883032105,ql8Nkd3pfuuiGhC6VRprnw,2022-09,
47.59965405897753,-122.335675486265,3d505JBg_mNd4diIGhpASw,2023-02,
47.60002837329175,-122.3246473315837,KqDZwZHt5J3nN316dP2iiA,2021-07,
47.59964807190492,-122.3342580817863,JbTgP2NMighNvM4DW5_Jpw,2021-12,
47.599878813929,-122.3250615015311,I1sdVnS-VE1srZMtK4rsoQ,2021-07,
47.59956784539388,-122.3348536710621,zzHg3TPMTdben5x9u_gZlA,2019-06,
47.59984471702899,-122.3253074028504,YWFxRtNZ4LJqK5seEVI7lA,2021-12,
47.59956235277142,-122.3356789282737,j_9tlq6ifUGhFsgOxKKreQ,2023-02,
47.59959842717638,-122.3341328582073,m5BFr4Lh9yu8YLWef8gqsQ,2023-02,
47.60002943537086,-122.3243813105356,U_kZyDDQaBjgu011hEWq_w,2021-07,
47.59956784539388,-122.3348536710621,zzHg3TPMTdben5x9u_gZlA,2019-06,
47.60287928600818,-122.3255009213906,lZ5hJ0FVNaUWjivZbdTh5A,2023-02,
47.59959842717638,-122.3341328582073,m5BFr4Lh9yu8YLWef8gqsQ,2023-02,
47.60003834001121,-122.3267521092075,n9Sedtny14NARBs2woGD8g,2021-07,
47.60005254485797,-122.3283122303587,1mNT33RjVhQ5i1GKvo_6kQ,2016-09,
47.59986486544513,-122.3257085195285,o8Mq2wBPiIsiSuS4JhUYyA,2021-12,
47.59979985157641,-122.3302671662623,TKisrMYOXMlh9b6zbE7Tqw,2023-02,
47.59958824057419,-122.3290125917671,MGBChF0Yy_Uf2HIbFd6A2g,2023-02,
47.60277886404002,-122.325913013444,cU8bD7jnBkd_Yr9d-AKjkA,2023-05,
47.59986707873104,-122.3263623319877,dZbpYjQNgq9yaz5ounVcWw,2021-07,
47.59987887560668,-122.3303376420639,7IxWlllTPSzP61OzN0jXog,2023-02,
47.60004789333519,-122.3298878109092,_ktf-NU9K5TVP2hO7TECuA,2021-07,
47.59989502009134,-122.3290110464132,FjYgI57XDkYaFCyCoKtOaQ,2023-02,
47.599847240471,-122.3256235839526,NUyzelPNt8l7sQCigBfqUQ,2021-12,
47.59986707873104,-122.3263623319877,dZbpYjQNgq9yaz5ounVcWw,2021-07,
47.59989502009134,-122.3290110464132,FjYgI57XDkYaFCyCoKtOaQ,2023-02,
47.59988950409313,-122.3309198316774,FzfeoCzmwPSj_j02nPeX5Q,2021-12,
47.60004920853999,-122.3285719065754,siljl2W7H8UsWK-UICmCBA,2021-07,
47.59983607790427,-122.3272332169037,504zTfxNUEGJTsUi8V7-3w,2021-12,
47.6000500587399,-122.3280389302934,UUCjYFD1fFjUjAceZf45WQ,2021-07,
47.59986406845375,-122.3328856012443,SqoMVr1a9Ihd4WN_NqtOtg,2022-09,
47.60004689739956,-122.3334627425579,mv71uBWcBCpv2bR_whHLgw,2021-12,
47.60004559883318,-122.3295574156805,N_iWia0Ua4aT2FzVatK37Q,2021-07,
47.59986357934787,-122.331420383592,-8ZUsHm0J1Omv2QNM-qdLg,2021-12,
47.59988840575584,-122.331575292046,6-2JXOHc-jfFFa8eLuWGyQ,2021-12,
47.59989929932298,-122.3276660739907,C7HizKa-F3YdTkhAFEltyg,2021-07,
47.59986204207311,-122.330964262656,dgYXc4H3ymPNZbk-1pz5Pw,2021-12,
47.59983519582011,-122.3342569226097,FEYwiLs7cOGMGsA-8PjpaQ,2021-12,
47.59983998312602,-122.3273555857395,eaSszWspM_eNZFv9ENAOpQ,2021-12,
47.60004646763197,-122.3331598871962,nMYgKS3JeOw7DvE6ylScjQ,2021-12,
47.60003834152995,-122.3320040425399,3c2HoxoCyhQOVa_Aoo0yug,2021-12,
47.59992306173378,-122.3341282776065,rmOWYabVyw2BtU68ITPV0Q,2023-02,
47.59984482382777,-122.3348546800107,w8SV6xYcXLTpOPWWUzl2aQ,2019-06,
47.59984482382777,-122.3348546800107,w8SV6xYcXLTpOPWWUzl2aQ,2019-06,
47.59983970787471,-122.3356684042201,_Yi1aTzi3dd_wNTZiQT8Ew,2023-02,
47.60279482658692,-122.3265277419927,A-U7Js0c9PPKuKFEeY98NQ,2023-08,
47.60004670158742,-122.3338277860725,DZoONTqzYBIRCpyfWL0qjQ,2021-12,
47.60003181469195,-122.325927344284,fjoLZjFmcY9wnMmAezjT5w,2021-07,
47.60004287965161,-122.3271472999063,v6AqBYC7jSTHw2mH3gqBOw,2021-12,
47.60004012704544,-122.3325986120266,jwqULb52pO-idwMwWYHEew,2021-12,
47.60005879109192,-122.3353218704799,9sbfhkhG0mWuj0PG4eeMaw,2021-12,
47.60003018884676,-122.3255995614825,vCnztxnEnHtfvxRib-kz6w,2021-07,
47.6001380859221,-122.3283161361597,9ITELwNzbMopSjjighjKxQ,2019-05,
47.60003834001121,-122.3267521092075,n9Sedtny14NARBs2woGD8g,2021-07,
47.60002760405183,-122.3249060538088,TyI5EIrlHig-3ch5n2h2hQ,2021-07,
47.59982802279963,-122.3322318447972,wwNTve3IXDZ-yOAwMDX4ig,2019-06,
47.60003306070063,-122.3261844358133,Y0yU4jykxPjeFhDyFfrfSQ,2021-07,
47.6000500587399,-122.3280389302934,UUCjYFD1fFjUjAceZf45WQ,2021-07,
47.59990021763569,-122.3359158949903,ZewE7irNjdolo0ysFUgacA,2023-02,
47.60012511401265,-122.3263626582863,Ww9XnoAqUuFj6eeT_XW6Yg,2021-12,
47.60004487132757,-122.3273513469859,-UcrBUEr7HW0SouN349AqQ,2021-07,
47.60004559883318,-122.3295574156805,N_iWia0Ua4aT2FzVatK37Q,2021-07,
47.60002837329175,-122.3246473315837,KqDZwZHt5J3nN316dP2iiA,2021-07,
47.60002874691168,-122.3253287610539,dBmNeoK8cT20gdF6wABkfg,2021-07,
47.60015037451817,-122.3290092849636,ZMEoUzt0PCYS8BVIBfDByg,2023-02,
47.60016875856776,-122.3276670296305,OFnvzIH0UskYgsot-MB0Uw,2021-07,
47.60004920853999,-122.3285719065754,siljl2W7H8UsWK-UICmCBA,2021-07,
47.60004552870595,-122.3310863026075,r7-giWvaUfC7IammfI1jJA,2021-12,
47.60004789333519,-122.3298878109092,_ktf-NU9K5TVP2hO7TECuA,2021-07,
47.60003834152995,-122.3320040425399,3c2HoxoCyhQOVa_Aoo0yug,2021-12,
47.60005007112354,-122.3301514632768,wIMkMtt7uhYeiq4xiOIVFA,2021-07,
47.60002943537086,-122.3243813105356,U_kZyDDQaBjgu011hEWq_w,2021-07,
47.60013745110916,-122.3305423805521,Gmj53d5ZN6GvGd7greEtRw,2023-02,
47.60010170442205,-122.3322263265898,m1z_TH2jOnGsT0P-Warakg,2019-06,
47.60004181929833,-122.3291598426907,3-yr_KdnO8Xb2dxY0QlB2A,2021-07,
47.60275773858925,-122.3275822095223,BNcrnshFdieVH23yzCqgmw,2019-05,
47.60005420384245,-122.330739150318,OTDaAmC4mDfmjQfAIUEgSQ,2021-12,
47.60004012704544,-122.3325986120266,jwqULb52pO-idwMwWYHEew,2021-12,
47.60011985870489,-122.3315761747004,mU2E19tWderHic4zEcJ46g,2021-07,
47.6000399070556,-122.3314020123893,0-BeRF9QFDirDNNDl0N5tQ,2021-12,
47.60015010141463,-122.3342511214831,gLr8urUQg-rJgI4s3gKRTQ,2021-07,
47.60004670158742,-122.3338277860725,DZoONTqzYBIRCpyfWL0qjQ,2021-12,
47.60283123374079,-122.3276511499098,6yH6IWT_x8RqiEjL5TvhcQ,2019-05,
47.60005849671146,-122.3350533464655,iD4e6A8bw7gAyWuwRLrCng,2021-12,
47.60002837329175,-122.3246473315837,KqDZwZHt5J3nN316dP2iiA,2021-07,
47.60005879109192,-122.3353218704799,9sbfhkhG0mWuj0PG4eeMaw,2021-12,
47.60012147412037,-122.3328821282711,etchprt_wNMreShb7n7MCg,2022-09,
47.60002760405183,-122.3249060538088,TyI5EIrlHig-3ch5n2h2hQ,2021-07,
47.60004646763197,-122.3331598871962,nMYgKS3JeOw7DvE6ylScjQ,2021-12,
47.60002943537086,-122.3243813105356,U_kZyDDQaBjgu011hEWq_w,2021-07,
47.60014386712225,-122.3348437759144,vzk6zGKj4Nwu2oJgdngsww,2019-05,
47.600170225627,-122.335909060473,KOtsdq4fJZ23HMWK_ono6Q,2023-02,
47.60011840947804,-122.3356626303702,9ifhpOobLmfGM2pGXtJRqQ,2023-02,
47.60298356959789,-122.3277940878402,MdlFh433PsCtCl0wUingvw,2019-05,
47.60004689739956,-122.3334627425579,mv71uBWcBCpv2bR_whHLgw,2021-12,
47.60042741196755,-122.3290042440622,daYxgn5685LBEyOZid4wrw,2023-02,
47.60038813785872,-122.3263659929645,mxd5cDQMZmOjzMXhf8pCgA,2021-12,
47.60002874691168,-122.3253287610539,dBmNeoK8cT20gdF6wABkfg,2021-07,
47.60003018884676,-122.3255995614825,vCnztxnEnHtfvxRib-kz6w,2021-07,
47.60071076791907,-122.3269786924943,zgSnhuZYkJnVaSya3XQ9CQ,2019-05,
47.6003847893217,-122.3276685553458,nP7S6N62CsdshOKCgJgqtQ,2021-07,
47.6001620270055,-122.3341217846257,mfZ0XPjLUCC6iqBl6tKwEA,2023-02,
47.60054214904069,-122.3286367082837,EAzYSePIuHFn0CkJGI7y3Q,2019-05,
47.60056977620012,-122.3281121326154,2EtLdIxVoBykMCVDDGIYtQ,2019-05,
47.60042741196755,-122.3290042440622,daYxgn5685LBEyOZid4wrw,2023-02,
47.60041176944826,-122.3283105920314,YEupq5HmdzXL2bGTwltkpw,2019-05,
47.60038813785872,-122.3263659929645,mxd5cDQMZmOjzMXhf8pCgA,2021-12,
47.60068091505136,-122.3268556287024,ilNho7bOJtErqWLTFQTbrg,2019-05,
47.6004317238445,-122.3302786788982,6RlHiMQcQ3TnAXZgHuc4qw,2021-07,
47.60038813785872,-122.3263659929645,mxd5cDQMZmOjzMXhf8pCgA,2021-12,
47.6003847893217,-122.3276685553458,nP7S6N62CsdshOKCgJgqtQ,2021-07,
47.60042741196755,-122.3290042440622,daYxgn5685LBEyOZid4wrw,2023-02,
47.6004317238445,-122.3302786788982,6RlHiMQcQ3TnAXZgHuc4qw,2021-07,
47.60041820731353,-122.3315759442313,s7nNmRGSVsdsnE5p7VdgjA,2021-07,
47.60042351633598,-122.3341127943606,o8o1KQ31umK02_isC_gpzg,2023-02,
47.60286802220064,-122.3288648333022,xx-mj2gBmxJ_sazp-Zr69A,2021-12,
47.60281285673509,-122.3254175142556,I8k3pSriL3wEPg-B_ab1Aw,2023-02,
47.60274630627043,-122.3291754604451,uzmV3_-0wmlM03UWxMP3XA,2021-12,
47.60041795064704,-122.3342452943829,9GuuSfyBlg2tbqT_C32SDw,2021-07,
47.60041820731353,-122.3315759442313,s7nNmRGSVsdsnE5p7VdgjA,2021-07,
47.60028228509977,-122.3322252356412,VQRYA0YNnjv5-VplnbovXw,2019-06,
47.6004317238445,-122.3302786788982,6RlHiMQcQ3TnAXZgHuc4qw,2021-07,
47.60028228509977,-122.3322252356412,VQRYA0YNnjv5-VplnbovXw,2019-06,
47.60051522257527,-122.3308970365093,1nLjX7476mFj5WwhXtpmFQ,2023-02,
47.60038209425488,-122.3328769482783,CRqvRzmi5OF_D-EoWjIVJQ,2022-09,
47.60038209425488,-122.3328769482783,CRqvRzmi5OF_D-EoWjIVJQ,2022-09,
47.60042351633598,-122.3341127943606,o8o1KQ31umK02_isC_gpzg,2023-02,
47.60283143647941,-122.3299298318559,YgZI5byWxd9tuIHySgXesw,2023-02,
47.60038850318782,-122.3356671952933,C0iKLjULPV7cKgJGbRl63Q,2023-02,
47.60087336070755,-122.3253033577455,uU8spvh3x0kWl2DRJqI_4g,2017-07,
47.60036322948054,-122.3307607379725,6TNfa7yIRe2tB9s0BPE4tA,2023-02,
47.60004689739956,-122.3334627425579,mv71uBWcBCpv2bR_whHLgw,2021-12,
47.60044253077483,-122.3359021036899,ZutzeguIbYqxug32ht7EPA,2023-02,
47.60087670020755,-122.3258387459939,HiPIpAtM7nJR4i_sqkg7BA,2019-05,
47.60083345247361,-122.324077747275,FZ6Ies_qabdSzuOVRFTrvA,2023-08,
47.60087233775868,-122.3251407901869,Wrfo3N_S2CNhuNgcrjTqfw,2008-06,
47.60038850318782,-122.3356671952933,C0iKLjULPV7cKgJGbRl63Q,2023-02,
47.60042155524185,-122.3348398910847,C3fcQINaxGD17h7v5-pWWQ,2019-05,
47.60042155524185,-122.3348398910847,C3fcQINaxGD17h7v5-pWWQ,2019-05,
47.60038209425488,-122.3328769482783,CRqvRzmi5OF_D-EoWjIVJQ,2022-09,
47.60071076791907,-122.3269786924943,zgSnhuZYkJnVaSya3XQ9CQ,2019-05,
47.6008750356883,-122.3255779341745,KcK9GG5FklrRWVTSwBu3nw,2019-05,
47.60298017042022,-122.330070667705,geZNlZjcr3zFVGWet_BvXw,2023-02,
47.60068729695361,-122.3263697921697,Zm1PCIMcA9cplyYDrKpWgw,2021-12,
47.60087233775868,-122.3251407901869,Wrfo3N_S2CNhuNgcrjTqfw,2008-06,
47.60068339731867,-122.3267286368439,tbvpea0KkmfHIAAX5IzY8w,2019-05,
47.60066027057849,-122.3276634078239,xSvPrHAObjRJuLu5Zr-5uw,2021-07,
47.6007175676332,-122.3285689574364,zx_vf7cGgW32COgvRBdeVw,2019-05,
47.60068610836496,-122.326591367996,leXUCfPHPvjd4SKK6FmSng,2019-05,
47.60068461845847,-122.3322239890788,hefo9eLt7szY6_icKi2KVQ,2019-06,
47.60065015758373,-122.3290017146471,Xg4QAc_sD2ryfl-dcInnCw,2023-02,
47.60070645638943,-122.3302727415929,mv-tfNn8l6QVdlx50nKyXQ,2021-07,
47.60087286188519,-122.3298948617126,ZEHzTghDSlLW7U2Q_C0FCw,2021-07,
47.60069992750986,-122.3278962206468,Vw_DuLV2QCo4kV2nAcNV8w,2019-05,
47.60071879779052,-122.3288470385106,vc20XXHKgzMLI6ZwY9BKJA,2019-05,
47.60070645638943,-122.3302727415929,mv-tfNn8l6QVdlx50nKyXQ,2021-07,
47.60087498894762,-122.3294544033657,ESrdZjZaUABUPDtTrQt9ww,2021-12,
47.60069355041258,-122.3283164955232,IDTh4ax9n66Q9OnkbQBFYQ,2019-05,
47.60088269452326,-122.3352435536797,elIi0Q0khZq587iJWROCaQ,2021-12,
47.60059054089592,-122.3309646859165,Vo5KuLzG5ZeiIRkSfrLj-A,2023-02,
47.60087796195391,-122.3267699014037,fM9iO0g9IFWE9Ig_MewnKw,2021-07,
47.60068461845847,-122.3322239890788,hefo9eLt7szY6_icKi2KVQ,2019-06,
47.60098936625633,-122.324276166211,NDTlpr6pBlUhYkTSHiDqRQ,2023-08,
47.60069374540117,-122.3342460911069,_jQY_F1x94ETxnslNqxzXw,2021-07,
47.60070298625762,-122.3359133823973,SuIdn6_ho-3TuMoydcC61g,2023-02,
47.60087336070755,-122.3253033577455,uU8spvh3x0kWl2DRJqI_4g,2017-07,
47.60087937347256,-122.3262136146574,9LZ0Z9C-IWDTAP_wFGcCvg,2019-05,
47.60297885460784,-122.3309115085785,7g0VFvXt5thziubE1Ud3dw,2021-12,
47.60070039729892,-122.3341096138055,bopNg94FSsqZrPAke3dmbQ,2023-02,
47.60087343662325,-122.3282881530005,cUOGl_uboRaNpobcXlsPMA,2021-07,
47.60100121089712,-122.3291446007273,0Q4cgyhQV1WWA0eowrUjdQ,2021-12,
47.60097005222333,-122.328984834264,jf9Wtlz6okmqgr_6DNdYCw,2023-02,
47.60087470908705,-122.3273580196657,B9nrknFB7kZJ_SpbjS9WXw,2021-07,
47.60087286188519,-122.3298948617126,ZEHzTghDSlLW7U2Q_C0FCw,2021-07,
47.60087164208579,-122.3304273980249,RNq0GNuW7e9cr4BbvcAvMA,2021-07,
47.60087931832687,-122.3319486696438,01UTAtw7YoNvG0LH047ykg,2023-02,
47.60096856634868,-122.3313015731047,hIujjKudk76Sy9U-7FGfcg,2023-02,
47.60088703289392,-122.3337142921093,ZfE3X2w7R6ZYPNjS4r3NDQ,2023-02,
47.60092310516966,-122.3341106822332,WbeSlmaE-rKNN6Gl6e9CMg,2021-07,
47.60088340333194,-122.3331884434946,7LYye13LFTP24-AXP_TU4g,2023-02,
47.60088740116867,-122.3334460341699,z8M2eNidB1wUiy_IwXawrQ,2023-02,
47.60069154952465,-122.3315754874475,BWgk5Bc4edcZV-n5Zo48mA,2021-07,
47.60066607091395,-122.3310324598163,tp4uK27TaAGCHYCiyBc93Q,2023-02,
47.60066027057849,-122.3276634078239,xSvPrHAObjRJuLu5Zr-5uw,2021-07,
47.60088092992653,-122.3325459253918,hcsNY1OYf03CsYXjL40iGg,2023-02,
47.60069154952465,-122.3315754874475,BWgk5Bc4edcZV-n5Zo48mA,2021-07,
47.60087670020755,-122.3258387459939,HiPIpAtM7nJR4i_sqkg7BA,2019-05,
47.60076910858523,-122.3348347628936,Tolgex1AgUzu57M2joSS-Q,2019-05,
47.6009264300817,-122.3251439530201,nFCZTFYIG9AbVE3r2BScDA,2019-05,
47.60088703289392,-122.3337142921093,ZfE3X2w7R6ZYPNjS4r3NDQ,2023-02,
47.60065207759213,-122.3328715068267,hGDk66tEdAsYcrMnQfG8dw,2022-09,
47.60095819409104,-122.3359556344509,A7FpKND8k9at6u1Is00pOA,2023-02,
47.60087504277421,-122.3286053661141,kMVyZdBf_iXJIkQXjtCBfQ,2021-07,
47.60060265824566,-122.334837157505,ixJrd0Hw-uHdVse29wPWmQ,2019-05,
47.60065923229438,-122.3356769098675,i9PFH4h4TJD7rAL9gV0yCQ,2023-02,
47.6008750356883,-122.3255779341745,KcK9GG5FklrRWVTSwBu3nw,2019-05,
47.60087608953558,-122.3270854349172,qlSRXIBWweCfFb_HLempvA,2021-07,
47.60109460577679,-122.324409901577,YMf_y6ockEfDFxaGE7Ae0Q,2023-08,
47.60087998675164,-122.3264384941979,lauI5UdJMzxGJ5mjp1_-lw,2021-07,
47.60100203094146,-122.3276495511675,FXolDXUblL0EbUdc-YUrjg,2021-08,
47.60087498894762,-122.3294544033657,ESrdZjZaUABUPDtTrQt9ww,2021-12,
47.60087525225874,-122.3310483144757,axAZtVh7fPekPhZ3lSCy6g,2021-07,
47.60087842659637,-122.3316172867204,lF_thQRtXqI87Jvbc7fYiQ,2023-02,
47.60087252643949,-122.3307657133371,cL2YKWX3ipZ5-kFWUzo3vg,2021-07,
47.60093705674023,-122.3322230236279,vBUBMusgXsRPM9pEmNqUBQ,2021-12,
47.60100461173954,-122.3335356716244,25YZ758y1mDzKXdU5y9akA,2019-05,
47.60125540943364,-122.3243213907122,syvp-fXJgVl-ynBypBd8VQ,2023-07,
47.60088472072903,-122.3349578487353,1OsqO_u63_eDcXU6vfwZ5w,2021-07,
47.60088451577575,-122.3346420882481,J9lSLAsF6pOUQkKI3oKH3g,2021-12,
47.60092851065898,-122.3328930843202,5cWO0Yj5Vw4g0osyJxmG0Q,2021-07,
47.60088300927224,-122.334372890108,D1LWbJOhE-Si0kddcr19qw,2021-12,
47.60130305896953,-122.3256702099494,Ca4bnlesbbLBEc25WrrS2g,2019-05,
47.60088092992653,-122.3325459253918,hcsNY1OYf03CsYXjL40iGg,2023-02,
47.60087141490772,-122.3301925679304,wk_S9a1bzUIy3WlhKbFVtw,2021-07,
47.60122008235685,-122.3263699586077,ikLzk4j93UtTsm4yCCbKRQ,2021-07,
47.60125287475261,-122.3246114609319,xAuR7l7Z4OenFVc1dVoSYg,2023-08,
47.60138427418762,-122.3295488131936,NF32OS3pWK0JLZzFPYaGBw,2021-12,
47.60096709135991,-122.3355728162284,ofxjGNQFilVXsmtlg0Bgdw,2007-10,
47.60125528851476,-122.3289861538956,P00ybVQSAxodRpFv0NhyCg,2023-02,
47.60103422053876,-122.3268282078364,MY8Vft34imL8ZLy_AE4Stg,2019-05,
47.60125893690144,-122.330269615874,Y8qYoe0uOiABJZ2pGoc1IQ,2021-07,
47.60087343662325,-122.3282881530005,cUOGl_uboRaNpobcXlsPMA,2021-07,
47.60088340333194,-122.3331884434946,7LYye13LFTP24-AXP_TU4g,2023-02,
47.60088269452326,-122.3352435536797,elIi0Q0khZq587iJWROCaQ,2021-12,
47.60121698160408,-122.3255687820124,iDvDK9vjMySAMyxi_ElP_A,2019-05,
47.60122029007928,-122.3276546279034,yt0JsV6rHRIU3y1a1BSopw,2021-08,
47.60103502911517,-122.3270904002674,EyuXSM_-yWun8B14CDY0kg,2019-05,
47.60122008235685,-122.3263699586077,ikLzk4j93UtTsm4yCCbKRQ,2021-07,
47.60115822038294,-122.3252005214281,qyEiOM6JdVzk-rCA9gXy9g,2019-05,
47.60125893690144,-122.330269615874,Y8qYoe0uOiABJZ2pGoc1IQ,2021-07,
47.60125528851476,-122.3289861538956,P00ybVQSAxodRpFv0NhyCg,2023-02,
47.60131288043845,-122.3294583594458,KNwx-6w5YX-VSaporYs8jQ,2021-12,
47.6012131957621,-122.3325882314578,JmP_EEnkQH5UKj6aw0Pe0w,2021-12,
47.60123017896948,-122.334114895393,QZJoflFEpWrNyjOE4pp_Dg,2021-07,
47.60118057556421,-122.3253224493504,LS58tewUx6p1550y1IJdDw,2019-05,
47.60122029007928,-122.3276546279034,yt0JsV6rHRIU3y1a1BSopw,2021-08,
47.60125933601074,-122.3335367493651,CIKv6ksj-IvKReElfKs15Q,2019-05,
47.60124407041112,-122.3315544777839,t-yKhYIrVNS6Ce9yWMN6-Q,2023-02,
47.60106900361284,-122.3313937688324,JjPL6SWljS9khUUno8JQKA,2023-02,
47.60117058050425,-122.3314871239448,3PVwoChmoXvKjPCOZteUxQ,2023-02,
47.60126861325887,-122.3329680867994,lOsToOPR89cFrgCqBBTT1Q,2021-07,
47.60125098798469,-122.3327966957208,ivQeD65pgU-7pBYsCXY6dw,2021-07,
47.60122029007928,-122.3276546279034,yt0JsV6rHRIU3y1a1BSopw,2021-08,
47.60125933601074,-122.3335367493651,CIKv6ksj-IvKReElfKs15Q,2019-05,
47.60118283173691,-122.3322219838672,ipVqKmnmZsujESVufz3tmw,2021-12,
47.60121199288477,-122.332315663404,VfRuzC70ZikNcrif8LDIrQ,2021-12,
47.60116028843181,-122.3293006063808,B8i46orYEQOawaJqH_8YKg,2021-12,
47.60122303460921,-122.3357426947163,-YExM5fIlvylNX1dw6HVaA,2021-07,
47.60126825008673,-122.3348338237186,TMkEDLzy66DA_JHR2JDjzA,2019-08,
47.60125893690144,-122.330269615874,Y8qYoe0uOiABJZ2pGoc1IQ,2021-07,
47.60087318224706,-122.3280512711931,EE9glJFrmyIBAJI_4wvU5g,2021-07,
47.6015192158788,-122.3249520971822,OSX6W1Z6CQfgmTfVhf9KUA,2023-08,
47.60126825008673,-122.3348338237186,TMkEDLzy66DA_JHR2JDjzA,2019-08,
47.60120140623377,-122.3342488812551,qpbp2Mhq_J-ZiUitqb6KjQ,2021-07,
47.60152864795074,-122.3243281300997,OXY79mZQiG-yoqBn5kPBzQ,2023-05,
47.60161114131513,-122.3251641731355,HWqrh2IuXgGwP8P8OHEjOg,2023-04,
47.60126297978719,-122.3358697855063,mmZjQp5f5MFRSm75qToxoA,2023-02,
47.60151483454455,-122.326369453444,yHlsmiFUpMjqEQ8-EEfAzQ,2021-07,
47.60147555204853,-122.3256732827799,qmSgIF3KPNG3IJItG62FBw,2019-05,
47.60122303460921,-122.3357426947163,-YExM5fIlvylNX1dw6HVaA,2021-07,
47.60172037109962,-122.3267375070362,jIPQ7EC24oNE-yt37C5s0g,2021-07,
47.60293236196286,-122.3315598481413,TeaPKZiZrwEwEzLQBuyWDQ,2021-12,
47.60150171111557,-122.3246340962646,z-kGNdTAbh6LvkjdaF4XDg,2023-07,
47.60172278177028,-122.3270434340085,fmoQb5eGRdPAOJ5NBaJ-4w,2023-02,
47.60151483454455,-122.326369453444,yHlsmiFUpMjqEQ8-EEfAzQ,2021-07,
47.60172008490605,-122.328251621894,9-E12BON7lNdPqWsUg4Wtg,2023-02,
47.6014931972792,-122.329758923612,ArFw2SA-nOTKBXBIAeaZgg,2021-12,
47.60147555204853,-122.3256732827799,qmSgIF3KPNG3IJItG62FBw,2019-05,
47.60172234338123,-122.3286490081959,yCSLj-lcMa7RVtH2nwLO8A,2023-02,
47.60152432074508,-122.3289874343173,L_E_8Ur4SvDpf237VLClLg,2023-02,
47.60172001340882,-122.3307475273888,JkZcoRnuMPW1fQPMXVP8LA,2023-02,
47.60143455872515,-122.3317336323385,x9oO15MtfsknPRlNrGBIkg,2023-02,
47.60152432074508,-122.3289874343173,L_E_8Ur4SvDpf237VLClLg,2023-02,
47.60144273864106,-122.3296516446967,L8QJC7jX9Mu5fyf8Ln7FTw,2021-12,
47.60149169989968,-122.3276515380431,sSgqDUzTIS5jUJh_QOoamw,2021-08,
47.60149169989968,-122.3276515380431,sSgqDUzTIS5jUJh_QOoamw,2021-08,
47.60152931336635,-122.3302820241717,omh8t2k6aebppT_2LeOs_g,2021-07,
47.60154003438895,-122.3322193913405,fES6VLUd_gnptBFcu-K52A,2019-05,
47.60168962110168,-122.3356421640788,KocPE3rv2kYKhFhdkJWv8w,2019-06,
47.60171939241878,-122.3310182065964,SHeA9tvITFwUIj0Hd4CclA,2023-02,
47.6015374500542,-122.3348343426356,7rh_YDBYY7sw-9iBhNUY0w,2019-08,
47.60171869033618,-122.3313167275147,P3jJiyUF3eCT9kUScXnpSg,2021-07,
47.60152931336635,-122.3302820241717,omh8t2k6aebppT_2LeOs_g,2021-07,
47.60149248958998,-122.3359270010071,IJvhoQR4T3d3cUJyHPe5vw,2021-07,
47.60153222639248,-122.3327929579966,zYL0-Ypgr7ltM_kqX1xAOQ,2021-07,
47.60171862381639,-122.3279838122782,c8wZop51kk3kzLrMrX7DBg,2023-02,
47.60153222639248,-122.3327929579966,zYL0-Ypgr7ltM_kqX1xAOQ,2021-07,
47.60178641885721,-122.3243537192624,FGumQZPHTGpT19aKTgFIAw,2023-08,
47.60152888871776,-122.3335379977239,Gn5v7CFkdPeWUnCnpm7qGQ,2019-05,
47.60147507252231,-122.3342492829608,3QJMQJrcxh0KiNvyIvJAxw,2021-07,
47.60180611108692,-122.3246820280952,nrq0PpDKpvCBYMOvFmNwBA,2023-05,
47.60153850175186,-122.3329741018023,JQLZ_HDFDkUXo5hxU25bDw,2021-07,
47.60152279142957,-122.3341175178417,NBbgGrn1VRtXwzab96ptMw,2021-07,
47.60152888871776,-122.3335379977239,Gn5v7CFkdPeWUnCnpm7qGQ,2019-05,
47.6015374500542,-122.3348343426356,7rh_YDBYY7sw-9iBhNUY0w,2019-08,
47.60174198402501,-122.3352317763544,j6MTBavSR7FX_SBq1y7qjA,2021-12,
47.60151663310576,-122.3318108854213,N_z3oajYa65IXIQ2RLaRRg,2023-02,
47.60178864700472,-122.3250104596688,nrCk4Yg0ino-xMMnN4nNgA,2023-07,
47.60171862381639,-122.3279838122782,c8wZop51kk3kzLrMrX7DBg,2023-02,
47.60172299315901,-122.3294663828343,Zv1OLhM-dqj3WR7jbSX8kA,2023-02,
47.60171959349933,-122.3264261292492,ejgv0hHcXDX65PB8Ru6-Gg,2023-02,
47.60176170358908,-122.3276659140229,vMgn3EcOPKSoJSf0VRzmDQ,2019-05,
47.60171542732145,-122.325890976201,ZtptoBLuW3OmROuVDL76FQ,2023-02,
47.60171219441096,-122.3255085869033,u-XUpPs7YvSuZGkaDNBVYQ,2023-02,
47.60171939241878,-122.3310182065964,SHeA9tvITFwUIj0Hd4CclA,2023-02,
47.60172061060656,-122.3274503825212,ZeSVsyesj1FDmOyhhZrTgQ,2023-02,
47.60172037109962,-122.3267375070362,jIPQ7EC24oNE-yt37C5s0g,2021-07,
47.60171900170449,-122.329846713417,c6LIExuKS8MDDdGhZQi8Gg,2023-02,
47.60171805896211,-122.326187189786,TqhkIDSn-p5ATxMVDZylJQ,2023-02,
47.60172234338123,-122.3286490081959,yCSLj-lcMa7RVtH2nwLO8A,2023-02,
47.60172220052281,-122.3289237588933,srR7jO1I3XVGVhuQb6Zt8g,2023-02,
47.60171603354491,-122.3319893532314,ev-6agDxNPveiNBgk8KEnQ,2021-12,
47.60179238975494,-122.3252951963834,Wyv5n32ZqRrlmsNsPSDifw,2023-08,
47.60171480784686,-122.3326415093726,RbIJ3qAh7WGdpZEz2K2k0g,2021-12,
47.6017156230559,-122.3328582803852,S4lyXt63Hd-2aWjBzcRILA,2021-12,
47.6017135733358,-122.3301289407776,Zo5cvR7xyGY3Jfd0088FIg,2023-02,
47.60172001340882,-122.3307475273888,JkZcoRnuMPW1fQPMXVP8LA,2023-02,
47.60173629357221,-122.3347180502662,gdXXPyVverFCKDc7RcG87g,2021-07,
47.60201121951629,-122.3249458643408,S-pip-8rkKcJO-QTTHvo2A,2023-05,
47.60172007045448,-122.3334651002267,pH0SN6ICRQBJoJKgnZ_3KQ,2021-12,
47.60175671971094,-122.3356337851328,-7GgEz4iF_DFcPPOjuzDWw,2021-12,
47.60200697401135,-122.3245507559568,SIwsQlNUy8dcKVJQ7t7CaQ,2023-02,
47.6019733654083,-122.3252580866544,VgJvKlNsprLVuFf_uHDMdA,2023-07,
47.60171709251738,-122.3317135791025,hL92r8gBvPO5zUnPs_aJgA,2023-02,
47.60172008490605,-122.328251621894,9-E12BON7lNdPqWsUg4Wtg,2023-02,
47.60277447632526,-122.3321902468492,9YCtRiS-K-vSyumuGrGOxg,2019-05,
47.60206789860379,-122.327722231507,e8-huyl1oF7rx8T_dtAvvg,2021-08,
47.60205678537108,-122.3284034690187,Zgj8xjuMnydAC_MtVxn-wg,2021-12,
47.60203667436057,-122.326392179882,uGdkpvIlaJJQqDpR4QyfuA,2021-08,
47.60188390704906,-122.3288268462917,tIvaW-lFWZyGBpqSQvqD-w,2021-12,
47.602129116935,-122.3292934234316,XncTWA8U7TPNbsMyq_kB1g,2023-02,
47.60197782197614,-122.3285970068008,s6G-m8-SBGIVGtzTo3Auqw,2021-12,
47.60199058929184,-122.331465436114,aidCwR5sDWFm3BRA5fJAWQ,2019-06,
47.60205676262069,-122.3326448705954,b1EynTtwH0NoaCijkLpd0w,2021-12,
47.60206948904673,-122.3354897314091,PwK6YKuEpMbGZsO2KEPaQA,2021-07,
47.60201209704996,-122.3348795740547,18Mebwic0eVSfIrQTktrug,2021-12,
47.60214997251922,-122.3281716905777,iGXttY32ycJRyXQ7HJgIkw,2021-12,
47.60204537230829,-122.3331412104268,ijmWcc-RHWj73_hcUYb0Xw,2021-12,
47.60206671152205,-122.3337252055168,PaR0wDTgnfyeWGzTdoM9GA,2017-09,
47.60206948904673,-122.3354897314091,PwK6YKuEpMbGZsO2KEPaQA,2021-07,
47.60223471354006,-122.3247716904269,Y7PRMnhd5RsnjzdfbmX1jA,2023-02,
47.60216016990275,-122.3246967939187,dtQLp_qbDZdP5Y0a3HfznQ,2023-02,
47.60214371261713,-122.3346333598207,KyEBvd_57FOK_o0TAyH5cQ,2021-12,
47.60229637415782,-122.3265238887675,NmuMyDuc5HWJ3RZHZMwRDA,2021-08,
47.60240830582162,-122.3275683802703,3A8PH0Y_rqw93vT4Vo1iCA,2021-07,
47.60173447888712,-122.3344442553311,dPNZESuyJDTYxg4u4C4png,2021-07,
47.60208628274218,-122.3258450148302,PfeRyZ3uyrqWTK4rsZWrzw,2023-06,
47.60172241240914,-122.3304481262054,uMF0nY9EOPmkg-z0TggVBQ,2019-06,
47.60182290320486,-122.3271522931377,YpJq_Ro0NiZUkaE0tzVupA,2016-10,
47.60227285795895,-122.3258965278191,dXhzr3xjY_C_TshtUB-bpg,2023-08,
47.60172099425088,-122.3338496810383,ZWcju_r8MKgN00EanPCZjQ,2021-07,
47.60172278177028,-122.3270434340085,fmoQb5eGRdPAOJ5NBaJ-4w,2023-02,
47.6017819505265,-122.3313154801057,KFmAWcLgDPI-6f93kRIPIA,2021-12,
47.6017381922459,-122.3349464879149,1VQ9WqEci5Fhzfeaw9Cq-Q,2021-12,
47.60175000111396,-122.3358712535012,mUNkdyvg9s6ntNucKmjySQ,2021-12,
47.60206017666997,-122.3247047911782,ppdRrzzf0nX18lPYHOpfGg,2023-08,
47.60206591980031,-122.331535708389,miLjMpsfK57yOT0Du0jMOg,2019-06,
47.60203667436057,-122.326392179882,uGdkpvIlaJJQqDpR4QyfuA,2021-08,
47.60197801369727,-122.3359883920355,J8OSPsYe38cSTR3q9tGV5g,2021-07,
47.60205561485517,-122.3323031577714,3rkZoNX36tmYqdyo0xkGEw,2021-12,
47.60191853162728,-122.3321784201471,O1ICD22cH8PZv2mo90cVAw,2021-12,
47.60171811985587,-122.333201274559,vbHEwLG2Ci8IdfZk_D0crg,2021-12,
47.60200823672998,-122.3255602355777,dVzyJJOfv_p4gjMFECzg3Q,2023-08,
47.60203407031283,-122.3307277184394,Y920Vpd-2m1gzGKZbgVvJg,2021-08,
47.6019662017482,-122.3276775297441,cvFRtSXDx2suCt0vwMPV9w,2021-08,
47.60235767190516,-122.3294969089775,m130W3OMtwccmnMzvmpdhg,2023-02,
47.60211161046211,-122.3307976117353,Y31CJrgrZgns9wzCp-XeUg,2021-08,
47.60200738561076,-122.3327707638507,ei92hKPATLDnY-vROwdcxQ,2021-12,
47.602519628386,-122.3296212486905,prj8lY198HXRXTDu0Tr9yQ,2023-02,
47.60232136433093,-122.3286860313921,pryELuMa9oRSyltHFR6rTw,2019-05,
47.60230837100329,-122.3261637397512,6AzglNPSdQ3V3de616-xHQ,2023-06,
47.60237944411738,-122.3265847261708,xnn_4Ll26L6Z0NUGXITncQ,2021-08,
47.60228897014935,-122.3253023082248,PtEBsutkqdgWRt-q0O9SHg,2023-05,
47.60228440787667,-122.3309589056565,GFDvOvreCceVrElho3Nc5g,2021-08,
47.60241641954416,-122.3289794238465,YApZYRhQjeO5LwN3TMCM6A,2019-05,
47.60232895944564,-122.3279416795591,mo2AR5B-gYbr55eHSgGHzA,2021-07,
47.60229309841068,-122.3250010778831,g7Atqn4laI3aXA0oTUnEVA,2023-08,
47.60233027358218,-122.3291758527954,rDp4kYZVNVwmyD17voX59g,2019-05,
47.60171900170449,-122.329846713417,c6LIExuKS8MDDdGhZQi8Gg,2023-02,
47.60235070761641,-122.3276959815476,zXB0UmED0cWx6cAQA0Kf5A,2021-07,
47.60246286929663,-122.3274474905961,YEimdUEQliq0DKxltiqsaA,2021-07,
47.6019511375369,-122.3333632691245,DyrN2dpbTgCuDetCbhWYLA,2021-12,
47.60195668218111,-122.3306578737843,cZjbYfMp3cGv9ubmhVQFRg,2021-08,
47.60201869510446,-122.3341167872768,fpoG_0XFTLKYM6vSnG8opw,2021-07,
47.60212553841668,-122.3264173832881,ZN0hSasBRqTlwqkiBpwGDw,2021-08,
47.60205252612749,-122.3292170683379,auMKA14doHobsAQp1nYgUA,2023-02,
47.60230239245586,-122.3325395372636,W7Ax6kWwa-W4DQ0RgddLOw,2021-07,
47.60175145658651,-122.3341190597384,8Q2735xcGMCXd2K-Ydm_Vg,2021-07,
47.6023282277288,-122.3348964564158,R30_5SFw1YItFRpaoTaoFw,2021-07,
47.60219351125603,-122.3327884425879,vss35Ya7SR87u9VFspIfEw,2021-12,
47.60228643211558,-122.3360812000681,qbC7EgyJK2EVMYRBGn97wA,2021-07,
47.6023037112183,-122.3343947025524,lYKGktnwcDA660_kfja4Ow,2021-12,
47.6023637005999,-122.3310330543151,OhIVlRRGN3b4KVvJ5_sf4g,2021-08,
47.60228938285019,-122.3317444706758,IHh2bPZ8NI9g3PWH5dNBqA,2019-06,
47.60224757028472,-122.3355374500511,3Kxr4OC4g5P25MatHzFr5g,2021-07,
47.60238436534557,-122.3333637878318,WTlCsuwA5r05WpAQriEmJw,2019-05,
47.60237792232547,-122.332356394175,Mz-si6rv5I4wNCe6RPrveg,2021-07,
47.60223945804957,-122.3332309805356,Nx6EuilrSc7Ya1BY7-jyyg,2019-05,
47.60218617388482,-122.3339496123118,PG1w1q5PccyucXsp5Ulcjg,2017-09,
47.60171399345484,-122.3322194320432,QWn6qTHdSeYxie8woShBtw,2021-07,
47.60243654422299,-122.3295596596622,GjppD4G63vM3a9NgmB0KvA,2023-02,
47.60234438179484,-122.3341139567572,17wmMIHEhTqZlzCHACvDqg,2021-07,
47.60232703346956,-122.3356073421564,srN5iTZiAZaO8rS5-fV2dg,2021-07,
47.60221323452922,-122.3346135796038,ObOzijhazT7gwD2ql8YbKQ,2021-12,
47.60279482053559,-122.3242834818369,vgcXqsWVdfMXHVYKQ3bbcg,2019-05,
47.60262462620252,-122.3267794932636,rwG3iQMmhF-huvmErWPIuQ,2021-08,
47.60253485333418,-122.3262231175739,sKQ6hub_gEddWXdFPwJPQg,2023-08,
47.60251049200169,-122.3259722478269,wkORkLLHaxsCQEchh8-YGg,2023-07,
47.60263356344844,-122.3317357350553,JKQHp_Y6IqoaNagxO0EthQ,2021-07,
47.60249325634231,-122.3288342868666,LptkA8uOW4JVkHcYCiMDvg,2019-05,
47.60260425215166,-122.3296965221796,Q8Vz7S7dawQBeAqon8qH9g,2023-02,
47.60283143647941,-122.3299298318559,YgZI5byWxd9tuIHySgXesw,2023-02,
47.60270426077572,-122.3268424800995,GB4VBQa1ddVooxzkleAZKA,2021-08,
47.60246870987762,-122.3311309149954,C2Bw1vM3pR1Xs3jFQdx_fg,2021-08,
47.60258401434388,-122.326554729524,XIIkIp_9Eh9FzPXhHBC0bg,2023-06,
47.60254545774655,-122.3312022637343,sEZwVLnbCFqwCsxeChBRiQ,2021-08,
47.60256390972749,-122.32534638786,-IHOfzIn6NwwejDnA6jAvw,2023-08,
47.60256996609666,-122.3256617234363,LE0Eo_ZY8Yfr6iM16KUF-g,2023-05,
47.60250957656744,-122.3327219684144,DVfMptLxeGJg171ZLxqHQw,2021-12,
47.60269761315966,-122.3292915079447,21ALcDHH0j-CcDTL6sivjg,2021-12,
47.60246176256278,-122.3334346662161,x3juYrIPMbsYI_nADA3pAw,2019-05,
47.60265664282321,-122.327487311763,rXzGUT34pJ5Qgcm0lBu8Fw,2019-05,
47.60255887024996,-122.3288979919557,hAGuWhKiwMl0JjdrHcWwUg,2019-05,
47.60258863536482,-122.3327923505924,G3rZCf5wr6dHpcUOucMENw,2021-12,
47.60259900507043,-122.3295266827016,NGfsnlBkLyrTmGV9vpJPHA,2021-12,
47.60261704014873,-122.3335767482047,H4lcwjkKmxRfVVJsNbIuXA,2019-05,
47.60244056789715,-122.3322037846465,uIcVO18-xH9xffENibRfgg,2021-07,
47.60172386409899,-122.3291983458069,GafDPFBEn4iXuSSnZhcgmQ,2023-02,
47.6017135733358,-122.3301289407776,Zo5cvR7xyGY3Jfd0088FIg,2023-02,
47.60207376718923,-122.3342539823614,l9HXFY_38qv_sYJ7iZqt8w,2021-07,
47.60214997251922,-122.3281716905777,iGXttY32ycJRyXQ7HJgIkw,2021-12,
47.60174198402501,-122.3352317763544,j6MTBavSR7FX_SBq1y7qjA,2021-12,
47.60224691359406,-122.3256167222006,A_o-5TIrC5g--Kii3Jay9Q,2023-07,
47.60277664036845,-122.326297601851,9lceOG95Bdc76Nik8UZqDA,2023-07,
47.60236366081696,-122.3318138401822,moZNj0X8Ls7xtrPY_kZwug,2019-06,
47.60214703500712,-122.3308300433888,JwA5yo60O4fZlbhJXrgCjQ,2021-08,
47.60265664282321,-122.327487311763,rXzGUT34pJ5Qgcm0lBu8Fw,2019-05,
47.60258698506727,-122.3281789886569,dEF0Kt5d_ap6D2MLIXDVlg,2021-07,
47.60261679535579,-122.331268762628,YMaYoROsbHwB3HqUSvIHjw,2021-08,
47.60253925210845,-122.333505517381,NfCErvktB1a1BcLhNRuwzA,2019-05,
47.60251322463147,-122.328111157156,tLfiMOIryfLpF8BYEIJZPA,2021-07,
47.60253501368418,-122.3319738843146,IXQmxzdjt4y8ZEiawDHCtQ,2021-07,
47.60275758592025,-122.3298540620805,z0Pm5UBNwJbG3KhsVko84w,2023-02,
47.60245789972915,-122.3249956714132,xRqUuCDZVsBYp_So2Y7PDQ,2023-02,
47.60253300233019,-122.3250733059627,vgw687gAw1RZSG-eO3-I6w,2023-02,
47.60221461170426,-122.3308933534231,__2u1gkVQj6B2a5sqw_paQ,2021-08,
47.60285174506301,-122.3322599443966,pztuJ0ktsAtqHAmYtnHtFA,2019-05,
47.60286658625921,-122.326963796737,-1DkXkslkTE-ZOX69HfbKA,2021-08,
47.60291281557965,-122.3323149878892,ETBwjHsPmsgfIDc6wuoGUA,2017-09,
47.60290510995497,-122.3330741856226,PYgMVZV90vgSERN0cI6tfg,2021-12,
47.60287516445217,-122.3335495584398,gSadFGIDlSNY9h2afl3FoQ,2021-12,
47.60270076883646,-122.3339582972652,6Eq5RVrDJ7f9MlbIbPX9Aw,2021-12,
47.60279081506448,-122.334474434273,PuxQhIFDa6dhE0H4R8wdyg,2021-12,
47.60289606509405,-122.328473950145,r1W2lijAocBhM5GSm-xUGw,2021-07,
47.60286779873427,-122.3345492791304,k9f8YBT55YqYtaEbS2rEVQ,2021-12,
47.60271545049639,-122.3352572579916,UXX-CD-2bZevH_ZFedNRFg,2021-07,
47.60279217880113,-122.3353294640391,Dzu5Y0rLB1B7atRqQhdRGw,2021-07,
47.60267592834275,-122.3252429229171,_jCW5eX_K17Bqj9rnw-JVA,2023-02,
47.60321051044472,-122.3244295404273,U6FP--WF_heTz8-0-0YAUA,2019-05,
47.60325505594159,-122.3244664593769,2sfrNR_v6eM0HXBlRBfCAA,2021-07,
47.60290566206559,-122.3300020245693,D95072bcJQZ-nfeMNP5bFg,2023-02,
47.60306610502912,-122.3262372313611,ByDbfJ7x718AfzMYtuXoRg,2023-05,
47.60310796357258,-122.3268647554078,lgFlR7Rd9ED4Fk2biGyj1A,2023-08,
47.60312189893606,-122.3271439339832,8gH2teST5hns1MUSnrt3Zw,2023-06,
47.6027968909799,-122.331340590849,IvUzG6C_UjkXkFck5gPSZg,2021-12,
47.60319778305315,-122.3272127239487,2p2YBHEMkh7Hord2bWocjQ,2023-06,
47.60306117842152,-122.3278669540882,RRI2CbvnEu3S5OnpYjSszg,2019-05,
47.60314608637463,-122.3279466361672,4Ngu0paB-NTkiTpqeqs7eg,2019-05,
47.60311776688876,-122.3282633284612,_3bdmlwT0wxoNNzLZcgfOg,2021-12,
47.60313793484855,-122.3287102759729,PD6DM7MWGF6TSV4a1qHu3A,2021-12,
47.60321192355654,-122.328778978396,SPjXbYgdEHx3tZt8HgDKJg,2021-12,
47.60328898918925,-122.3288514470043,hdXw9-88pDeRGudHNIZeiA,2021-12,
47.60343620088799,-122.3298128657631,X4oqKEcnotKqWXYdTaC1BQ,2023-02,
47.60298017042022,-122.330070667705,geZNlZjcr3zFVGWet_BvXw,2023-02,
47.60305422841547,-122.3301388833822,kBr_mXjYUg6dJ8u1BhNfeg,2023-02,
47.60317203919774,-122.3304555682742,0JKKoCwZvr1CD61oOW5nAg,2021-12,
47.6030728356128,-122.3306897029908,EVpcE4AXj6XINXPMilkYiA,2021-12,
47.60297885460784,-122.3309115085785,7g0VFvXt5thziubE1Ud3dw,2021-12,
47.60301673473596,-122.3316369810959,bxa3gMxlq14Zj0DCPti77w,2021-12,
47.60309539879112,-122.3317088847702,x1QwvUqn3zZbgHE71GAL-A,2021-12,
47.60317334116311,-122.3317801608718,glYwuytIw0im4yvPNHnoPg,2021-12,
47.60315116668365,-122.3325303748156,gyRT9W1ye9lzfrI6qVFuxg,2019-05,
47.60307308800378,-122.3332253150115,vamYYPFJx5NHlrX0FNN59g,2021-12,
47.6031574863339,-122.3340819241639,AhAcibolSIDUEPoJ7ctshQ,2019-06,
47.60309748474113,-122.3347775644579,6d_wQ9EH8naa6JM15gJeCQ,2021-12,
47.60314289617785,-122.335649074221,iqRUgH9iucwvk_TKBk5y4g,2021-07,
47.60342568165449,-122.3246333428386,bnG9SoWis3dURNhuqMflDQ,2021-07,
47.60324714560066,-122.3259102154384,nFrsGzW9nh_ZF8QMg4-aBQ,2023-02,
47.60335503114452,-122.3265391279377,lJorsdY_k5GAn10Oey9e0w,2023-05,
47.6033191114422,-122.3270754836436,7LrF3iw4Sa5K2YuHQRqF9w,2023-08,
47.60328496236809,-122.3278587725347,qGIoQHESm0CJTWm-Qy2g8A,2021-12,
47.60328898918925,-122.3288514470043,hdXw9-88pDeRGudHNIZeiA,2021-12,
47.60344394538264,-122.3289980124913,RiYzAHktjk5Ti5Y2qMwe0Q,2021-12,
47.60333701919276,-122.3300538341903,01ZuGZZBhzAmYRFndecgvw,2023-02,
47.60353682476088,-122.3305849257394,9ZhLIDyScLPEu3Cn-d3ytA,2021-12,
47.60324950907758,-122.3318499055365,LTYbxIY93CDmzn678XnCbA,2021-12,
47.60339313538337,-122.3319812201402,vUuNKSmo19xiAdl5jcciFg,2021-12,
47.6034194654495,-122.33223694665,6k7jiIbK3GX4jQFzIIFoTA,2021-12,
47.60331662886336,-122.3324847129013,eq33TmE69oPZZqpya4dA_w,2021-12,
47.6032019708119,-122.3327649437729,1sS8DbpvGQjz9zFmedzvVA,2021-12,
47.60331382420523,-122.333448521135,776FVmPXUL7OEPXtGtw-qg,2021-12,
47.60339198776207,-122.3335209528384,1vLpHFNBC4IFSVNUZX8Naw,2021-12,
47.60330982843221,-122.3342256356361,fCR2tCARgu2fKMsDKuSGvw,2017-09,
47.6033483568476,-122.3347145151881,sIAi6fuhx4RO7rxF2j343Q,2021-12,
47.60339616940065,-122.3350635965706,_b1QxQRb5dZrDAux9bCdDw,2021-12,
47.60347999128243,-122.3351422134887,k7ATieBmPZqSCV5HQ2gleQ,2021-12,
47.60332826773708,-122.3358145153299,rUhbo-diSlvDiEkEe_-3LQ,2021-07,
47.60340545302591,-122.3358836839188,agIb55yIFiGA8xdF7wEg3Q,2021-07,
47.60364763789633,-122.3249007832859,FWGnvnDuDriQVyT03zhACg,2021-07,
47.60283719098131,-122.3337795812291,DBFVWwj8e5rSaODa8GsFsg,2019-06,
47.60354464635119,-122.326186231702,jC6vkbPG4LBWrqOJqjrggA,2023-02,
47.60365474054017,-122.3264282159085,WG-ScsmwvqFnwBxmLa7TWA,2019-06,
47.60360749614103,-122.3271504118966,CJWND3I9Z8M04EXu9SK8hg,2023-07,
47.60370051512399,-122.3276651863626,D8Rhqzgv3qayl2BiZSzAlQ,2023-06,
47.60364103076324,-122.3273663334471,TqNsH8e8C6_7OL0JwPxvMA,2023-08,
47.60391348993946,-122.3286233006467,gIDUS4ePcaILa4r8eC5Usw,2023-02,
47.6037726668566,-122.3289810322916,rFKVfYaQTY5MjY2LkXTDSw,2023-02,
47.60358371959889,-122.3294458372336,RFyFOD1Qcox9lj6vBEyTPg,2023-02,
47.60348446709877,-122.329693665872,-MT82EWbT_y20ODY3Dh9cw,2023-02,
47.60353682476088,-122.3305849257394,9ZhLIDyScLPEu3Cn-d3ytA,2021-12,
47.60377188504099,-122.3313956917286,pHUBtTmMdT0aB8OvHj_afg,2021-12,
47.60367298712202,-122.3316296428407,lfnYRcO4NxVqJjhlH00rcw,2021-12,
47.6035693650191,-122.3318753979352,AaIge1jjTMpuq-9v09xeOg,2021-12,
47.60364726899885,-122.3322186924846,VoIfPoP8_VSSwxTPCK8T_Q,2019-06,
47.60376346398476,-122.3330903746136,iqKdhv8RMBvfszPlC_VVlQ,2019-06,
47.60376346398476,-122.3330903746136,iqKdhv8RMBvfszPlC_VVlQ,2019-06,
47.60354945460385,-122.3336669761571,zbYbp6aqR3NLEEBAmRFDXw,2021-12,
47.60281666159868,-122.328392720076,cAV-_5JcqjzogEXjxqJEiQ,2021-07,
47.60356696597518,-122.3352238252632,jSnbESwiPYHr02b3a5pLYQ,2021-12,
47.60373287335182,-122.3353807353061,HvbXV7biZAWFWnhyQ-ZW2Q,2021-12,
47.60365294219746,-122.335304891946,Oj6CRUbw_VwFFBGTQfC-Tw,2021-12,
47.60392199999995,-122.32435699999999,None,None,ZERO_RESULTS
47.60385060239109,-122.3251810091459,AuR0neDq016MY09ccvqLhQ,2021-07,
47.60400483996535,-122.3253208456467,2GLBuYzkMYsLpq4B3qyErg,2021-07,
47.60286123255403,-122.3359357845898,dY-29SiS9QSoU_l5trdmKA,2021-07,
47.60387427151494,-122.3264250419218,OtrSOwWNaWriZeMnRUfogg,2023-02,
47.60394351844748,-122.3268250466128,5TNibMT1CgwtWRZDeMAojg,2023-08,
47.60396155831017,-122.3276390574071,B96i-xjj_cV0HlMgPDeuXQ,2023-08,
47.60381875017812,-122.3288639801193,TQbVLgMZZT6zBuAWKvZNxQ,2023-02,
47.60402387924056,-122.3295108486243,r9XhXnGg2cQ2-i5_iW2liw,2021-12,
47.60398580835792,-122.3279239715585,sJEjB7DY9ZHAMJcKINq5WQ,2021-08,
47.60421971271634,-122.3303076460161,McuDmhiSk8FhfYkTCyGtGQ,2021-07,
47.60391863961254,-122.3310353560304,dnBQ6_7rLmIdhbIPkC51rg,2021-12,
47.60398972428075,-122.3313835879235,7DhklgwLue6tg2e2SjEYSw,2021-12,
47.60387179506824,-122.3324312725777,MUG5jci7jW6et3677fkP6A,2019-06,
47.60408368443113,-122.3330025255909,3FBE-r66P5LkPXIN26i51g,2021-12,
47.60316996386515,-122.325834134368,JLYdC5QQMwQ6O81QVH4O6Q,2023-02,
47.60381654902176,-122.3339123998893,EJpI_Bn5DjqX96eme2l8Pg,2021-07,
47.60397247068658,-122.3340529860062,nbS4R6zkaCpGAxKLzleM1A,2021-07,
47.60412824468515,-122.3352385696012,K_OZ6OPQgYvYT8Ggo8zB4g,2021-12,
47.60380814867328,-122.3354522526482,Y3rvhfJWvQvk9HQJ1NbesQ,2021-12,
47.60439030348882,-122.3251890340157,zXpnNXuQp7cdREcKQwE5fQ,2021-07,
47.60415518201484,-122.3254470457475,27Yo-JnTbhAHI6TdNyQDNg,2021-07,
47.60415518201484,-122.3254470457475,27Yo-JnTbhAHI6TdNyQDNg,2021-07,
47.604191699999944,-122.32435699999999,None,None,ZERO_RESULTS
47.60414344148546,-122.326605264161,89-QGIYhyocnUKJJ7BuATg,2023-02,
47.6041979953861,-122.3274588775585,G820sbW3QsDO_OsxSkYuSg,2021-08,
47.60288577453512,-122.3311309841168,uC8sI5xbW6UK_s90PYCvkg,2021-12,
47.60423125255592,-122.3281449982943,CrOFbhev6fiEQuUNSSUvEw,2023-06,
47.60410298681323,-122.3295789649463,CcIijNE6cJ55PLGXoUtWyg,2021-12,
47.60427384362844,-122.3301777979017,p4iqSIk-HbjbEBmSIwdw9A,2021-07,
47.60406565858799,-122.3306786859133,cdRXeZ6S5mEVGyfuYXmwHg,2021-07,
47.60421724349204,-122.3312901058661,f-nB4YIeBGjGtf2sTPzYAQ,2021-12,
47.60427516471447,-122.3325406274494,JwosxEZq0CdvEZnOU5O-Qg,2021-12,
47.60415887851025,-122.3334554760778,ST0e7b8wYxvQz-AAloyR0Q,2019-05,
47.60421073311964,-122.3350407983147,3iC0qqiTW6tLTUloEGVv2w,2021-12,
47.60421788663654,-122.3358209783085,OqM1fE70VkYHuYJbkvT36Q,2021-12,
47.60433958910523,-122.3253085962173,9SSNBo_Oao_g3xxjmPi5MA,2021-07,
47.60426958042255,-122.3254201430012,7QN-XGxChFQqcNxR0FXmFA,2021-07,
47.60447631920433,-122.3268563193312,FINepVgTTdbMnC7A9upuzQ,2023-02,
47.60443425524896,-122.3276599737373,DlMLExbT9-PoVjKq07NImg,2021-09,
47.60451788808213,-122.3284024540274,c49pvVTiYVwMj4tGyM7Cjw,2023-06,
47.60427384362844,-122.3301777979017,p4iqSIk-HbjbEBmSIwdw9A,2021-07,
47.60454338354575,-122.3295291660998,rF6yCdgvNi2dEIclhn-aKw,2021-07,
47.60432150412546,-122.3313036140068,-x0LDQkhDTtu7rRMfoKmqw,2021-12,
47.60447962253756,-122.3320338309972,-h8z3_IlGXfvqFoFjmhddw,2021-12,
47.60443141809991,-122.332951529907,6txsTsFou90el5hjANr52Q,2021-12,
47.60446011575807,-122.3337318477028,3Ni84NqcuCIpq6RXUyNhsQ,2019-05,
47.60435938642035,-122.3346843067417,KNMoNwIjLummbEgilJ-WWw,2021-12,
47.60421073311964,-122.3350407983147,3iC0qqiTW6tLTUloEGVv2w,2021-12,
47.60432010681572,-122.3324306615342,32nMZbztG6xwPN9H50YajQ,2021-12,
47.6047357959223,-122.3332269638803,BR1hIa0neGox5mLNKIEmGA,2021-12,
47.60475314240963,-122.3313999439006,ehghqdBrieBVBjO_zPau6g,2021-07,
47.6044882739176,-122.3249579652086,xSP4zBefHKcpaBCHuPmB3Q,2021-07,
47.60467275252515,-122.333929906485,hcvS78S9EmPGPc1OCFNXQQ,2021-12,
47.60496414461119,-122.3355698583932,iCCnySfYVfkQjPbPKHRhYA,2021-12,
47.60502625746236,-122.3242577150299,lvtehak1l4FSuw8dBqQT-g,2023-02,
47.60523547599827,-122.3255221316964,tzDEmFvO2hj8FBgxANgu1Q,2023-05,
47.60494798141973,-122.3262087463796,JTVV4Ux2lU6aehpz8v5S4g,2023-05,
47.60491122411285,-122.3272287930692,PFcuevvPDOSCqGrvCr5nlg,2021-07,
47.60498430010883,-122.3279164475917,kYxmlcmyN_Jwi0lH5H5tQA,2023-08,
47.60500787579431,-122.3285210733034,w7YCmS5NFCtEG7L8N01ZaA,2023-08,
47.60490423784398,-122.3294749796451,1Rn7hK4vNKjhwDgan5zN1Q,2011-07,
47.60502011862809,-122.3303992259857,FoVeXz32vzBvAwK_wjVqxg,2021-12,
47.60485070614531,-122.3311702248172,zZGXSuVBtiDLiwd97LwzhQ,2021-07,
47.60505580275148,-122.3319697201269,ky81LLLgzD_itaCOdkjHSg,2021-12,
47.60507558447549,-122.3327608545264,4tRybBzJwdMA3GQ82VAcZQ,2019-06,
47.6051098914071,-122.3335674258993,_RdDlqXNp0WztyWEAzKSNg,2019-06,
47.60535216990886,-122.3245550462117,BhHwWlL4W2Gerg7dGib4ag,2023-02,
47.60494428162217,-122.3349355481498,HbNJM_XfVt88WCYlDzGcOA,2021-07,
47.60496414461119,-122.3355698583932,iCCnySfYVfkQjPbPKHRhYA,2021-12,
47.60523547599827,-122.3255221316964,tzDEmFvO2hj8FBgxANgu1Q,2023-05,
47.60541022483088,-122.326163357386,zvenPkkk41MNf4EmeqQr2w,2021-07,
47.6054736054321,-122.3296858184222,RnczM_6drvnhg_hZD5da1w,2021-07,
47.60528185433961,-122.3285855122075,BP4r6irXHVELnyF3P-jPig,2023-07,
47.60541406776744,-122.3307621278311,uMAISDnbn7tB2bas7_9Wrg,2021-12,
47.60533664555665,-122.3347029441896,OAuMBA2LH0N3o9f7WQ5VWw,2021-12,
47.60525701003361,-122.3337001483787,7ioi0lJDzFfyskqE7OcAcg,2019-06,
47.60539878243461,-122.3353556680968,Ok4eqpF2kUO9yT9b5651Vw,2021-07,
47.60551881451744,-122.3247051428314,LFyMOjAARsAZnM-fKjr1vg,2021-07,
47.60528303227633,-122.3254078179075,0y5BZQT8l4uQ5ms3eHuC6g,2023-05,
47.60555052144198,-122.3270998985491,QUYai2fQh5n86heO_BV5Hg,2021-07,
47.60551454907322,-122.3279980495327,2wYIiuD-JLHWjccK2nEW9A,2021-07,
47.60552540676804,-122.3289505236003,84OIL88MmvshPpdJfALX9g,2023-08,
47.6054736054321,-122.3296858184222,RnczM_6drvnhg_hZD5da1w,2021-07,
47.60548564330922,-122.3308276237763,hSWInR3YT29DKHQ_Fi1Njg,2021-12,
47.605622723673,-122.3316750361292,uRMOwrd3JidcqH2ZqCskSQ,2021-12,
47.60555909704884,-122.3324260336373,Lqnj0YhM6F3z7fSVCEn0LQ,2021-12,
47.6058699272354,-122.3334373021901,cmHXoGkkakHLr0i3aoYlTw,2021-12,
47.60565852817312,-122.33483586118,0fAzcjl9VSSKRLYfp3aZxQ,2019-05,
47.60560176787588,-122.334057043962,nW9TYiTo0_qLHiUMONe_Kg,2021-12,
47.60579032518702,-122.3249549168582,XBEAS8V_a-Qz0ANWTU6tjA,2021-07,
47.60540787039368,-122.336136886754,vbwYEBojuDaLL2mWpGPxNA,2021-12,
47.60581879592267,-122.3272983862044,esc0fg6QdO_oVhUkbBI5pg,2019-05,
47.60581755293214,-122.3282428588722,KA9xA-ieQZqJdOQfsoZICw,2021-07,
47.60585094477767,-122.3292286194725,_IguzKrMI1auXwc9Pf3Hfw,2023-08,
47.60580973207957,-122.3349755224662,BMLJLCdmdezms6x0VktOlQ,2019-05,
47.60603273517015,-122.3251803074011,ID_uJltHzmq5tfE2ysNStw,2021-07,
47.60598559448164,-122.326087699685,ij-GdtUEHdIzHr1QNFSjHA,2021-12,
47.60604130958168,-122.32750227822,2n_VyKCbXIPfHrfVGtzeUA,2019-05,
47.60611330342883,-122.3282902220125,i6a_kmNI55iroe3AQfk-0w,2021-07,
47.60621222572423,-122.3302470277981,ioAKCoXKjoCBDpPQZ18JGg,2021-07,
47.60596048021684,-122.3308540309681,4AbhDMUVVh5y5rlv4er_OQ,2021-07,
47.60618897913353,-122.332694006928,Yi0ymSY3M5VdAS2sSWIemw,2021-12,
47.60618646908374,-122.3350301805549,uSIYgzOTEkw6k_2wA-V7yg,2021-12,
47.60609024242056,-122.3359845200026,v5PNY58q_UxGm3Eu0yvArg,2021-07,
47.60300288568098,-122.3323963252082,lEDwl3oulJGESZ0UiHq4Bw,2019-05,
47.60299905058323,-122.3339323493302,Qg62526cJuNPzh4zc-QBzQ,2019-06,
47.60630708737639,-122.3269766877358,Rot5qJvfZv60exVCeBleGQ,2021-12,
47.60314321733426,-122.3353488753046,9H1kIoCapDQeQvCO5LnGYQ,2021-07,
47.6033314421744,-122.3245299432046,STEJqwKgR2oe4RePRkjUqA,2021-07,
47.60280418115693,-122.3268177440911,3XUqO06EiLEbecgbmo-iXg,2023-06,
47.60421329697358,-122.3342700876895,vIYVdBCL9BlqPrDlVNqIJg,2021-07,
47.60282487877076,-122.3330027466844,5yRa1Mv3h6wLCj8v612bHw,2021-12,
47.60338223820995,-122.3276195857643,sJOEvBaNXi0otIKUgBkNKw,2021-12,
47.60316447210278,-122.3281519927525,R-au1a3BlDg3iltSW5RLxg,2021-12,
47.60606679832315,-122.329760857814,ATIDAVrgPV3rCMsCe2TYtQ,2021-07,
47.60576869693615,-122.3313222256535,yFRpeOHPCU4US_aTBwLIWQ,2021-12,
47.60591682014029,-122.3333293746045,6J_80xo3p2pIV9IspRM6_w,2021-12,
47.60347048240105,-122.3335936608414,wy-FpYmMckYqxvhWHKRGZg,2021-12,
47.6033731715184,-122.3342848762602,zMmD9jCy5xVKx66av_uxUw,2021-12,
47.60628934401604,-122.3277148620843,RV5b5uD_BdKfOiqXoevW4A,2021-07,
47.60361962102245,-122.3262451760331,ZIDffIjrSTnu-KaHDs-SjA,2023-02,
47.60362629586188,-122.3267453243782,xObEWmvlOYR5bZagQ-DR3A,2023-05,
47.60367277206451,-122.3292083543129,nSpnpUcw3InXaMKn_I2pZw,2021-12,
47.60377612833346,-122.3277337782479,A6Xup-SMryDwNkaBxkpM8g,2023-06,
47.60338701186567,-122.3299323405014,OrjNlOEASagH7V32z9crSg,2023-02,
47.60271586048318,-122.3344037619311,q_Hi6KpQXwJmZ_VwYyC0ww,2021-12,
47.60366482211125,-122.3340128791755,bmXbcpzCCp7r-F81iFrnBw,2021-12,
47.60638133905162,-122.3288792153956,yhd2oVSw0PiXHpG_qBIUvQ,2023-08,
47.60348975454319,-122.334418170736,nyY531oK_Xo6HbyxkRfiFg,2021-12,
47.60377280486728,-122.3359309299612,W0HLiXHlxfFjPMc3BVNYjQ,2021-04,
47.60576546471288,-122.3341533562357,mHq0VfHokhi2Niai6mOchA,2019-06,
47.60289650550901,-122.3354276343646,NrkLv86q3I-BtBywz7PL2A,2021-07,
47.60633747351589,-122.3298050291934,vq9N7nkq5v_NRwN9RCqaeA,2022-10,
47.60394948710032,-122.3274486743069,P_aCx6xjcPZcWrk2fcJG8w,2023-07,
47.6063039933942,-122.3301272175084,ySh08DQr4tWDmx4QtEs82Q,2021-07,
47.6041123679903,-122.3305657566263,DRtt10L69F3YQHptQo6viA,2021-07,
47.60402309055976,-122.3316724389914,js4p3A7zUgizpNlYAnf1kg,2021-12,
47.60395857756006,-122.3325134985968,zPk7EI_jvRuIfun4g_1Vzg,2019-06,
47.60390356761394,-122.3332204038436,LnkO4jIvFzu3q2wOZPSrLA,2019-06,
47.60389597614979,-122.3334558961327,h4kGpv0fVAfffOvIk-pSZg,2021-12,
47.60426214503393,-122.3349174795012,OGJ7GoTpC8vdzFb3pXoMyg,2021-12,
47.60621312972152,-122.3314896853095,H8lLmO6p7FQYhTc7XD6DSw,2021-07,
47.60392769421512,-122.3356124885469,BflFUnCijDBiwCjYmu2Rmg,2021-04,
47.60313599369937,-122.326622986679,UD9dKAikKYaVYc0UDcxW0g,2021-09,
47.60468229969666,-122.3324194693592,BeP-XaV0-cZMoqMwmHhj5A,2019-06,
47.60415518201484,-122.3254470457475,27Yo-JnTbhAHI6TdNyQDNg,2021-07,
47.60417728294507,-122.3280387607177,8coummDzz88zFr0yWNKdlg,2022-11,
47.60400953432527,-122.3284068654503,udUI4ab0OsV8cXZoI0eejg,2023-02,
47.6041581108307,-122.330455363243,xSjb0OVp7FOU9Y7zhspFiQ,2021-07,
47.60408368443113,-122.3330025255909,3FBE-r66P5LkPXIN26i51g,2021-12,
47.60402309055976,-122.3316724389914,js4p3A7zUgizpNlYAnf1kg,2021-12,
47.60632611563491,-122.3285893738245,fahh7ja7xHhwOraVThuBKQ,2019-06,
47.60412824468515,-122.3352385696012,K_OZ6OPQgYvYT8Ggo8zB4g,2021-12,
47.6045856956471,-122.3247283704065,iA0vwRneqbIn72WpEbrHow,2021-07,
47.60439030348882,-122.3251890340157,zXpnNXuQp7cdREcKQwE5fQ,2021-07,
47.60431702289786,-122.3267298790578,hN5MNULxPB2R3_i4nVPFUQ,2023-02,
47.60446298458552,-122.3298914610525,K7BXxFPa9vwr8A35PM5gcA,2021-12,
47.60444105858279,-122.3283334726952,idCNlkcx-gO511TNdBS_EA,2023-06,
47.60463849418096,-122.3292995199342,S_0CGkcbHmDjXooVAYDz-w,2021-07,
47.60450041060908,-122.3322615234516,dnRSlWXHWhIR76MbnY2oFw,2019-06,
47.60450090275518,-122.3314638893956,P6n5On0B5u86UcVwiBT4QQ,2021-12,
47.60429365659031,-122.3358906640749,qoWSTDAUrETco2eVhXqVWw,2021-12,
47.60659071983265,-122.3340558888273,vreE7hLC9zhnPBgWxTmE6g,2021-12,
47.60481056603668,-122.3359119895257,QtpqbHpqTKg5RRQHCIIWGA,2021-12,
47.60513247965366,-122.3243552034744,tjoKh6A_zvSKcg4r7vhqGQ,2023-02,
47.60480999039972,-122.3265357687511,tGkEE2NmdBk_JwzD-KN9sA,2023-05,
47.60503309935366,-122.3283314614768,ZV6s61ElR3gz_2twv4gxuQ,2021-07,
47.60496193027917,-122.3301649779131,dUZ2_z8pJifZW6a0Un7Jmg,2011-07,
47.60478488035864,-122.334789809385,jzoo7-4AOXbsuy-MeX0hQQ,2021-07,
47.60633517696591,-122.3346759051969,rAiuj3VBDYtSwDQ5p3RkHA,2021-12,
47.60512875522431,-122.3320366805546,iYYiDlp4tcQJYGlUVAn1DA,2021-12,
47.60540976790207,-122.3345277221993,VMS3vFikgaAE0ZDP7QMlRw,2021-12,
47.60541022483088,-122.326163357386,zvenPkkk41MNf4EmeqQr2w,2021-07,
47.60622975932561,-122.3349267932138,upj4VpAEBrqljnuReWxDVQ,2021-12,
47.60541406776744,-122.3307621278311,uMAISDnbn7tB2bas7_9Wrg,2021-12,
47.60579653826769,-122.3265109817957,xm8OPO4hgW_ZlKaRLOtmzQ,2021-07,
47.60598559448164,-122.326087699685,ij-GdtUEHdIzHr1QNFSjHA,2021-12,
47.60451060429106,-122.3330233771682,4IvlZkuBg2j1H3MVthOn2A,2021-12,
47.60548122739468,-122.332355572733,iDQW5NQxQQp43SELcp6TgQ,2021-12,
47.60629911346252,-122.3354234777511,Xff360iUBLUy9ZOX0aTuKQ,2017-09,
47.60577358917048,-122.3336586008821,Ewx8fvItMxM2BYU53u8MwA,2021-12,
47.60554294110378,-122.3354879689307,iHR4C5TDkFolbZStb7Yn9Q,2021-07,
47.60574469354714,-122.3272305583325,ZYv7gbam2X1LPvKAvSmFOQ,2019-05,
47.6059308254575,-122.3296253861134,FU9PmrQlWl6SWa21QJJW-w,2023-06,
47.60503098710132,-122.3277396381318,bsG6DluQX6JSeFuSndsCnw,2023-08,
47.60557419846,-122.3317884156894,ttqOpiNEFbEUXsvAFKWGaQ,2021-12,
47.60573552747593,-122.3349069613563,K5AiBp-RvVLGXnXdDO4seg,2019-05,
47.60504043564646,-122.3307226027483,eVbkfnlQA-QmTeQEYO3LEA,2021-07,
47.60610921665387,-122.3252517313438,hxK-rfD7kBMimo6wnaidEA,2021-07,
47.60614129426722,-122.3280634357803,rIW2VDHGaGUBn2GtSC6Tpw,2021-07,
47.60599007251025,-122.3266874474274,pAtsLPnyoPTB4K_bT6k78A,2021-12,
47.60607059122334,-122.3286109464758,fnmCU4M8KRbKlFNA97KDvA,2023-08,
47.60502474749028,-122.3350091734985,0MBkngCu2zqS33s6yBLmIw,2021-07,
47.606014857267,-122.3331040086562,t8rRdcdKcKQjXxu0ubymaQ,2021-12,
47.60624887570553,-122.3246240771722,3CQT-bNxeKrALmOE15hilw,2019-05,
47.60651307750564,-122.3248296682779,KtePPzRPepcpLXTOOGvUNA,2021-12,
47.60643071650243,-122.3250249936933,c95YRUpxgvEB06R9KUJYyA,2021-12,
47.60672389316133,-122.325821073415,2OAlRifkhmnLba-8t3WvkA,2021-07,
47.60664697697695,-122.3257499640911,NXkcjTGQOH0fy9yF3U9VRg,2021-07,
47.60314289617785,-122.335649074221,iqRUgH9iucwvk_TKBk5y4g,2021-07,
47.60657513736425,-122.3270318344223,ltamhgllTUt9Na-DOVZkJA,2021-07,
47.60649933094225,-122.3279229625301,OBedEuu23leLtfXdmf1WRg,2019-05,
47.60664640788119,-122.3280584919824,97nIxgTcA1pxQC4UMx71mQ,2019-05,
47.60368616276719,-122.3307214655324,9JHijQ_rwJ3DXM--y3ww5Q,2021-12,
47.60343620088799,-122.3298128657631,X4oqKEcnotKqWXYdTaC1BQ,2023-02,
47.60661571890521,-122.3293123572504,lcUWh1rmw_A4UrV7VuFh9Q,2023-08,
47.60670265951745,-122.3314557061773,rdLjZ_XDTd0ovi6nUUnQpA,2021-12,
47.60656786871478,-122.3333447916696,OhLlj3KkR-IuwRNswWMQzw,2021-12,
47.60342568165449,-122.3246333428386,bnG9SoWis3dURNhuqMflDQ,2021-07,
47.60377078102226,-122.3251085253438,Va5vjZxRqsGu090fQcwung,2021-07,
47.6066234993178,-122.3349264576358,wtgMSNHt8eUIZNCw7N_7NQ,2019-06,
47.60672021013217,-122.3342588813531,5uXpmFxY28IreAEr8I1cOA,2021-12,
47.60661116251548,-122.3357056522669,2XONjaDmI9ASMc1SrPDD_A,2017-09,
47.60588330725392,-122.3350434283729,bZbdr0F5m04HSRENwbI1Ww,2019-05,
47.60695960041114,-122.3245043772392,ZArnNhMhzdEQl2fDxFoo9w,2021-12,
47.60627625348026,-122.3284366619018,C8JJkDWd0Ip5cSeeBlu2rw,2021-07,
47.60372047936967,-122.3322880091117,v2nNFsJXice8HbI-XpJkfg,2019-06,
47.60385060239109,-122.3251810091459,AuR0neDq016MY09ccvqLhQ,2021-07,
47.60680690193917,-122.3264796581829,4zo5n7MxKBubbM0LjFS6pQ,2021-07,
47.60687703885596,-122.3291999785733,Irq4FoPfteksPNP11qGycQ,2021-07,
47.60577358917048,-122.3336586008821,Ewx8fvItMxM2BYU53u8MwA,2021-12,
47.60686461990852,-122.3295259153574,zwe5grgtG04FfgHrODIuYA,2023-08,
47.60391348993946,-122.3286233006467,gIDUS4ePcaILa4r8eC5Usw,2023-02,
47.60686030956606,-122.3310732711328,eW1h9rpAupKTPLLAGeRlIw,2021-12,
47.60556205973607,-122.3308973908383,MlY0XllPu4l8u89OVKDc2A,2021-12,
47.60686587508458,-122.332085716525,rXvuDXLSWOXhGI4Pcd1pqQ,2021-07,
47.60294801639468,-122.3255855158849,gi7Ssv7RBx5XKC53tTQC5g,2023-02,
47.60621222572423,-122.3302470277981,ioAKCoXKjoCBDpPQZ18JGg,2021-07,
47.60610375270818,-122.3305079217442,7pa-vigUKj5CIq8Ujt8JmQ,2021-07,
47.60688138689778,-122.333384368632,bBHKk8yIoZ0fj9Ba1hdFAg,2021-12,
47.60695616206585,-122.333704459799,GJhPizCo_QO8shIVVGszjw,2021-12,
47.6044882739176,-122.3249579652086,xSP4zBefHKcpaBCHuPmB3Q,2021-07,
47.60680193871841,-122.334332226458,vSLDDbKavExUpFB-Ctwliw,2021-12,
47.60692846077047,-122.335194256348,9eOAA6P6A2-300ofYcQhDQ,2019-06,
47.60684154828662,-122.3358198530399,efO234NRsboKg0Ik-4P89g,2021-12,
47.60391348993946,-122.3286233006467,gIDUS4ePcaILa4r8eC5Usw,2023-02,
47.60727101674746,-122.3247896574563,qv-UzhiYbrZu6kI-3nqHEQ,2021-12,
47.60719575922717,-122.3255504323875,j1L8kfccn3XsQ92xQfCl_g,2021-07,
47.60726671667756,-122.3253788324394,-89cFO0pZOuQrzrDlYPUaA,2021-07,
47.6041339694127,-122.3328819761608,ko4jH-LRHpQtwkFyzc-3Mw,2021-12,
47.6072701951697,-122.3264774252559,9bZ3x8pMJxKh1eAmr4CykQ,2019-05,
47.60715150199495,-122.326764424937,NLg5qkC1d0rfbPcmNZgOvw,2019-05,
47.60439701835188,-122.3267933233328,GkLc9cHpbTRiWvKiYSVHjw,2023-02,
47.60689415800385,-122.3300747440357,WH2NMEGiszlgdpKWSVNw3g,2023-08,
47.60439629859982,-122.3336733094078,p6R-6cZe-YjPNHN6xPRuyg,2017-09,
47.60445399928331,-122.3344573490536,s6kQZXY8oTwMbKsPcemg9Q,2021-12,
47.6071126256323,-122.3295438722579,4dUB01XD1WINITZihCO2wQ,2023-08,
47.60716412263156,-122.3285174091485,lTbDf_BPXnih7JMb2qex9g,2019-05,
47.60710784232791,-122.3301390001001,WRoDDJlw8LQPDThJMdJU1g,2023-08,
47.60724650147755,-122.3309180592103,CtS6awBg_xwxLP7PmkStpQ,2022-10,
47.60701646310692,-122.3322244316455,O9_G7NZtTDOfjULfRksIxg,2021-07,
47.60532959499101,-122.3252958608983,k7QzFJfYzIrR3xuURsXT1A,2023-05,
47.60497510756242,-122.3292591151478,Q8qzFm8yT6Xj8sIUHM-gdg,2021-07,
47.60644560754652,-122.3344061927487,KwRWZC3ZPnul0dos_Z1Jaw,2021-12,
47.60703280037206,-122.3337769794425,B5nHxgP_AnTlE4M1NuCGHw,2021-12,
47.60494502561225,-122.3318678553557,sfqdbusJd0Phc9F6wNlatw,2021-07,
47.60719011608972,-122.3349941341713,PzGjXZr1spQKGAnSI1dQVg,2021-12,
47.60720447413691,-122.3354472669836,PflzJ8Y7rLgFwbzPL9NUkw,2021-12,
47.60744402263031,-122.3249479829593,eV9h2q9xNDv86sJWdpIi_w,2019-06,
47.6024781396798,-122.3357451488674,o1iiFw0gfyN_MHaXzzIWyg,2021-07,
47.60524418615091,-122.3349243932954,9tghN7sAhJ8ZnvfKWp8lgA,2021-12,
47.60731954553071,-122.3263669749058,86HKczLR1W2n5L4HV7jv9Q,2021-12,
47.6073414300086,-122.3275474799541,eP9bQdnBc4zjWAgDJ2xLOA,2021-07,
47.60571297158356,-122.3314568608896,1hQDebOf0U-mGmGyJGXKRw,2021-12,
47.60759781374129,-122.3292856915933,cUfEFdUWPUm2ARSz1uVJfg,2022-10,
47.60716413916556,-122.3279769093005,0QJAhN_DLDHB8yaMWn1q2A,2021-07,
47.60449285546291,-122.3280916358744,djxH5QKKKvzItwJw6lkQsw,2023-08,
47.60432010681572,-122.3324306615342,32nMZbztG6xwPN9H50YajQ,2021-12,
47.60571214512409,-122.3248827830035,C5haniYfDiv0pY0e8X-E9g,2021-07,
47.60577353144001,-122.3294997374933,VEsnubj5VhBB32JJ_aY2Yw,2023-06,
47.60447348915501,-122.327335427426,bDAR53ELqvQeb9nyyTubmw,2023-05,
47.60748278462579,-122.3306821960098,QQPR1cqLK3al710BnfsWVw,2022-10,
47.60740267700545,-122.3310621314004,5aZrAoPV0DjjxYC3Jbmk2w,2022-10,
47.60583812350654,-122.3342196601988,Ht0YJRNsWt2q8uLNEXWmjA,2019-06,
47.60748939945086,-122.3326590970972,AYDqs-9Wed8_hWp-cEoAdA,2021-07,
47.60734385356766,-122.3340684364973,zHKtZllZly8v_H-MH2-irw,2021-12,
47.6071197275387,-122.3330804619635,FWfucfopRTMNS-MFrUZlAA,2021-12,
47.60733664008354,-122.3346091206742,4Cn4_TY_wFSmFwQBgKi4dQ,2021-12,
47.60744240256472,-122.3349112723088,fuLY3Ud_OJIrjwz5T_i_hw,2019-05,
47.60735250609021,-122.3355882566836,LBs-6fMnVhA4U4GVZNgGDw,2021-12,
47.6041581108307,-122.330455363243,xSjb0OVp7FOU9Y7zhspFiQ,2021-07,
47.60750339275945,-122.3357318628369,1wlUiugZfO32UaFyIRwKUA,2021-12,
47.60316993698154,-122.3348511382444,Wpg3BHKh6rluwU23v3m7cg,2021-12,
47.60659284747705,-122.3287158338014,X62n74DKGF82dyzH3rUP2A,2021-07,
47.60672344697507,-122.3281294754684,5sT_OOWX8KgHQMSvzqQ8Kw,2019-05,
47.60530016994884,-122.3352637501339,MDzvJwJAkE8T8AzdcAXcTg,2021-07,
47.60784403954153,-122.3263488334652,UL9dN3aB_I5WLvx-LbbwLg,2021-07,
47.60754971369831,-122.3281099007364,Gbd_fCIOpBEVqHwtPEkQtQ,2021-07,
47.60664551659814,-122.3334156975071,FJ13ynHojLx9QeQMh-FhJA,2021-12,
47.60670055447097,-122.3338026501293,K_IOkqoAE9WdzEBjZe6qfg,2021-12,
47.60661265372129,-122.3301681239773,lbfNNWrYmRylCMrkZ64lrg,2023-06,
47.60767536817575,-122.3286514374985,JiVSoA-Zi_ZyZKDrRAJ5sg,2021-11,
47.60764138132258,-122.3291787472107,n9LvRRmGEjiB7E0h8G9w5A,2022-10,
47.60703613824376,-122.3245745672249,EjN2QrCviRWK4EHKSvifjw,2021-12,
47.60719575922717,-122.3255504323875,j1L8kfccn3XsQ92xQfCl_g,2021-07,
47.60772917464556,-122.3298022072004,qbioz70Fo7BX969FyDVVHA,2021-12,
47.60732407281815,-122.3266837398669,kyW97B7hArZsI1fIY9Neog,2019-05,
47.60770484470213,-122.3306108479919,MxW2kP5XsrZTmB1M6eb5Pw,2023-08,
47.60309231956407,-122.324331318128,FSvlFRvVFJNvMoqDoul1eQ,2021-07,
47.60692180433484,-122.3304351056384,i1RXz_wFRftlzeDEsuYqxg,2023-06,
47.60694053955026,-122.3321544185282,3DaIdYcf-8Dbu05rXBiZGw,2021-07,
47.60681449793488,-122.3311854708394,dU1uESU_oxClVPLAUi7cag,2021-12,
47.60744032366571,-122.3343799130546,t7K6vcbeeeb7rCyUT4oArg,2021-12,
47.60757983409395,-122.3317399847807,dX67p4imOejUiQv2BH0-nA,2021-12,
47.60657069041304,-122.3256795103457,nTfO2uAggXgKTxCsy_hVGA,2021-07,
47.60265039120193,-122.3294042130673,k5ZhR1QCb6-NDEtoyz4hag,2021-12,
47.60770886751472,-122.3243196924081,TZOZ5HbCFLFb9JUIY09k7g,2021-07,
47.60779967345216,-122.3329437557675,rBmfDfaz97acmVjAx4H5Gg,2021-07,
47.60772047825341,-122.3337131076953,4fYmLypSZmfCoIvB9wHoLw,2021-12,
47.6069587532981,-122.3344745273719,dry6HmxgPp4Xn3S2iCCbhQ,2021-12,
47.6038787114119,-122.3358501048153,oKjlWC8axX8ad0u_dAQY8A,2021-07,
47.60685289731846,-122.335127877348,UpcLmTidBlZf5yH9k5Piug,2019-06,
47.60693646582969,-122.335601224933,ZMLkw_XGvdvY8gamf3bv6A,2021-12,
47.60774556148606,-122.3351792396919,kdvbpUl-pGZNlEvnBUYzCA,2019-05,
47.60649040544477,-122.3332738311082,9YaOtxt_3Prx76d5hkdMtA,2021-12,
47.60628082696375,-122.3324723564946,ZCOMFI8yLku4QJJQTkMnGg,2021-12,
47.60410336972127,-122.331563086397,JKctKKLbadymy4C6KkRAZg,2021-12,
47.6080351476264,-122.3258877307517,FzHbcIWC11QdbsKonlYQ5Q,2021-07,
47.60793927346486,-122.3261190337664,dcyfSfdOiJs5yuX2bYMuVA,2021-07,
47.60784403954153,-122.3263488334652,UL9dN3aB_I5WLvx-LbbwLg,2021-07,
47.6064137833974,-122.3332036505238,8UGf_B8tV8CU-ElQA_AsOQ,2021-12,
47.60712640643656,-122.3277297154638,fxP95WLZl8XNg43CgaPZ_Q,2021-07,
47.60455906477384,-122.3342038584477,_M6w8UieKtjYIiAEPLHWOQ,2021-12,
47.60444827395526,-122.3360306181838,cIDAQO0_0YcWxfaHVM2Buw,2021-12,
47.60711792364499,-122.3292572448272,fb26mJ4byZfJFDF1YESszQ,2021-07,
47.60715976437451,-122.3297962264006,wLpkWwedwI01wlAI_-jgIw,2021-07,
47.60693191357206,-122.3332672996773,C4m1HlklC-ueWEnpUO5KRg,2021-12,
47.60803046564844,-122.3285418188232,IGLFbEqv57KEbgeERP3jfQ,2021-07,
47.6077378982578,-122.3289446372817,CSlTy-T_v2YOt16C5aefVw,2022-10,
47.60780487348608,-122.3298713476386,VqGninhHwio4I1JZaujK9A,2021-12,
47.60500682077213,-122.3288414531228,D_O7dLuW6HfRmcBAJjEiug,2023-06,
47.60803751117143,-122.3312526534088,ABXkYG57WuWHOXfyHpCP2w,2023-06,
47.60750358544487,-122.3242316953318,gU5inOe7dGK0owYWTDsQ4g,2021-11,
47.607516097381,-122.3247770783689,r2vEN4QROdY0aSA31z81Sw,2021-07,
47.60783555629801,-122.3252987428314,LL1r_jQgTwaGGSU-8MJ-NQ,2019-05,
47.60468670628756,-122.3291831425106,JhlfSFDQzAscnhNsm6D5OA,2021-07,
47.60472451622805,-122.327316685695,p9V1tGlptY0lVnGMABc36g,2019-06,
47.60789692583089,-122.3243588709941,rWWBBBzltmD-hEavKrH39g,2019-05,
47.604846010324,-122.3256581324066,lgzA4C9iXLDnuTgWjywKtQ,2017-07,
47.60582473384774,-122.3335411635618,eH22JySigTIZiEN_2zOrCw,2021-12,
47.60453392308913,-122.3248504971951,pinKKKO7qj71_udkm922eA,2021-07,
47.60471474582295,-122.3267616208086,jzAUJZVL2R9l3pWRzl2boA,2023-05,
47.604846010324,-122.3256581324066,lgzA4C9iXLDnuTgWjywKtQ,2017-07,
47.60688405041407,-122.3244352980104,8pWVmVTDep6pGznB4l7PBg,2021-12,
47.60713639985729,-122.3304285558647,VLgnXxBhsULUCAnnA_9AOg,2022-10,
47.60474107235358,-122.3243620644725,DbV_BCRY8FugAmSEIVVDwQ,2021-07,
47.60494594029543,-122.3309455079429,b9xPq6zsgaV7ngqD7TkojA,2021-07,
47.60612679836708,-122.3275806690806,aEbLdB1Ga31Y6x4s76r6CA,2019-05,
47.60710976977862,-122.3338497754056,9HJnEsg-Z5a-i889ryKiyw,2021-12,
47.60469730688166,-122.3297071451613,hBaPC_OPLfoTOKKO9546vQ,2021-07,
47.60474157468911,-122.3277095936838,mKzpAghWABvOHV1AEbnWZw,2023-08,
47.60821627436849,-122.3256411197999,6eEayviGGI_eTQgnPgJUrA,2021-07,
47.60463352694079,-122.3246155678046,MQniJeFnHYcMdmCoPVC6fQ,2021-07,
47.604846010324,-122.3256581324066,lgzA4C9iXLDnuTgWjywKtQ,2017-07,
47.60480999039972,-122.3265357687511,tGkEE2NmdBk_JwzD-KN9sA,2023-05,
47.60490337247819,-122.326314498878,2ObizN-Zal4Cj5CeJr1MUg,2023-05,
47.60475431404147,-122.3279381851895,VQJ-a0Ka5eghL7RiWWTErw,2021-09,
47.60485307364529,-122.3302466979108,FlXWnp1hC02r1RVrPJSoig,2021-12,
47.60478242418311,-122.3289536885611,ocglHySqvhSVgOFJq76tBg,2021-07,
47.60472485633109,-122.3285890610337,NcontT-xNUF2hofFYfuFzw,2023-06,
47.60742045438075,-122.3341397510531,LT8yXkOORdTyNBTxlxb1qw,2021-12,
47.60494594029543,-122.3309455079429,b9xPq6zsgaV7ngqD7TkojA,2021-07,
47.60485070614531,-122.3311702248172,zZGXSuVBtiDLiwd97LwzhQ,2021-07,
47.60476770858622,-122.3296230251691,LSfxNtIOPTOpJJAuZUqEsw,2021-07,
47.60471864647148,-122.328283775644,9MCS1zzSdtgk_F0q-Zl3uw,2023-08,
47.60469803853319,-122.3301056715659,DU32ImSssbbneyKBsNT6Sw,2021-12,
47.60478488035864,-122.334789809385,jzoo7-4AOXbsuy-MeX0hQQ,2021-07,
47.60789115978185,-122.326235112279,4Pnw1a_XwphvDCoQRTq-sw,2021-07,
47.60523021240642,-122.3283477215381,KSMge5U7kOGeY18jWLgvcg,2021-09,
47.60615280219797,-122.3268359130104,x-pDlrEQVOLtA_MNtpdCKg,2021-12,
47.60316717275543,-122.3333124831824,6Xqo5ktPqfcp1HumjXznWQ,2021-12,
47.60530430906985,-122.3276671361678,XYUhnTqoLpmgMx36j7E9Zg,2019-05,
47.60831100774602,-122.327263901714,TJt9tz5b8ld7BID6_89pTA,2021-12,
47.60468670628756,-122.3291831425106,JhlfSFDQzAscnhNsm6D5OA,2021-07,
47.60528353350341,-122.3321766687135,MKBb9mly9ZCmPGct2DcT1g,2021-12,
47.60518795921254,-122.3303826328208,u-VQU4PGfCNVOg2b0k4WJw,2021-07,
47.60522942516013,-122.3275115865754,s98bmww-h_tgdhd7K9hIZA,2021-07,
47.6052607637449,-122.3325391186226,G-9AQTerHT42_3ICzIJCJQ,2021-12,
47.60524763356175,-122.3279968889432,IRJxteUPz51RbfsNKCq1JQ,2021-07,
47.60675994005912,-122.3265915494009,xiiFaCYBp2RXgtdqSLy15g,2021-07,
47.60518151855199,-122.3336332856362,0gycvwJEwKc8zsHytjvM3w,2019-06,
47.60509163622,-122.332936196336,HHg2jSD6f5oGxvwM2izTsQ,2021-12,
47.60556433538635,-122.3263020241614,q2HCrMycdIU1ugN92xqUgg,2021-07,
47.60548552166816,-122.3262311074331,Av8UPT-9cnEoCvDRq3DfFA,2021-07,
47.60564299885155,-122.3268891995654,6dyAi-XLplnLiry3NHcIbQ,2021-07,
47.60532043186721,-122.3306766996878,7-wdWhcMKEZVaBbZcVuwCw,2021-12,
47.60805536743614,-122.3282011912585,YzjAeOwv5-55iOWB7_P1Ow,2022-10,
47.60581207279946,-122.3311257018103,Mb5FmINh6gc06ubVUvVu0Q,2021-07,
47.60571146643317,-122.3325641202424,rrEei-86KlfbuuJUzxMBig,2021-12,
47.60793927346486,-122.3261190337664,dcyfSfdOiJs5yuX2bYMuVA,2021-07,
47.60607965125192,-122.3258616321229,Pm6Op5WBQ3aVDB7JmSEwjA,2021-12,
47.60336557167474,-122.3289251839313,7fNboVdXkdycyAqLAPWn9A,2021-12,
47.60606679832315,-122.329760857814,ATIDAVrgPV3rCMsCe2TYtQ,2021-07,
47.60792778272585,-122.3269186024604,VG7bCfHSG2j9Dpsl3n0aDg,2021-12,
47.60586008068042,-122.3326987373112,Ga5AJj4jzzWSknylqnMB1g,2021-12,
47.60515670248718,-122.3327788291121,iX-FjIRrt5475q6Y2Ed-jQ,2021-12,
47.60602107328008,-122.3244165318944,SPEi8oL8QjPypoASv3h2mg,2019-05,
47.60607028781483,-122.3295661995503,D-CluANpPZcdH323NMHOdA,2022-10,
47.60603925309882,-122.3292338338024,5PDJwTeWcqVd3RN7Uu9Obg,2023-07,
47.60520494229451,-122.3321055808987,R5HVsrDGDiK1EwLm0jlPkA,2021-12,
47.60633514142674,-122.3252505807317,xkzfamcGaZLBNMVZPRXszQ,2021-12,
47.60818233280863,-122.328682860338,gFGgFH2FwWTrpjrrNtGjEA,2021-07,
47.60628082696375,-122.3324723564946,ZCOMFI8yLku4QJJQTkMnGg,2021-12,
47.60582510757772,-122.3358930399221,ZoCtTmywmlAT53y-ZgfESg,2021-12,
47.60582473384774,-122.3335411635618,eH22JySigTIZiEN_2zOrCw,2021-12,
47.60825151938432,-122.3301594542391,lcne_N2Ub3Q1DRzhbDziBA,2021-07,
47.60608575747165,-122.3344457054253,gAasPIJz0rDAQ3_4-9m8Cw,2019-06,
47.60618089419675,-122.3345324768652,xNuiG-9gTH7NDhlpyDIXFw,2019-06,
47.60600123017826,-122.3343685120626,fOD5SxWHpvU4De4K2Yn-YA,2019-06,
47.60643071650243,-122.3250249936933,c95YRUpxgvEB06R9KUJYyA,2021-12,
47.60607965125192,-122.3258616321229,Pm6Op5WBQ3aVDB7JmSEwjA,2021-12,
47.60649503346841,-122.3256097121715,OFDTM4bETyxmiCTHNI7URg,2021-07,
47.60315753424756,-122.3328741003246,LCP31fbB9TZlKQHt0WCyWA,2021-12,
47.60591682014029,-122.3333293746045,6J_80xo3p2pIV9IspRM6_w,2021-12,
47.60349691986038,-122.3247338614754,pY0kvd1nvw5dqusYJAn_0g,2021-07,
47.6033457047838,-122.3261715595734,LtuQz0Oi0JpjWPCCD9fy3A,2019-06,
47.6033215650701,-122.3259836549421,dnwZpJAOTUMaJ5bVnDZELg,2023-02,
47.6066156357559,-122.329487455398,AmZMQnpoX1Lr0aYcGTXy_g,2022-12,
47.6033415881943,-122.3304040904086,dJjT1L_4mURpbDCs82mq9w,2021-12,
47.60357666417676,-122.3248182623605,rBFtKoa7QJdqG8RKekGSrA,2021-07,
47.60638165176046,-122.327494094926,sslVazhhPHF3ijKWP1nYTQ,2021-07,
47.60348209098467,-122.3305341769091,hFNxuSbnMP2j0C0vQ0XgVw,2021-12,
47.60637858030323,-122.3270419221475,bOhgiAyo9gAyF61V2vkg5Q,2021-12,
47.60352716836746,-122.3295870835549,xlSBCKqIz_aarnNaO_G70Q,2023-02,
47.60822442512775,-122.3304075291214,jlHrySBMWOPiaxbb49qCUQ,2021-07,
47.6057852769663,-122.3326310146247,VJeAeAIUchaYdRk6Erh5vA,2021-12,
47.60367298712202,-122.3316296428407,lfnYRcO4NxVqJjhlH00rcw,2021-12,
47.60607241422165,-122.3267625596503,DxkqfsMfUFrGchdEHgpS3g,2021-12,
47.60610002498299,-122.3244883416646,u8IyYqKP55al4qVXSWwlTg,2019-05,
47.60615280219797,-122.3268359130104,x-pDlrEQVOLtA_MNtpdCKg,2021-12,
47.60829805652538,-122.3309817341272,LFTox8MJ_N4D_T8VupQIFQ,2023-08,
47.6062911803058,-122.331560373084,paY25lJqne0zcHh6Hvp_1A,2021-07,
47.60377059193529,-122.3263529259274,RnucL0PzbrmU-Q-yFImBbQ,2023-02,
47.60392901279,-122.3252521343872,yJhebLmgEoFPoqGGzdMUFA,2021-07,
47.60636191150822,-122.3295107338476,pMV_oSaZw183Pc2sY-muZA,2023-07,
47.60768636793947,-122.3282326179012,_wokGkC9a-xHCCLloF7ZRQ,2021-07,
47.60474839558501,-122.3270841073564,3_tKjlsWBCqikLvqCduTFA,2021-07,
47.60659071983265,-122.3340558888273,vreE7hLC9zhnPBgWxTmE6g,2021-12,
47.60817087459515,-122.3317394521495,0Wcq3t71LkSH9lWRHPlr0w,2021-12,
47.60401866133491,-122.3307922627774,xMcA9srLMPUX6yyFGIZ0xQ,2021-07,
47.60386593011214,-122.3287439781324,Q2Du7T5dCa-4RUHdlksBUw,2023-02,
47.604081582825,-122.3265638567794,c-qoqtZXtFsdw1U55KTcfQ,2023-02,
47.60386945223903,-122.3293779835094,vrc6JTizsXHrIEoQFOLl1A,2021-12,
47.60400953432527,-122.3284068654503,udUI4ab0OsV8cXZoI0eejg,2023-02,
47.60643220803036,-122.3321074401438,XJ7uYwUYbw6Nh7tB_GaDLw,2021-12,
47.60420854430204,-122.3268730328411,Q3EyfSGeRCkEGWUwwBVCuA,2019-06,
47.6041425671334,-122.3357517206114,Kw-7PEaJ5TAG1xDIBeqvVw,2021-12,
47.60625648563207,-122.3330594400945,SubmFXPdF2Fr74JVhH-guA,2021-12,
47.6041714106268,-122.3270144889419,fngZZVc_aV2hcmMa0_hSiw,2023-08,
47.60418359769629,-122.3296484130725,WSG33xspA-zG0sJqcDh7NA,2021-12,
47.60431130139049,-122.3335952311435,4tOOOBa2La9DCEWoqyVKrg,2019-05,
47.60420350847271,-122.3276642368377,LyrMwWy3dBivDZp1BEyE7w,2023-07,
47.60431169430263,-122.3347987431809,C4deunOKS3rPnGbclIvgeQ,2021-12,
47.60667526886508,-122.3357635493491,0273EbecMitgwcu7x8UndQ,2017-09,
47.60471349180624,-122.3316552063442,OkB-a8l5K1uPeuvPth64EA,2021-07,
47.60470529938566,-122.3338537024536,IHe3Qm7Eflm7k0b8LkL2LQ,2021-12,
47.60475616359336,-122.3324835355324,0Hu8XoUpEUjwAUIxNExTbQ,2014-05,
47.60482074422807,-122.3335837212219,e4zHR84qZRIBXougIQBDCA,2021-12,
47.6047940740788,-122.3317292581918,PFuucxuVmLw34rYRcOCAJw,2021-07,
47.60470621630039,-122.334717896105,SqVnYdJYRE8rq-WCaJHL7g,2021-07,
47.60528138507959,-122.3301548923302,mpxYGTC4SdJ0O6SNSO4bJg,2021-07,
47.60394732778744,-122.3294449678897,gqS-6f2VP3EjzcYeOsKfOw,2021-12,
47.60555052144198,-122.3270998985491,QUYai2fQh5n86heO_BV5Hg,2021-07,
47.60680135214637,-122.3258925831989,3iJOJLyGDgEClF2-8MpKnA,2021-07,
47.60533570956578,-122.3260963112387,efeTGMl8YFwNEDt-RYmj0A,2021-07,
47.6053774819105,-122.3299202661687,2FfWk9GM1bnOX2yHMUemmA,2021-07,
47.60526422505303,-122.3288046147406,QNdrKzeFq_KEK3ulM5C9zg,2022-10,
47.60532959499101,-122.3252958608983,k7QzFJfYzIrR3xuURsXT1A,2023-05,
47.60525187588816,-122.3260208975485,GoyczjyhBtdx8yoc5Mb0Aw,2021-07,
47.60555167293397,-122.3277765051822,nj09qN4tAp_kI2IHA7WcYA,2021-07,
47.6052803311073,-122.3290835367991,F-8Xq2bAcyifGNkiofGFLA,2023-06,
47.60549075873477,-122.3272380835804,PosBrkq98cXkhiqsqkqN6A,2021-07,
47.60639498078094,-122.3255173083673,L6DXivQvg6bI0JpOHWtjaw,2021-07,
47.60832709265015,-122.3322919478064,6GH89vqu056IT9DDmUB_KQ,2021-12,
47.60690204152407,-122.3262530770261,vbcEjLzBYQ3ts8PMdcIyJQ,2021-07,
47.60567618211692,-122.3244625348649,LTmbdMIV1IJnH6TciadhIw,2023-05,
47.60522180982813,-122.3359624598575,hGqjJnv-fvdKgaePhI_Dww,2021-12,
47.60544107761321,-122.3273530296562,bq1rEAkju3d3Y_gHlIBP3w,2021-07,
47.60638122011061,-122.3354977421054,ehVBtvUI4OUao91MJi_IUQ,2017-09,
47.60548134488453,-122.3283427243593,NIj3zrNLQP5rUrXWRAKJtQ,2023-08,
47.60549849463977,-122.3248898299038,SuyOCXkg-e49b5d4QJPFAA,2023-05,
47.60413425330987,-122.3341988517507,gGgEgZM-Jp5iPHz2xc34Ag,2021-07,
47.60426391018859,-122.3297174821211,4fH9LwQzoMHkuj46_b3-Og,2021-12,
47.60555560926372,-122.3286267888686,3LOJ_e-GwWuHFEPyW-7BPw,2021-09,
47.60539722666474,-122.3251332213655,8NLC2gRBYCz8JE_4Isy5CA,2023-05,
47.60636941003092,-122.3316312887752,8I9ZbG9SdeB-KH9sO7JHXA,2021-07,
47.60548564330922,-122.3308276237763,hSWInR3YT29DKHQ_Fi1Njg,2021-12,
47.60462821435848,-122.3346465351693,lI40H6VRcBDdm2KFjMdpkQ,2021-07,
47.60458675704025,-122.3330923820776,ZRZHvJNOcVx7gT9w7rcCNw,2021-12,
47.60587159886076,-122.3250299688887,Bvgxe7E4wkt4uaR7o5Uu0g,2021-07,
47.60578825173688,-122.3279898805399,oshek6O8B5dicjw0eWPXKw,2021-07,
47.60586098286855,-122.3242705680997,RXRa_AibE5tOp2PdxxO-VA,2019-05,
47.60607965125192,-122.3258616321229,Pm6Op5WBQ3aVDB7JmSEwjA,2021-12,
47.60810688726314,-122.3327945808688,oglVnjfUQAWc2e75hqEGJQ,2021-12,
47.6058945287447,-122.326306130164,tEsCw-mwZl1YiBarucJyyQ,2021-12,
47.60580326978032,-122.3288363034335,26KryXrKY-U_tPXeI3fMkQ,2021-09,
47.60552226429831,-122.3295669642965,b7lv3uOrQIvnd3JpJIUvjw,2021-07,
47.60512875522431,-122.3320366805546,iYYiDlp4tcQJYGlUVAn1DA,2021-12,
47.60539722666474,-122.3251332213655,8NLC2gRBYCz8JE_4Isy5CA,2023-05,
47.60571179471116,-122.3279189130233,bsuT10eXoGTwPzE_c3Vgjg,2021-07,
47.60605756271775,-122.330619202506,daLVZ5mbCiwJtsArLHKD9w,2021-07,
47.6058025647117,-122.3286164821139,SZnLS_sntb_jH0N6IqU7og,2023-08,
47.60613499239483,-122.3314187426749,ZzcaYxFJDjTtWiGL9FoQcw,2021-07,
47.60767598943825,-122.3310114786663,7HfEOA8PxfvkHzTiLSxa_g,2022-10,
47.60610375270818,-122.3305079217442,7pa-vigUKj5CIq8Ujt8JmQ,2021-07,
47.60550307833328,-122.3292765940331,3F1oC9zx5keiyfl-3WLgMA,2023-06,
47.60600954829648,-122.3307346800662,BHSs26yqwMmC1zlta2s0JQ,2021-07,
47.60669903728886,-122.3243731997826,f8rE-6kHcYsbcifwp5QZ9A,2021-12,
47.60632499991819,-122.324693452602,088xM54ROHMn4a6bTxFoXA,2019-05,
47.60597267204263,-122.3355410778852,EzBmGLQPvPVhSIjBSB05Gg,2021-12,
47.60769149102356,-122.3313307854182,WhcxqGMrmsQpnYPwDRPcGQ,2021-12,
47.60681449793488,-122.3311854708394,dU1uESU_oxClVPLAUi7cag,2021-12,
47.60634383058635,-122.3323204702182,qSG58neV8zeikVlLCB3_Mw,2021-12,
47.60643220803036,-122.3321074401438,XJ7uYwUYbw6Nh7tB_GaDLw,2021-12,
47.60656071594909,-122.3298161311239,Gpt5xtILyHg9U2ASBnLeyw,2023-08,
47.60697277686765,-122.3275881769707,39QpUdUP53qwmpVWbdzjyQ,2021-07,
47.60370951978651,-122.3249933217851,78B2ICDuHVH61BAUZbQM0Q,2021-07,
47.60681680294972,-122.3274445284985,mred27NBwijyi53rQtYjjw,2021-07,
47.60606082806928,-122.3353303695694,rvmWwyiI8tTBItQuvEQW3A,2021-12,
47.60604669586655,-122.3313386513236,Urpd01H_BCiqwtSXTm81Hw,2021-07,
47.60684248583676,-122.3289466849861,WrZCTQiS7vcs2QdzmmnXtg,2021-07,
47.60394279120398,-122.3270321714121,EE1YUjs0ebmasY5JXaeA8w,2023-05,
47.60689209739098,-122.3282848963793,7NaVFlaek3UeB4GV7aW6fA,2019-05,
47.60680418205487,-122.3282038535532,6PP9VIX5XbHJw2mCcAONEw,2019-05,
47.60688629828967,-122.328654571763,L-QWTRmpnvNl0fgcI0BnBw,2021-07,
47.6063517866278,-122.3292420109518,6H1BXoR5J3hQjRtNc696JA,2022-12,
47.60362981065057,-122.3337414717014,fb1DXJJp9VNNsLoVL0YmpQ,2021-12,
47.60845999439369,-122.3342758481779,tv1aWcGarhtBbBHSzvjdLw,2021-12,
47.60356225317996,-122.3342512902952,0rWvnwPco7dBsvCeQowoAw,2021-12,
47.60799968313395,-122.3354054309344,YSVE3kauPW9Y70iAYfYvSg,2015-08,
47.60719580197622,-122.3326549906981,TyGTx0t4zACtQmnkfDKeQA,2021-12,
47.60750438528589,-122.3319154445099,wiqAM4DN7TCj2aIMj2vdGQ,2021-12,
47.60718785724439,-122.3339232688804,ThzQP6Q3H0M66TElHGnM0Q,2021-12,
47.60711074346861,-122.3346133024638,J6tNKGmT_35Qe3NhMO1P3A,2021-12,
47.60506277922016,-122.3358134205925,qBKSc3TkILE3PEf51kJE-w,2021-12,
47.60504296223286,-122.3258332888779,wb6q0wt2YghGkBv6dpBixA,2017-07,
47.60710355160125,-122.3328688966658,xzEkZjkO2Hi1a-vXE-vuCQ,2021-12,
47.6071197275387,-122.3330804619635,FWfucfopRTMNS-MFrUZlAA,2021-12,
47.60493933042013,-122.325741112671,l3tL22rIaJo6d_56JcALPA,2017-07,
47.60701646310692,-122.3322244316455,O9_G7NZtTDOfjULfRksIxg,2021-07,
47.60520285490574,-122.3244197339367,VCVhEgNUG2eGo09CQscf1g,2023-02,
47.60470529938566,-122.3338537024536,IHe3Qm7Eflm7k0b8LkL2LQ,2021-12,
47.60772392292038,-122.3328742501788,tyMQ6ssY0mf8taYypYfdHg,2021-07,
47.60755111225797,-122.3284379053806,F8UmoSmVixTPxB4aasZ-NQ,2021-11,
47.60747466196969,-122.3287731020167,tJtEXH5eCZ33sQt4xgz9wg,2021-11,
47.60740668469749,-122.3298229396033,G-xRl69Gx6zFZWER0KmVYg,2021-07,
47.60764694050985,-122.3328036132343,49drPwIc-px495jugIXvdQ,2021-07,
47.60745180099651,-122.3286774384934,PwU3Yh7AAmmmOdjxzE0Cjg,2021-11,
47.60549440353676,-122.3346844084309,jG8zxFTk5EYpz_wJSkiwgA,2019-05,
47.60573712628143,-122.3266753849712,AA5ncC9LDFN4ifp7-rMYmw,2021-07,
47.60550467115878,-122.3342953331682,x7melghWgdX2bJ4edzf8EA,2021-12,
47.60741731608079,-122.3295199195782,fGPIIQyL1jgevEE2Ovqr-g,2021-07,
47.60745695365382,-122.3304224561953,dA_j6UsFRNLvKghuoQSiag,2023-08,
47.60485729224232,-122.3264235936051,-0zJPNWGr6cCFoAtT2TpCQ,2023-05,
47.60507113896558,-122.3353275012614,PoiheG5e-MIpHjwCV3D4cQ,2021-12,
47.60718433179252,-122.3346806442707,04oqTiAWTt4pdnfeFxObCA,2021-12,
47.60596048021684,-122.3308540309681,4AbhDMUVVh5y5rlv4er_OQ,2021-07,
47.60779655095113,-122.3335309067406,LldXLJ-MBKHymZFdWyCM3A,2021-12,
47.60740905247351,-122.3325853421919,fBNZJVGSHd1Y_wHOXbbotg,2021-07,
47.60624910304708,-122.3361298680991,odn6Js_YqrAf2iZdRA3lig,2021-07,
47.60552687220713,-122.3319046224293,_bnnXKdGXVoJovGNe6jKFQ,2021-12,
47.60672199794209,-122.3304217909072,NyAfFgv867sEmq1nV7td1Q,2021-07,
47.60335282931678,-122.3273531675812,CTwYzQRC9HNEo_Xyk5B83A,2023-06,
47.60662713552981,-122.3289654576726,ffGxryx6PANeSmR_2GlMKg,2021-07,
47.60760290133608,-122.3250903832015,DjP14OMeyV57L_ZCymigpw,2019-05,
47.60757726240791,-122.3269877140173,zjX-fGyafDhZhk8-2FjpSg,2021-07,
47.60666518735272,-122.327304827326,F6tb6_20ZKodxvhGMouBmg,2021-07,
47.60342636141463,-122.3268311667676,jsmFB1qwR9AG0vobxBhI2g,2021-08,
47.60745864552412,-122.3301326858679,4FYuSgGx5Jum0aowN0IMRw,2021-08,
47.60664880881016,-122.3303526527976,6DViD7xCq88jjltDmaNLfA,2021-07,
47.60748129984675,-122.3272155729203,6-kU989HlXSB4dlxnfHkWA,2021-07,
47.60775249386811,-122.3252243131484,nC_w4UAkTvtQuwsIgKXu7g,2019-05,
47.6066068768142,-122.3316864019857,pIrxIVgzDzgnnhNzfJsFRQ,2021-12,
47.60711303978594,-122.3246449300463,nuzpuuh_dj6hqVfkMdIT4A,2021-12,
47.60664224564676,-122.3318797847093,ltl_GmcgXM4c_w4tdv1gcw,2021-07,
47.60767806202914,-122.3267484823352,EOJJcKA_RPuLnvSj1mMwTA,2021-07,
47.60395270446855,-122.3264775234404,uKXLDALWbRUDwTxZg5blmw,2023-02,
47.60772392919591,-122.3301255438096,BihmsHJZMBzTh_AKVtUd3w,2023-08,
47.60773594117347,-122.3304262187681,0FzfAGD7Depls2tI9K12vg,2022-12,
47.60775288260402,-122.3265686110911,rjrlTq5A6P80-7-K1zDdag,2021-07,
47.60694243417809,-122.33062857318,hSDP30YMCcMnxddXZGT0dw,2021-04,
47.60670265951745,-122.3314557061773,rdLjZ_XDTd0ovi6nUUnQpA,2021-12,
47.60634383058635,-122.3323204702182,qSG58neV8zeikVlLCB3_Mw,2021-12,
47.60617876736458,-122.3256237511016,c1E7MrmJ7pubjGCbmHw-mw,2021-12,
47.60768728311341,-122.3343983053026,gJzIuyzm3BDrcp5EREdOIg,2021-12,
47.60736274271885,-122.3322590136606,zOGT6GXc0eAGmAnTGQbXvQ,2021-12,
47.60776501375749,-122.3344665679106,MGCiLDcYDHlXRsMvZngxOg,2021-12,
47.60762214070516,-122.3339505608288,uRQhuWqXWKeasGsRYAb2pQ,2021-12,
47.60764433530912,-122.3320303539951,u7VGCq4m2-AIhLd0Buxpjg,2019-06,
47.60762527156111,-122.3316345461292,KwWW0pfgJHc4YYxFVDgfGA,2021-12,
47.60766148643905,-122.3358823154772,NgVJBqajjUi1k50ww_6b5g,2021-12,
47.60486114704181,-122.3358000642074,-3SvudmC4aw5BSCmgzeocw,2021-12,
47.60792780053437,-122.3309436287968,Yh2fBrJemJzlBrLCElNURQ,2021-12,
47.60741902395211,-122.3264574937328,1g7uWq8ND-BFY2Dx4_oGhg,2021-04,
47.60739806321788,-122.3274131266774,_IqHq00Nj2DXX0qZRLVFcg,2021-07,
47.60794249961871,-122.3323009137537,y2dOKTG4K3W6YANRwfdluw,2019-06,
47.60784289277277,-122.3334199539264,WErPQU2dyajC_n0sKpvoTA,2021-12,
47.60794231508947,-122.3331817068645,oWIkKzh20FYxMDXpR0Du4Q,2021-12,
47.60775158832855,-122.3336385443586,Ydq2WAgUS0-ds3UM-BN9fQ,2021-12,
47.60826090320309,-122.3247639363107,TV1G3NEJG-7bNgp8Ot1b5w,2019-05,
47.6053774819105,-122.3299202661687,2FfWk9GM1bnOX2yHMUemmA,2021-07,
47.60802481787775,-122.3323755804656,U6ch3QoWkYKGERvJuWVebA,2019-06,
47.60740185758194,-122.3279781595025,30qmTd5GdZb3qxJJd7uUKw,2021-07,
47.6057732488247,-122.3356957651602,WeI3V0EgWtu2M4LgeIojaQ,2021-07,
47.6071470879321,-122.3256669568598,EGL-SPiREuA5f2RTqMAb2w,2021-07,
47.60776501375749,-122.3344665679106,MGCiLDcYDHlXRsMvZngxOg,2021-12,
47.60547204180716,-122.3354240426927,ndcjYhF3pAYwRGf4Buq3vA,2021-07,
47.60796793035394,-122.3353759236588,Ka514z3bk4THyxjWFX583g,2017-07,
47.60786803992488,-122.3357498547228,SdqsfZDDcdrbuvinqzeJDw,2021-12,
47.60709950232496,-122.3257810965203,P4fBIV4rErN3WSXT7Vg4EQ,2021-07,
47.60805828743194,-122.3329084561491,Duat2VtZgk-07MOAsW87Xg,2021-12,
47.60824243990902,-122.324459002984,MrJuyj2sfw6xGeJvC3ta4Q,2019-05,
47.6074985840423,-122.3311552255972,0TU1pvrJuUF3ZOZN9cjGDw,2021-12,
47.60748129984675,-122.3272155729203,6-kU989HlXSB4dlxnfHkWA,2021-07,
47.60736380922545,-122.3251428590732,GG69mKk7EwBbCJAxLWxSJA,2021-07,
47.60566898519571,-122.3315632677791,C8mxP6h3H5ztADnG3aZLrQ,2021-12,
47.60726671667756,-122.3253788324394,-89cFO0pZOuQrzrDlYPUaA,2021-07,
47.60812876323581,-122.3350890288135,GafwxI_4Sev2cJf6X3WE7g,2021-12,
47.60571146643317,-122.3325641202424,rrEei-86KlfbuuJUzxMBig,2021-12,
47.60799125362603,-122.3346955367378,05dXE3TbqRWRxnPK6ZUlIA,2021-12,
47.60791560510087,-122.3346097911083,1WRkSSYXDE3Ku5ZhRMvOYQ,2021-12,
47.60791610826093,-122.3356241506579,Hmh45S-hZOkPSl19cdYpQw,2021-12,
47.60818252889434,-122.3246953216278,L9YpUMdor6l1mMjRL8TZtA,2019-05,
47.60797124732805,-122.3304226758137,Ko0LY4EQ0Ub9xGmBL9RZkg,2023-08,
47.60802950921403,-122.3245613837167,1_qaa5xK6IYIuMWnMinB5A,2019-05,
47.60795648455979,-122.3307809822398,UfsFS1JxmY08QYdv-Qd6IQ,2023-08,
47.60545198801662,-122.3338722819587,oZYkX0BRIF5HR5BawvOTFg,2019-06,
47.60798773267283,-122.3254350888439,vjhgXgPPrnoXyA2pKAES-Q,2019-05,
47.6063353596981,-122.3331317590593,O4lb8yi5292M1tPCLobx-Q,2021-12,
47.60444659612477,-122.3270795859755,3zYUHXpBr6glFRToCkl45Q,2019-06,
47.60799896328854,-122.3269827151762,q6org24V_cGXHvtvsHz5Gg,2021-12,
47.60817911702063,-122.3279013469706,Spbl9_vL95HGcSaYUqS9Og,2022-10,
47.60431169430263,-122.3347987431809,C4deunOKS3rPnGbclIvgeQ,2021-12,
47.60705340528428,-122.3282537566592,lbAWHIxdnbRfETPJiDl5oA,2021-07,
47.60717469309631,-122.3306511372026,SQUuHXkZxeO2WSVW9wRSyw,2023-06,
47.60800590986185,-122.3283201979109,NygZ7siz2ARCM4o6I6WRvA,2022-10,
47.60797040444784,-122.3302085978355,BilwEDWqeHmIQ41XHGtt9w,2021-07,
47.60487122623296,-122.3298410416637,O5iFF8rz9WlG7oQyPRaGHQ,2011-07,
47.6049904659395,-122.3331829116609,Il8S01WW0AahpQi-3ShZcw,2021-12,
47.60801361583279,-122.3316070317516,AXMDpSKO0yE3xJV2F_DxiQ,2021-12,
47.60746138489678,-122.3320197815045,GowkzEzmfOv1a1-GYllPwQ,2021-12,
47.60537180219632,-122.333801478323,8grRY8DYhYmmtdkOARuggA,2019-06,
47.60606478724698,-122.3288827300616,g8RPiWHpx0ZzGPfE8jK8FQ,2021-07,
47.60605792220988,-122.3328779775869,LcoEpGCd0usVjn92TpxDeA,2021-12,
47.60807561474448,-122.3270517540616,MwWLNXM6_0wHTpntTKzHgw,2021-12,
47.60798716445763,-122.3260033961219,FZ7MWHEK-o8c--Wrx9fHlw,2021-07,
47.6082325542094,-122.3271931510853,hINvuNOgqqhNt5o1Hrfg1w,2021-12,
47.60822971996944,-122.3277784382425,SCvYC6dyF7nNN0_qlfFb0Q,2022-10,
47.60815424987081,-122.327961688142,whda1CA19SXawcBC-MSzfg,2022-10,
47.60825778352498,-122.3287522608687,nGhZoD5x_8XPg134ulpYBg,2021-07,
47.60667098368003,-122.3268035460311,ORhMpXQq-0pAEHQdsw3eRQ,2021-07,
47.6083455376646,-122.3299266500525,Rq0zQ3iRidEvXGRzC2-1Sg,2021-07,
47.60822532696633,-122.3307686621959,hLxVFtsh8vqniGfBQ_YDRg,2022-12,
47.60825101908909,-122.3313246524672,XwLHv9GyOt4Zqk4J9P3UBQ,2023-06,
47.60654465830272,-122.3348572158522,0VLAaZ8DJEpiXkXAIFZLEA,2019-06,
47.60830284292781,-122.33184971666,5PdXkSIzdTr7ieZGirGoGA,2021-12,
47.60764473263519,-122.3297249946652,0ATAAWEZwmCRej0hv69Z5w,2021-12,
47.60669918196662,-122.3349929876382,gXIQvjk-i84WiswWuz-3Yg,2019-06,
47.60687941363239,-122.3259645693179,HNq_0mLky2pAixEqU5mG-Q,2021-07,
47.60671416162364,-122.3267007457,dQuxIOwipxAYXBx0fWpDhQ,2021-07,
47.6082738516963,-122.3333745097468,v4OMRlRblp990IaZm9xhHQ,2021-07,
47.60689091713197,-122.329728464767,z4ZaWqbNzEsYIJAWVtEARg,2022-12,
47.60834941288775,-122.3334427623474,WBOl9gXxazDoJZ7tu0ziug,2021-07,
47.6082718054066,-122.3347338975236,tzim3keC4PUJlYjbowsQLg,2021-12,
47.60808489965477,-122.3351998042836,JqXnBdW-u6lPbjGg560_LQ,2021-12,
47.60809154804401,-122.3362800657087,7I9XCWzlaHcPTHtiRhsS7A,2019-06,
47.60771664577928,-122.3320959183983,BvUP8klgSr8RsHzvfqMN4A,2019-06,
47.60703249427687,-122.3330338639142,yyWY_uC_NsULG_oN3KnRbg,2021-12,
47.60301984574101,-122.3256711535037,9qcaZvuceyDgTNpY3HB0vg,2023-02,
47.60405481899578,-122.3341272641973,s7bKi7mxEWxp69mvx4u0kw,2021-07,
47.6068812848975,-122.3344038463548,SDZf8dCeg_DhyG-_qVqAgQ,2021-12,
47.60703613824376,-122.3245745672249,EjN2QrCviRWK4EHKSvifjw,2021-12,
47.60757981300642,-122.3358045461931,l1oieAKsyGKneyhB7pthbQ,2021-12,
47.60412457235247,-122.3311249623697,AgE26__tI7L5PADkMndr-A,2021-12,
47.60713202452015,-122.3261955490519,Zlis9nMyqKTm74tcPK2rXA,2021-12,
47.60791230661495,-122.3253674676311,m1k2Ath_h00sDQnTHLw46w,2019-05,
47.60720061174658,-122.3268818601219,BNyMH7r6aGTGWLz-Hf3AwQ,2019-05,
47.60704717378285,-122.3276566694673,2-MDx1wBFM5YW83W7m1jUA,2021-07,
47.60807561474448,-122.3270517540616,MwWLNXM6_0wHTpntTKzHgw,2021-12,
47.60810454806777,-122.3280822669269,uWch8I9h3B5QZ3QFkGJshw,2022-10,
47.60649369264656,-122.334288916888,ao4GoRc_ioHDQGhgs8bORg,2021-12,
47.60498839754282,-122.332685209039,dTMPWVfAPMgPmR3WuDwJAQ,2019-06,
47.60503946359013,-122.3335028013639,ZbfAgxfor82ofZDxtWHW-w,2019-06,
47.60709269066179,-122.3322945417875,LiFkC4PQhzZmiUgpq76y5w,2021-07,
47.60826381786557,-122.3253405756617,TMGHxoB7GNOGIzN4L14Xug,2021-07,
47.60772047825341,-122.3337131076953,4fYmLypSZmfCoIvB9wHoLw,2021-12,
47.60660174166964,-122.3246119482535,OUsdn4DCIJmgtEKVCTwYUg,2021-12,
47.60742829673596,-122.3356602839844,i3CGuLMWCcuwK-mXSIo43A,2021-12,
47.60761317211808,-122.3245467282281,JWXcyOpcAtSwaUmVXMj5yg,2021-07,
47.60844079889241,-122.3296912261422,3UzI_gzUdzbsCQgPRyxyeg,2021-07,
47.60762881134931,-122.3281804597383,ltFdV7CPocVUYCpnrsV-Fg,2021-07,
47.60643205551352,-122.3278610587152,w3vJJ9_WeJ7KVgZJaNiEoQ,2019-05,
47.60821480558492,-122.3325423703406,r5IIopzcXyglrN_lxUWEVg,2021-12,
47.60375807263515,-122.3307853598375,foHQCr4ma7dYWFwZdxY_dQ,2021-12,
47.60820153594447,-122.3333092245634,hDsx5ff6NXDh_UktyPPnDQ,2021-07,
47.60836601415816,-122.3345045113944,a2wpXUAS-L1iDa9nygTrKA,2021-12,
47.60826976744021,-122.334939843983,D96V8QzkLTVBfAoNe5Ac4A,2021-12,
47.60395216339386,-122.3316083433463,TraI2mgGzv_7jbvhnxPt5A,2021-12,
47.6076681679796,-122.3351109689379,Lhj3S0gqm99J44UehicnEg,2019-05,
47.60468180326991,-122.3245018829075,Jf_BfCz64OZGyZo-W6FMAg,2021-07,
47.60732836390942,-122.3309925764112,Yq2HTly1ZXCbjCgPBUkV3g,2022-10,
47.60783520602345,-122.328720220136,ZvYo72pYRpX_Lbrr4UQlwg,2022-10,
47.60505868882331,-122.3273598893937,aDPBbyMpzB-0RH1-Sv5zcQ,2021-07,
47.6045416252655,-122.3299631838865,C4NKbwtcHPEsLt6Kp9vfbQ,2021-12,
47.60828785239705,-122.3257068920598,nxC6o5ZATzzrjxySc87-vw,2021-07,
47.60323093869663,-122.3341512648178,XcRepW37FBoNMbHyKsKW3w,2019-06,
47.60783555629801,-122.3252987428314,LL1r_jQgTwaGGSU-8MJ-NQ,2019-05,
47.60357666417676,-122.3248182623605,rBFtKoa7QJdqG8RKekGSrA,2021-07,
47.60674408864714,-122.3273775959315,3nDDsuEiQkHECyE1V0Wuww,2021-07,
47.6062911803058,-122.331560373084,paY25lJqne0zcHh6Hvp_1A,2021-07,
47.6043958130436,-122.3313699801408,CH0p6FKgRn0mpk6lt-uyyQ,2021-12,
47.60711216995987,-122.3353594593843,ZQRdPmBe959co7KCeXY4Sw,2021-12,
47.60842013136674,-122.3289017015425,0Pu-kTWyvr-I_beD8YcScw,2021-07,
47.60770086479761,-122.3289777856233,dkGDB5lf0Jd_ip9wYWQ3Fg,2021-11,
47.60790284028716,-122.3299608283577,6jzK_gno8ozQ2xHjmeqChA,2021-12,
47.60786592330642,-122.3322313742164,tP8YVQMd_3dlLxbhNEj4yA,2019-06,
47.60727741016898,-122.3355166783816,LxNhXmZ1G-Yo6U7xCjcU5w,2021-12,
47.60703755726112,-122.3291891237788,BJhFMFoLVca3hZW9Pd9OLQ,2021-07,
