41.8710666,-87.61924394959622,None,None,ZERO_RESULTS
41.8710666,-87.6224104471736,None,None,ZERO_RESULTS
41.8710666,-87.62188269757738,None,None,ZERO_RESULTS
41.871336299999996,-87.6187162,None,None,ZERO_RESULTS
41.87107888837875,-87.62503119563256,6iqvASGq0-KLEjv4uzNVWg,2019-07,
41.871336299999996,-87.61924394959622,None,None,ZERO_RESULTS
41.871336299999996,-87.6224104471736,None,None,ZERO_RESULTS
41.871336299999996,-87.62188269757738,None,None,ZERO_RESULTS
41.87100776461958,-87.62860436565897,74gkNCtG1v3pfNHR8MnlAQ,2018-10,
41.87160599999999,-87.61924394959622,None,None,ZERO_RESULTS
41.87129819045324,-87.62591952481938,pyM5roJk3Xk3wq9S4ky1Vw,2021-08,
41.87160599999999,-87.6187162,None,None,ZERO_RESULTS
41.87160599999999,-87.62188269757738,None,None,ZERO_RESULTS
41.87102603243992,-87.62591334912709,7bugkPAPx0d4TswWcxHSSQ,2021-08,
41.87102603243992,-87.62591334912709,7bugkPAPx0d4TswWcxHSSQ,2021-08,
41.87137158037147,-87.63002489520149,zd1pxo7ELv110Wm3WwnmOw,2007-07,
41.87132293298343,-87.62423947982008,PAnj_n9HMpIjAwjQj0RpJQ,2022-08,
41.87187569999999,-87.6187162,None,None,ZERO_RESULTS
41.87135315159318,-87.6274515979184,BlJd9VFuwNzNjYkAcFTPNA,2021-08,
41.87129819045324,-87.62591952481938,pyM5roJk3Xk3wq9S4ky1Vw,2021-08,
41.87102312486112,-87.62956055265128,CM-WePhsI5HA4YWuiTKz6g,2018-10,
41.87102312486112,-87.62956055265128,CM-WePhsI5HA4YWuiTKz6g,2018-10,
41.8716621109675,-87.62397080388813,Ok-IOVeyUDkS-nlGnUI2Iw,2011-05,
41.87159667394837,-87.62323121089788,0piBaR674aRA3divYIfceg,2011-05,
41.87693597676099,-87.62721557328985,E5kPL5RDF_BahWbZbnjbTw,2021-07,
41.87097604594568,-87.62341738262631,w1P_kUsAbIOzfPHV7d2PMg,2011-05,
41.87105340099781,-87.62423209884331,nn75dlMt0gHDOGVPfEqUEg,2022-08,
41.87187569999999,-87.6224104471736,None,None,ZERO_RESULTS
41.87187569999999,-87.61924394959622,None,None,ZERO_RESULTS
41.87105460506973,-87.62321205667267,YOXtu1Txn4G8Xf6pOnWZsw,2011-05,
41.87160599999999,-87.6224104471736,None,None,ZERO_RESULTS
41.87130412768004,-87.62076792358074,csjLzOn26HGdJdcEW8GzYw,2011-05,
41.87156929312137,-87.6286251509083,KGI5n3EqQtyqFNw-M6B7OA,2021-08,
41.87159667394837,-87.62323121089788,0piBaR674aRA3divYIfceg,2011-05,
41.87108415379456,-87.62759152515396,AmzkIRJVUBxbOF9apACK0A,2022-08,
41.87156929312137,-87.6286251509083,KGI5n3EqQtyqFNw-M6B7OA,2021-08,
41.87130412768004,-87.62076792358074,csjLzOn26HGdJdcEW8GzYw,2011-05,
41.87100992953673,-87.6200136082531,rHyHrosl32PiV7Vfvdvbrg,2011-05,
41.87696001433653,-87.62770991320171,_krzaJHA-QSdJE1mVT6fOw,2021-08,
41.87132269459229,-87.62038205520935,0B7F6Vf7GR-jjkiBIIk5Ag,2011-05,
41.87190024350448,-87.62398284010561,vFDIH9xUmx51jbBdpZ53Xg,2011-05,
41.87138839611107,-87.62322519417827,DODBA3vDzAIIpjdqoQkobw,2011-05,
41.8713388524927,-87.62397004905645,kZzslX8T5CInW3EDmIiCng,2011-05,
41.87182383782259,-87.62713596930331,xy4z-qTJ2A6l8x162RUyrA,2021-08,
41.87700510835398,-87.62973895533423,0c7RB6h1mhwGbMm10wXNcA,2021-08,
41.87185454876037,-87.62454330389069,jgjbBAEsHdtp0oX9xNgX6w,2021-08,
41.87164386706382,-87.62676671645337,rlOBj6eMMM1hfzysswfUMA,2019-07,
41.8718316803246,-87.62564191909581,7N79NrtY1BoFripufGXhPQ,2021-08,
41.87159173845877,-87.62038439752952,vWkljW_d8b4eru4j7Jx7LQ,2011-05,
41.8716755756795,-87.6200388743509,o9UYXovAcgKfl4pRlwR_3w,2011-05,
41.87120643557954,-87.61725970694285,AKRlif3zaRs75cWTYOIzpw,2022-08,
41.87108542475124,-87.62744361497384,v5cyGOvYIzU3JdaKEdHEYA,2021-08,
41.87109906917195,-87.62861031506101,KPzi8ViHWxRO3l7hSWoehw,2018-10,
41.87101411076358,-87.62076090384969,ZWH9_swR2wgyZbUACQ4aYQ,2011-05,
41.87111268422737,-87.62675579622372,4KQVOraIgUVRF0W-fsyfow,2019-07,
41.87101411076358,-87.62076090384969,ZWH9_swR2wgyZbUACQ4aYQ,2011-05,
41.87726969999993,-87.62293819676984,None,None,ZERO_RESULTS
41.87691959404345,-87.62819987981268,DUT_NGv8QjDozN71N1x4PA,2021-07,
41.87140001917965,-87.62861716816873,oXfRYMAeCimN5_peXujRcQ,2021-08,
41.87140001917965,-87.62861716816873,oXfRYMAeCimN5_peXujRcQ,2021-08,
41.87110642799485,-87.62037576797921,UxRjuI_K88DaNBCSmY8J2g,2011-05,
41.87160269362256,-87.62424716205993,o0DTyiNHPweSxUikHMZx9g,2022-08,
41.8769809315039,-87.62927054325785,5rHiGaEJBhQ7ccqkLWwtIw,2021-08,
41.87128404881081,-87.62002046498307,9hBSH-_30t6k2sDHOiG-Bg,2011-05,
41.87134746836821,-87.62504015809039,K-Gga28RFR6wp3XMdGsndg,2019-07,
41.87105906458113,-87.62395107319685,7Y12OqHjoRahmlgJt4M_zw,2011-05,
41.8715980589902,-87.62957403265882,ZRmaVMPxJ_tCnv6iU0-s9A,2018-10,
41.87191352326278,-87.6286302719103,6GvQbZq3h8nk5rm862CFzw,2021-08,
41.8715980589902,-87.62957403265882,ZRmaVMPxJ_tCnv6iU0-s9A,2018-10,
41.87726969999993,-87.6224104471736,None,None,ZERO_RESULTS
41.87162632716593,-87.6207739264507,zUswsSPuwgA1xbL4CJXXmg,2011-05,
41.87162632716593,-87.6207739264507,zUswsSPuwgA1xbL4CJXXmg,2011-05,
41.87214539999999,-87.6224104471736,None,None,ZERO_RESULTS
41.87214539999999,-87.6187162,None,None,ZERO_RESULTS
41.87131957771865,-87.6295659747777,Ba_K--KFrfPkPggB502PSQ,2018-10,
41.87182383782259,-87.62713596930331,xy4z-qTJ2A6l8x162RUyrA,2021-08,
41.87726969999993,-87.62346594636607,None,None,ZERO_RESULTS
41.87183401452923,-87.62552367631959,bO0KbioDzdXI9DLShZf42w,2021-08,
41.87212874797819,-87.62746402419724,1GNsyOZcXsTssm_lqkKUSA,2021-08,
41.87185834876176,-87.62003972438156,JPpE8hAi-BgULAaqlR88Ow,2011-05,
41.87727402259066,-87.62032679196355,QnXoc4GxQLux1YCp8jGVOw,2011-05,
41.87721693442275,-87.61930794130434,9jimpFRq3L_Qu9V9_Nor9Q,2011-05,
41.87182570457287,-87.62605019323485,rzUYMiysRt5qxNEtZVPkmQ,2021-08,
41.872415099999984,-87.6187162,None,None,ZERO_RESULTS
41.87191753695086,-87.62078049139161,VjcIeLnbpcDKiQVTsCRaKg,2011-05,
41.87724075526578,-87.6241799800755,vPO63xoVE0ztAvBHZWRhmQ,2021-08,
41.87191753695086,-87.62078049139161,VjcIeLnbpcDKiQVTsCRaKg,2011-05,
41.87191352326278,-87.6286302719103,6GvQbZq3h8nk5rm862CFzw,2021-08,
41.873191259542,-87.62194393860366,gGOknso5kqkaj9L8VDoS1Q,2021-06,
41.87696735512693,-87.62559605298516,atJhQHuzJDGxQuBO0r055Q,2021-07,
41.87726095276034,-87.62436992709031,SWzg-1fHWpzcEWLPKpAFww,2022-08,
41.87228193286213,-87.62926210878416,c_Fd9IudNhMEpDHLTjGs9A,2021-08,
41.87691959404345,-87.62819987981268,DUT_NGv8QjDozN71N1x4PA,2021-07,
41.87698464238058,-87.62872598935692,_WKOzJaIDpj7z57cQX3SuQ,2021-06,
41.87718412424219,-87.61980681385921,q48KeoSF7HO6b9XyEgQSpA,2011-05,
41.87314423368588,-87.62473038741557,xjo-XHUY87ys-EmwRT5zfA,2021-08,
41.87184422002885,-87.62504881928746,mmax1yk12BVskd3zQYJ7sg,2017-06,
41.87156366407474,-87.62592479675115,Swys_UssjZ7OD9KGChU7rg,2021-08,
41.87249396204732,-87.62056594091145,lb5dDIBntpvFaOYGVv255A,2022-06,
41.87249396204732,-87.62056594091145,lb5dDIBntpvFaOYGVv255A,2022-06,
41.87209697525062,-87.62593631968562,93bWLki2TermJOVAfZxtjg,2021-08,
41.87184422002885,-87.62504881928746,mmax1yk12BVskd3zQYJ7sg,2017-06,
41.87182486861275,-87.62664553941421,zceSZtdzPR5IZUCf1I2gAA,2021-08,
41.87728965111768,-87.62088746063526,023IW_4wSPKLYnCh0GBGgQ,2011-05,
41.87164806841884,-87.62759950807268,YSySyjaPMYwasmclkke69Q,2022-08,
41.87243174945487,-87.62427051003587,JkqjowHdV_D-6SobZmEhjw,2022-08,
41.87218762901444,-87.62038233036225,7GKbcvQy6xns17ciQm1bNg,2011-05,
41.873191259542,-87.62194393860366,gGOknso5kqkaj9L8VDoS1Q,2021-06,
41.873191259542,-87.62194393860366,gGOknso5kqkaj9L8VDoS1Q,2021-06,
41.87726418058488,-87.62927988142332,xMvkrdvOZlzBASaOkj_ljQ,2021-08,
41.87317777829827,-87.6226630870185,MCQdKaSP_kYZZ0AzCy3BmA,2021-06,
41.87227469828012,-87.62983067919475,eKfWWbTPkVCJFdFcxKEiSA,2021-08,
41.87238674409848,-87.62914432722125,OekHocJhuZ-KRKrLFaXrvA,2021-08,
41.87178059728595,-87.62963412783962,g8J3GsX35at1aqs9tWh8ew,2018-10,
41.8722874140173,-87.62825161744976,tq2CP3OrSar5omEMb1eosA,2021-08,
41.87270328394321,-87.62427984922292,6mUHG-lGj10Bu6cSs9ZAIw,2022-08,
41.87210067844845,-87.62078621232456,x1m5s6Vcswb7CBC5LlnPvw,2011-05,
41.87210067844845,-87.62078621232456,x1m5s6Vcswb7CBC5LlnPvw,2011-05,
41.872458145839,-87.6259478426172,jECmVA3MCJoDRGHYh0iVQA,2021-08,
41.87266567334861,-87.62747479363615,WFCWkj40iE53pLrAwerSUw,2021-08,
41.8727600138668,-87.62039965782002,v7_G4PPp5ChyyvhMN7m-UA,2011-05,
41.87191660821708,-87.62760297235772,3epmzERAG2ltuYdZe8JV6A,2022-08,
41.87242718014784,-87.62761735666892,yNT9EXLfk3X3uQsFjFXkZA,2022-08,
41.87219025319229,-87.62863433858796,FlzWE6K7kb0ovOZ_bm9A-g,2021-08,
41.87130732286924,-87.62675978775624,8PnEoV3RSv3eceTsAOMBJg,2019-07,
41.87237648246153,-87.62962094907867,j4Gy-yVzdMzSj1WBQ2Eg-g,2019-07,
41.8721867630691,-87.62593857908419,JYKxmWTYVlbjWeYW_H3yHA,2021-08,
41.87238712451725,-87.6267902890781,aW8VaXV8sC1InaFNQDNupg,2019-07,
41.87138379832496,-87.62371814406771,gUXr21LVtdfPDf-0yzhuiQ,2011-05,
41.87191815030332,-87.62039544936403,FSo27Ubmj0HMKig18FQjvA,2011-05,
41.87726777694358,-87.62873344491673,qoyHHciTkMYN7DdmojXiVw,2021-06,
41.87314423368588,-87.62473038741557,xjo-XHUY87ys-EmwRT5zfA,2021-08,
41.87177912967225,-87.62973948248339,Kt_ddKOM-vKJr5wWknt2BA,2007-07,
41.87263891195249,-87.62595507269043,O5b2k1UQ6AQPq9Qb6E5dHw,2021-08,
41.87270665117162,-87.62962750080601,OVEmeW72G2jHFBTUbO9puw,2019-07,
41.87721787041825,-87.61868170850225,crsX1unKCNwyphz8kt_tjQ,2011-05,
41.8726738422741,-87.6291518580208,tqXW6sdD8OGifIxyDqb7vQ,2021-08,
41.87219776282519,-87.62003313666031,BpYoMEGWqnWTa92jWeJ9sA,2011-05,
41.87211232415057,-87.62678057384446,aI9xIcejZyS-F6PFSj5_dA,2018-07,
41.87210111620091,-87.62760794285319,ikazT07FhRNQ5CcbOzIklQ,2022-08,
41.87714610727915,-87.62169111745042,Pqk-N63PJcxnNlNDYJYT4g,2011-05,
41.87220340080012,-87.6239825417043,DOtFiw5OC9uzTNSyNybJrQ,2011-05,
41.87137740833877,-87.62759611909793,Pe8rImR3KbvJnXSa2Ky8zw,2022-08,
41.87297271625035,-87.62963239577411,RaJ794mpxI0850NiLaohyQ,2019-07,
41.87291005383096,-87.61915351331088,ij0yqCOvcETfKIO3BT3C_Q,2011-05,
41.87184465407547,-87.62502946339261,GjLRp49CJrbo1cKqGW-7JA,2021-08,
41.87299859008586,-87.62596049524458,algQ_QQ0Ix30ZfqH6mMoLQ,2021-08,
41.87290415971692,-87.62680248960115,e0zHm1b8tzTvWg92JNho5w,2019-07,
41.87725045697022,-87.62771556147877,3mCxkczBOQdyUvfjEHKN-A,2021-08,
41.87239560405519,-87.62747042561227,jmoUNjftZ7tmoUAuDmf2sQ,2021-08,
41.87236787615203,-87.62594422758015,klwVylrZ2amdVhlm_KxXbA,2021-08,
41.8730993657717,-87.62238188473417,Vw90FB_auyKpC3gTET1zaw,2011-05,
41.87311767265705,-87.6213960838384,Wnr4RCLM505Mz6b4qcDpCA,2011-05,
41.87694595431499,-87.62662648544408,no6SwfXfmBrxnxlxV7F0JA,2021-07,
41.8730993657717,-87.62238188473417,Vw90FB_auyKpC3gTET1zaw,2011-05,
41.87264990845469,-87.62679759432994,C2z8JIQP9X4GURQ1z705mw,2019-07,
41.87312282718746,-87.62551780182974,sLpgLgH4gz_WWTprAjJu6w,2021-08,
41.87315050439621,-87.62449826515,_LmPOoXQQPousAADoRyKpA,2021-08,
41.87241036773997,-87.6200480176902,XqCyVaCOXuNEhtdiNRH-uA,2011-05,
41.87239323859344,-87.62863930897126,pALaay68zNHQah4BhG6kaQ,2021-08,
41.87313420893961,-87.62510003328873,h5aTS63Vuipl6RFMtxX7Xw,2021-08,
41.87311973116211,-87.62563581867981,gxLlbtpHc6nTr4BDMWuBdQ,2021-08,
41.87310540798279,-87.62193562294502,JjkS0EV1qOemRU6DT8wE9g,2011-05,
41.87348663462213,-87.62917317017681,sD86yN9_2n0rnV1aD15buw,2021-08,
41.8729796097897,-87.62429024283206,QRue7Fst_jqqsHJ4tfiT8w,2022-08,
41.8730872328489,-87.62717181747334,MKDYgGpsEaQOVb2A_6Dj3g,2021-08,
41.87322705689088,-87.61980849525146,CQ7Rx7mJWlvlbHhLkNzqbg,2022-08,
41.87211592798167,-87.62323838048654,QNR-3BH-bahukiy5Z9Xskw,2011-05,
41.87211592798167,-87.62323838048654,QNR-3BH-bahukiy5Z9Xskw,2011-05,
41.8730872328489,-87.62717181747334,MKDYgGpsEaQOVb2A_6Dj3g,2021-08,
41.87291399974004,-87.61980381537245,vnmaezfrLBLF6BXyaczziw,2011-05,
41.872885879165,-87.62399553784287,pU70duD-9tlLIHDPRhWKSw,2011-05,
41.87271833511025,-87.62815665210593,_FyBUlmGJq1gHC8zE5Hmlw,2019-07,
41.87310948801356,-87.62184955912049,90EPCTGc0tPW5EMfQYP1dw,2011-05,
41.87373786210103,-87.62057904696101,aTVF0G6VgNq5oAOLHsln0w,2022-06,
41.87297909747462,-87.62865813617587,h0d9H-Rtw2kfTJuSZgeJYw,2021-08,
41.87324614584541,-87.6286667213786,IMgs8AGygehWpdePwQECuw,2021-08,
41.87245513583384,-87.62323995112465,2U85ZlZroocVarTyk_m5Sw,2011-05,
41.87239213476617,-87.62078741077815,Jw-BF6vhjh2Fb1EK8qBYNA,2011-05,
41.87239213476617,-87.62078741077815,Jw-BF6vhjh2Fb1EK8qBYNA,2011-05,
41.87351743683406,-87.62867545719726,8r5Xdl2WmsFJTcuO5dAVIA,2021-08,
41.87273803120905,-87.62762729765619,F-z0eXpeT0xhbREyOv3qlg,2022-08,
41.87245513583384,-87.62323995112465,2U85ZlZroocVarTyk_m5Sw,2011-05,
41.87322517666018,-87.62596433622008,d3vZjdRGuDwQp1GQR4n-Ng,2021-08,
41.87271591313291,-87.62864970158917,0dmZOjWKOnwoAGnGhHZSDw,2021-08,
41.87270589735527,-87.62078675017041,Oqnf0lsuuP-2zEsR2_Z_Uw,2011-05,
41.87293012665574,-87.61928833664885,KzGUTa3frLCNmiZD7yZh7Q,2011-05,
41.87270589735527,-87.62078675017041,Oqnf0lsuuP-2zEsR2_Z_Uw,2011-05,
41.87294752696938,-87.62915901227922,fhg-x-XvGByx6qxvvslNUQ,2021-08,
41.87291232680106,-87.62763294594346,VjvkyT6HNdCz_2RvIUMiUw,2022-08,
41.87376359999997,-87.62135494798115,None,None,ZERO_RESULTS
41.87316636392207,-87.6281718646485,lqrMOelpMqerPB3DQP_YNw,2019-07,
41.87276130892699,-87.6198539708172,iNVZiJk_KR1DzmZDxZ-T1A,2011-05,
41.87241674540641,-87.62398375463042,gqfMGjxVThobHibbI5FTOA,2011-05,
41.87352622459262,-87.62430492944965,DrToXRJ2xUeWg98QERs9qw,2022-08,
41.87372196088216,-87.62597540726524,93ZGbjEI299VzUz8X8HY3g,2021-08,
41.87321059621373,-87.62764251037497,Ol7zBjsfugjn82VgIaZxZA,2022-08,
41.87294309041321,-87.62342108332744,XlsDWOGwF-KRJay9zEObBw,2011-05,
41.87753857822015,-87.61969884770299,jpgZl7Tyv5OykgsTlzp4ig,2011-05,
41.87351954398733,-87.62206705196509,vQhTKKAakf4jKEJjPbAhUg,2011-05,
41.87292212593376,-87.6187695194085,FUYKRfsVi7u3i7ZMak327g,2011-05,
41.87351954398733,-87.62206705196509,vQhTKKAakf4jKEJjPbAhUg,2011-05,
41.87754227593969,-87.61917189840152,vI4t3Zk-7-v0QLP17kqSkg,2011-05,
41.87265192370409,-87.62399011096683,aMIm4I3lDl6ytlvIgLTTtw,2011-05,
41.87292212593376,-87.6187695194085,FUYKRfsVi7u3i7ZMak327g,2011-05,
41.87322617339218,-87.62027896267756,MBwneTXXCQrZqSmdHNNhqQ,2022-08,
41.87329422125111,-87.62141470482946,JZVAQ2gU9o-vId9HCurFkQ,2011-05,
41.87330983778285,-87.62081589920628,Ws48Ss9nCMBz2b4zL6cnxA,2011-05,
41.87372196088216,-87.62597540726524,93ZGbjEI299VzUz8X8HY3g,2021-08,
41.87316279292386,-87.6239190087622,fzO5oqeoHW3DZusvd-Ua5w,2021-06,
41.87354520302704,-87.62597141566424,y5of5A94px8D0fqaokCtdg,2021-08,
41.87309478454888,-87.62288034701743,gEYIAaQgOp6n7qSrj_T0sQ,2011-05,
41.87379098897763,-87.6275066500735,Q0tuHfLZ8hXrzOGrGiYrrA,2021-08,
41.87245891303805,-87.62815077795446,Kp5aTd1xs4xvY2wr2P5Y2w,2019-07,
41.87379261590212,-87.61871282071999,bWFPvHa3b-k5dE3VGUoXJA,2011-05,
41.87324862511363,-87.62958209053853,64rbGYi3ZSzhO6oe1qEatw,2019-07,
41.87351291196677,-87.61926608890695,N34iFdSYv8U9yGxYZzxXQA,2011-05,
41.87401020479778,-87.6205801767927,I3Aujx6ySOveh_XBy8RBYA,2022-06,
41.87295007051911,-87.62041191671631,5UJq1KBlf2d5cwyVtKJfZw,2011-05,
41.87320409538193,-87.6213514687078,0YHZMIWFs4UkybAmhFpf5g,2021-06,
41.87318265064327,-87.62241845129049,7RR1r--ouYTCsF5kTy7UVA,2021-06,
41.87317297336359,-87.6229073448462,OCavcUi_925UIfJna6LZHg,2021-06,
41.87190169020802,-87.623253971033,VCTbaKg0IdYH2EDXK1Lh-g,2011-05,
41.87317297336359,-87.6229073448462,OCavcUi_925UIfJna6LZHg,2021-06,
41.87321681641311,-87.62916609122857,fOeYU9-bpwb3e9yIdxl3Sw,2021-08,
41.87399644671637,-87.62598128169628,S8WAA8l5vqz8WDGwbTW1Ag,2021-08,
41.87348741866797,-87.62765139701033,fPwytimQev-W6IwjE547HA,2022-08,
41.87405320229971,-87.62966093719302,NpewxrF2w4l5F5bxh1RxZg,2019-07,
41.87316567556434,-87.62349700784142,0gkrPzNre3bQyWB0PLiAEg,2021-06,
41.87375353217725,-87.62207684189686,6c2lxeFr1nllJFjNgV4JKA,2011-05,
41.87375353217725,-87.62207684189686,6c2lxeFr1nllJFjNgV4JKA,2011-05,
41.87266748244,-87.62324033050741,dZnIfRzLGDeBEOPTWfsdGg,2011-05,
41.87399644671637,-87.62598128169628,S8WAA8l5vqz8WDGwbTW1Ag,2021-08,
41.87316567556434,-87.62349700784142,0gkrPzNre3bQyWB0PLiAEg,2021-06,
41.8734365577876,-87.62596900564081,y-E7I0fhCg-7A28tYczKhA,2021-08,
41.87375504639843,-87.62680941829178,8Gn5qcoQSeJkCOBlOo0GFA,2021-08,
41.87266748244,-87.62324033050741,dZnIfRzLGDeBEOPTWfsdGg,2011-05,
41.87730943337193,-87.62974949831607,3cZG0UE1SPwO1GpGTQIh-w,2021-08,
41.87350948007827,-87.61870694195842,cBJHQ3ZqfGJD6BXKpK_dtA,2011-05,
41.87320254279121,-87.62680286616045,7I-wrUgR55btNfyjnLAf0w,2021-08,
41.87352086799535,-87.62818361294525,kQUt-VEApuDUrPqVbpz0Zg,2019-07,
41.87348104933515,-87.6268052761399,wal2ZARYwhpkxrtbOOKB6w,2021-08,
41.877539399999925,-87.62293819676984,None,None,ZERO_RESULTS
41.87336709912023,-87.61979671668513,LBnGH-Yyz6ovWn_Rdda8dQ,2011-05,
41.87298335382854,-87.62078097374138,JuiQuR9paduYczB_adkhLQ,2011-05,
41.8738727407314,-87.6241497782768,Vturw2KuHziSKbGVuE6c3g,2021-06,
41.8738727407314,-87.6241497782768,Vturw2KuHziSKbGVuE6c3g,2021-06,
41.87407788165402,-87.62208711192372,dzikD0eH3T5raMu73bYNpQ,2011-05,
41.8740599782903,-87.6203394708498,asKC-4dbR6jhbtjx2tTFoA,2011-05,
41.87347691836838,-87.62749452504913,iAW0ARxhN8a4eYGNAe6r8g,2021-08,
41.87407788165402,-87.62208711192372,dzikD0eH3T5raMu73bYNpQ,2011-05,
41.87323316713822,-87.61921358730832,fnWDRnkL5pLIQYJ3XhzatA,2022-08,
41.8735179947707,-87.62964467084564,CF1fHK2_ZwU5E4XzE0s4kA,2019-07,
41.87376135893685,-87.6197386074866,F4xt8fHbO07Zmnl2aV0jjw,2011-05,
41.87323785674679,-87.61872962572069,dXLVnXzfsvbj8zK7wVnyjw,2022-08,
41.87379039224557,-87.62765787370958,cPDooqahpS87Webfe5n0oA,2022-08,
41.87321598516353,-87.62086368834079,WA-tjzT6gZiuF7IhOlEXog,2021-06,
41.8738727407314,-87.6241497782768,Vturw2KuHziSKbGVuE6c3g,2021-06,
41.873793651936,-87.62868434363178,eNIdGyI6wwqhnjxnitDfHg,2021-08,
41.87379945203826,-87.62032956957519,tsXP7pwYFdf85s99Y8HnMw,2011-05,
41.87377314818646,-87.62965679529957,97hW_kAR2BVJBH4zTBP5MA,2019-07,
41.87349904705037,-87.62512082013171,VNM5CR5bJUmdyVtK-d6pLg,2019-07,
41.87377956775273,-87.62512918005503,lTpTzVSPbGZd1g8YNPKLFg,2019-07,
41.87400209808339,-87.6192799192553,OikLiqN7dGI3mXRKCIzwow,2011-05,
41.87758656092335,-87.62090746758425,epVm4ZgvJnQYdf-rVGdz0g,2011-05,
41.87375122464416,-87.62918017381601,7Y5jnHMSq_nrki4eORzUOQ,2021-08,
41.87714796662384,-87.62131873583397,ITxXY1cdL_kta3e52asI5g,2011-05,
41.87400061781454,-87.61979600514091,ZIXBcFy7GHU-Wco7seWyLA,2011-05,
41.8744494202893,-87.62452485156918,9Y35J7bFlHJCQQdC_c-9EA,2021-08,
41.87431511373018,-87.62919561194164,sq3LsYpcy7senx8EzFL8mA,2021-08,
41.87428408176887,-87.62598956614904,YofrCLQbpbL1z8iTSD7Org,2021-08,
41.87238775614381,-87.62038414196873,ApaHCqjjkyxc9aNSH-9c_A,2011-05,
41.8744494202893,-87.62452485156918,9Y35J7bFlHJCQQdC_c-9EA,2021-08,
41.87438457040822,-87.62718047826651,AFjF_TlmKj1mfYqA_Xgj4Q,2021-08,
41.87438457040822,-87.62718047826651,AFjF_TlmKj1mfYqA_Xgj4Q,2021-08,
41.87350570601035,-87.62031937021237,iaGXY5bGmfgvh97qYVUqoA,2011-05,
41.87398009359391,-87.61871245880661,sTeUZGG9nSMWMVWOgzygPg,2011-05,
41.87322360497981,-87.62511276146546,XDG_4QjUWB7r95KpASIaUw,2019-07,
41.87461249394826,-87.62398656771262,hPY4gTL_DtSVXQThytL5TQ,2021-08,
41.87378804187448,-87.62819106859354,h6O3xdYCnqIdgIx9R_s8DQ,2019-07,
41.87379792449885,-87.62430786677258,xcFgfvL_OADaQo4AQGNHfQ,2022-08,
41.87407314810235,-87.62430914714407,405-vyjg_z0xQeGUSBuxSQ,2022-08,
41.87440046215222,-87.626672576457,w4eX673kORFtQUdU6ZTNgw,2021-08,
41.87401536365102,-87.62918740337793,0ccAUBENbuGWXRuNu6XZPg,2021-08,
41.87401934573449,-87.62681340981962,7rLXShwkPvfGT1gSqTNcXA,2021-08,
41.87401934573449,-87.62681340981962,7rLXShwkPvfGT1gSqTNcXA,2021-08,
41.87431726506929,-87.62514514675115,HtRDh4O3mLrrXNYqbzDy2w,2019-07,
41.87439378238462,-87.6212525520209,Eh3FUXxkmslYlt0mgd6UAw,2011-05,
41.87439378238462,-87.6212525520209,Eh3FUXxkmslYlt0mgd6UAw,2011-05,
41.87456409597399,-87.62599559120464,TQOCqvc2kpw9SEFu8CHI5Q,2021-08,
41.87754453528913,-87.62437715741311,yS7fghTlRIwlMcKUn0gYPQ,2022-08,
41.87479972547116,-87.62373116874771,Z1j_bS3p4uTBG7WQtwdeSg,2021-08,
41.87352838687578,-87.62413802894324,7idFHYcX2q8CMqK8jKOCiA,2021-06,
41.87452010565161,-87.6282388148376,2TrGI68VjJMGM_URw3B2fQ,2019-08,
41.87406797086832,-87.62869315475581,QFbFAfVCoM7-l21ZGNT0gg,2021-08,
41.87428348544204,-87.62033252203886,zUajJgMCalf8tt2-Axr6oA,2011-05,
41.87487008305931,-87.62967584800637,t5TxgB4DR10Bcf5dvq1KiQ,2019-07,
41.87438143648193,-87.61976190496834,Wzd7efPpCjDgCQr4Qvx3FA,2011-05,
41.87455481449405,-87.62515207569302,z22qD7VAuNXLLSMzFT1AaA,2019-07,
41.87459165868984,-87.62825673849363,u_aGcslnI8vq2zCo0oJxHA,2019-07,
41.87483737648309,-87.62683268964727,jKAqPrVtLJxse-eKN1Kuew,2016-10,
41.87740136465786,-87.6201970896554,pFhJZPVY27AJFY4xYu_GRA,2011-05,
41.8737880804452,-87.62414631373004,edV6I7yrTrJB3U-0rtFXGQ,2021-06,
41.87441680864175,-87.62189133303019,GYEkLgioblpG0hI9CbmSqQ,2011-05,
41.87371850602587,-87.61926475188153,QxJyRukEP0RE2fi3ED0O9g,2011-05,
41.87435628483085,-87.61872330576475,bAvNAhHUJDpUPaoKAx84xA,2011-05,
41.87484245803883,-87.62868667820327,SZHhn6g8p6eJbPczMwX1_Q,2022-08,
41.87399369224565,-87.62415776179661,0KRo4jakzBBul4WM7_pdug,2021-06,
41.87447208996579,-87.62090382423388,7A3ff8wKrfx181Wu22H-Bg,2011-05,
41.87405220659959,-87.625137314033,7q-MCcfD0uoxKVqdkaUTMg,2019-07,
41.87433493814061,-87.62870173995196,sHXmfqA6xUIbp6kMiIJlVA,2021-08,
41.8746138367869,-87.62037018429,OmNFx_phT1355x23sopczQ,2011-05,
41.87481464377042,-87.6251598330941,9T7Q56XoBtcOwqt8Z2p2Tg,2019-07,
41.8751208210068,-87.62818587223273,5HmZyBV1bRMF671tG5R-pg,2019-07,
41.87449411251333,-87.62235494270203,hOewf9sLPESWvou0gu-egQ,2011-05,
41.87481464377042,-87.6251598330941,9T7Q56XoBtcOwqt8Z2p2Tg,2019-07,
41.87511848271745,-87.62920178719044,trutKccOZRG7BihXPQfN0A,2021-08,
41.87457198299722,-87.6277203813413,_8CiE5BOccLwRyDIpNSZGQ,2019-08,
41.87515754250774,-87.62433739062357,u-I1tB0pgHhTHkW9QgweFw,2022-08,
41.87488513955711,-87.62432940713514,H1sH3q-pJzJKzBqLUj1PDQ,2022-08,
41.87452789808413,-87.61868587584524,QVtcnHW5HVPFhiSWdtbMmA,2011-05,
41.87473931600342,-87.62136590225217,aa1U10wA63OUOMNZeGJSMQ,2011-05,
41.8751095217938,-87.62869277821207,tjlv4yeht9Itekxaq8ibsQ,2022-08,
41.87483326161778,-87.62417493389107,PkQg0rI_xE1AYggZSfWaDw,2021-06,
41.87523060582043,-87.61877735417087,uBK1oTsfgAvC7SLc19e0oA,2011-05,
41.87449565334355,-87.62295802372468,arAaVjZtHdz0un3stu_DhA,2011-05,
41.87214816461909,-87.62426079426669,rqLRm9Mn_9wq1zcQmJN7sw,2022-08,
41.87458081084331,-87.62877456343688,Fwn7TFV8-ougBVwrXZAyKQ,2019-07,
41.87511121482245,-87.6268515175961,LRCAeFBtn0iMu-1JkED9TA,2019-07,
41.87511121482245,-87.6268515175961,LRCAeFBtn0iMu-1JkED9TA,2019-07,
41.87449565334355,-87.62295802372468,arAaVjZtHdz0un3stu_DhA,2011-05,
41.87749348252176,-87.62606261989467,WsRe1T0cJo8UO4F56aBeYg,2021-06,
41.87457155544276,-87.62682448065914,mG5gfh94P_UUApwqu8nu7w,2019-07,
41.87763423986711,-87.6243794922046,ybK1pZ62mk5L3u-p29Hlig,2022-08,
41.87538528155339,-87.62761321459024,cFCzd6mIZBrHjnx4bsc45g,2022-08,
41.87481869354253,-87.62599935686399,o3Ai1_p7iXHAWKoM066Gww,2021-08,
41.8754225005891,-87.62418638195047,WuDj7pnHVHYfm5-HBzKyQQ,2021-06,
41.87486188018706,-87.6221093670291,65jZY_O6K9I3N0AoEt6xLA,2011-05,
41.87485573710399,-87.6281802993234,Le5ixamebjxb1b9DjLMyXw,2019-07,
41.87470146991203,-87.61924870977565,jfRv8M2xjyrOGPSCMxtTVQ,2011-05,
41.87406496443801,-87.62766427509749,SVMCycMJx9JAMrP2_kJD4Q,2022-08,
41.87562051406418,-87.62340014968264,jybbaC1jsA7kQXwsE_NLMg,2022-08,
41.87502881290224,-87.61922660698065,YHmWSmX0IJFx4vTXZbsU6Q,2011-05,
41.87485682392172,-87.6292044229671,JHAY-9LvWXUEPbi9nsdFGA,2021-08,
41.87440140501342,-87.62099134560036,Ft2HdZvJ-eRceLLT2F3Enw,2011-05,
41.87508704877751,-87.62008917497516,vS3Tws-vMmrU0wl1Ez-3lA,2011-05,
41.87486744177669,-87.61872433107288,opc4P1RyQWnRhRFJz4JOhQ,2011-05,
41.87480838335448,-87.62759800186171,_Bm6uD9K8-8oPmTIk8iHDw,2022-08,
41.87483737648309,-87.62683268964727,jKAqPrVtLJxse-eKN1Kuew,2016-10,
41.8749359381467,-87.62358332139321,ZNXztXZYSGmIKUbEM4lTsg,2021-08,
41.87457492488166,-87.62929810590204,Ux07kYuopvsgELlJCnzbqA,2019-07,
41.87451949794904,-87.61919217021149,nST1ZoiahH-II2KFGiSXLQ,2011-05,
41.87454889358004,-87.621883260512,_zGhE3Vz9THrIw1Mxnd9qw,2011-05,
41.8727297621989,-87.62595748271458,PaCFNKimqXhd_xIINKJNlw,2021-08,
41.87401172434158,-87.62828942278948,BbtFmoawWXAtkHWSUAwUVQ,2019-07,
41.87512009724496,-87.62059268026147,aaSYtZj9tlTYFNtipRHC0Q,2022-06,
41.87483718731608,-87.62179180470862,FFT5uBMvPcg1xAAUjN5YuQ,2011-05,
41.87538591757882,-87.62920758589891,SI8oE7rewozJkDJgNfXNrA,2021-08,
41.8753372548809,-87.62007423650566,25r2MUvBQQetA3McwT-PpA,2011-05,
41.87535466745298,-87.626005683171,0rzSJOZfoXHyYt2ZGD_QEg,2021-08,
41.87450130097616,-87.6224540881804,a9Ru2iNHsVbxHrwsLDPqJg,2011-05,
41.87430923521171,-87.6296644013218,IS-Ry-Zjf8AQLcDqj1wvmg,2019-07,
41.87428791125875,-87.62416951112509,c0R8LWoONP79g4ALu9Rr1A,2021-06,
41.87527236571209,-87.61867786216492,YQjAvTwvlFmiAR_HvZ9JOg,2011-05,
41.87570048754441,-87.62031161676599,obOH7b0BcMeevvax3ECVfg,2011-05,
41.87566205881593,-87.62556193579913,fpqBARmIiQTdR6NHRIQDtA,2022-08,
41.87515168896594,-87.62760703912679,i8m6Y9xOd_GI4oLQk7cWLw,2022-08,
41.87458427811997,-87.62141010835204,ikhGb8YKB91n670OTD5CPg,2011-05,
41.87298752975042,-87.62816275218549,2DmsUgthFDmXtw8fjI_aSA,2019-07,
41.87566205881593,-87.62556193579913,fpqBARmIiQTdR6NHRIQDtA,2022-08,
41.87524203629862,-87.62126629450621,x-ShyKdnXfS4kmcqDjWYAw,2011-05,
41.87591952490543,-87.62033608871268,mFzNxIHkbOdpw_HKTQ6x7w,2011-05,
41.87516756801067,-87.62516894615581,Ze_q0kU6HN6kaiEUu2x_eA,2019-07,
41.87565938653515,-87.62398144619033,VU9qi4PPO2aHcvqgoqiUyQ,2022-08,
41.8746888702257,-87.61986227526744,lOaINPMvurPYOZXiG4-nbA,2011-05,
41.8746888702257,-87.61986227526744,lOaINPMvurPYOZXiG4-nbA,2011-05,
41.87516756801067,-87.62516894615581,Ze_q0kU6HN6kaiEUu2x_eA,2019-07,
41.87484634891312,-87.62008922609756,vTZZIpt_-89xQjN3ErnXMQ,2011-05,
41.87319322029028,-87.62182613818318,avtYOvvXMRRNQAnkj8LE_w,2021-06,
41.8754040430109,-87.62517903830467,aBisY1OFG34V1L53tV6WZg,2019-07,
41.87481500976438,-87.62058612723911,tU0jbzU6zihsN8UD6n8yzw,2022-06,
41.87587546931807,-87.62344353252251,VnM-Q_6g7qTD7wUvBrcdvg,2022-08,
41.875241655587,-87.62338915333129,-cWGYDC4awMMe4rifR7HgA,2021-08,
41.8761806075979,-87.61938836702625,KEt-q3rdq7I2Zgbxp_KVBA,2011-05,
41.87442825802395,-87.62294363534347,J5pCXJ-J-E6tL1B2aiT3iw,2011-05,
41.87540940668723,-87.62191072340221,8N5xaTVigRek_VeR6O01JA,2011-05,
41.87190169020802,-87.623253971033,VCTbaKg0IdYH2EDXK1Lh-g,2011-05,
41.87442825802395,-87.62294363534347,J5pCXJ-J-E6tL1B2aiT3iw,2011-05,
41.87442825802395,-87.62294363534347,J5pCXJ-J-E6tL1B2aiT3iw,2011-05,
41.87593646485746,-87.62434853737867,thfFC9IY-_W7cFcAVDeK3w,2022-08,
41.87544762412956,-87.61843264688324,81jTPdee-nvU4h0Wn89d1w,2011-05,
41.87456832424465,-87.62982751630608,ljasj3wu4SfZTkvz2AYvVg,2018-06,
41.87592803984483,-87.6213124524956,kraiyO4I5_vLqD8gYWhaig,2022-08,
41.87508142031169,-87.62600078781446,dCTEO1mjdMdaltwpONig-Q,2021-08,
41.87511823650085,-87.62967931213403,TwePBrLmxNq6wJ2r5xnWLA,2019-07,
41.87537699578348,-87.62819280071366,F0s9W8DMJ34Et1C-ZwUjag,2019-07,
41.87619089999994,-87.62663244394345,None,None,ZERO_RESULTS
41.87572867328234,-87.62665962277832,-48xbIyHfzmr807VnsVb1Q,2022-08,
41.87581320764029,-87.62396781390028,FoKa1ejRAfMH1Ewqt0GeIw,2022-08,
41.87537245606691,-87.62686545027324,DUv_6as44z7H1HjkZ6IKvg,2014-10,
41.87591846526117,-87.62869443500446,qTYqPGO-6F31xB2RdTEUEg,2021-06,
41.87537245606691,-87.62686545027324,DUv_6as44z7H1HjkZ6IKvg,2014-10,
41.87620546848445,-87.62435350822804,cpsFSXjoUFuR7pQ48cNehA,2022-08,
41.87618700769235,-87.62923258811404,3-r2oSo1H0TCeWxP8MsgNw,2021-08,
41.87594640222787,-87.62762375806248,vDFlbv7CHomQ0us7oW1zrg,2021-08,
41.87517224469659,-87.61967542692219,7X6xEFwrHxQFiwXgVbgpQg,2011-05,
41.87592175692562,-87.6292186561585,wq_tbTOwTePSHZjFQYq1og,2021-08,
41.876730299999934,-87.62293819676984,None,None,ZERO_RESULTS
41.87621442318244,-87.6276288038662,YXDrpLwzDZMLJOJ4u1_JXw,2021-08,
41.87560869807955,-87.62715472181593,2Yb0g68JNxAKDyG3fkzlnQ,2022-08,
41.87539666724763,-87.629685863853,CSR2d4My_lMdmGX4dEvbdw,2019-07,
41.87592074173711,-87.62970664861044,ozo92Jppp4hO4K-JUCNhSg,2018-06,
41.876730299999934,-87.6224104471736,None,None,ZERO_RESULTS
41.87621442318244,-87.6276288038662,YXDrpLwzDZMLJOJ4u1_JXw,2021-08,
41.87693597676099,-87.62721557328985,E5kPL5RDF_BahWbZbnjbTw,2021-07,
41.87510106374661,-87.62418013070787,iSrtQk0-pPMpBvTbBtyP3w,2021-06,
41.87647621400003,-87.62435855439276,Wzk2G_5RBIWNFZpNzHqLcw,2022-08,
41.87514037989677,-87.62211755173493,ypYoWRqB7V5onSzv7DYBOA,2011-05,
41.87694595431499,-87.62662648544408,no6SwfXfmBrxnxlxV7F0JA,2021-07,
41.87644668514126,-87.62769929443895,nZzJHDtqF-MgwDU3ll8suA,2021-08,
41.87694595431499,-87.62662648544408,no6SwfXfmBrxnxlxV7F0JA,2021-07,
41.87658074543187,-87.61930349641679,GSiCiioelLV3ZtA8_ULbMg,2011-05,
41.87696735512693,-87.62559605298516,atJhQHuzJDGxQuBO0r055Q,2021-07,
41.87696735512693,-87.62559605298516,atJhQHuzJDGxQuBO0r055Q,2021-07,
41.87650024532056,-87.62603136495594,LoyS7HJbFVPDyS4dRLGBCA,2021-06,
41.87697699164159,-87.625071639651,IZFEbc5LtXMC1LK6kP3ODw,2021-07,
41.87691959404345,-87.62819987981268,DUT_NGv8QjDozN71N1x4PA,2021-07,
41.87650024532056,-87.62603136495594,LoyS7HJbFVPDyS4dRLGBCA,2021-06,
41.8742617763532,-87.61929025023791,QuFOijP_zCfYBZ84yMOqWw,2011-05,
41.87692096461741,-87.62410247965919,AQs9GjwigWe68CiXIN_v4w,2021-08,
41.87541318702656,-87.6213830030469,J0yp2WDefFSXhMs2L5po2Q,2011-05,
41.87672954400871,-87.62926037670456,qeFiMvNaVBheDlYGUMCA3w,2021-08,
41.87695424830913,-87.62613958979728,-Gw-5DU6ZDICJcez2Uk_fw,2021-07,
41.87442296068118,-87.6255997433636,PdMzdq_qA9bC8LwqyzTBHQ,2021-08,
41.87674574501575,-87.62436352524105,OtJMRiblgLJg8hsS3RY2NQ,2022-08,
41.87644068650618,-87.61969566960235,a6x3K3M0xNpegyQSXOMpZQ,2011-05,
41.87442296068118,-87.6255997433636,PdMzdq_qA9bC8LwqyzTBHQ,2021-08,
41.87697699164159,-87.625071639651,IZFEbc5LtXMC1LK6kP3ODw,2021-07,
41.87758204671122,-87.62606472866085,i__Vsb5QMMPgdIF5te5_JQ,2021-06,
41.8769860138262,-87.6245799825648,QwFV6u5vsgAbIh_u-b3V4g,2021-07,
41.87562221995778,-87.62138024125997,kKwFrWydofcgNgOKpXUg-A,2022-08,
41.87623751441929,-87.6186388196593,BaNu6Qybv5Is_DFKfxagUQ,2011-05,
41.87591342445801,-87.62087235032907,0pFdnk-KTz2hD4Tlv9jXrA,2022-08,
41.87572011160196,-87.62719983325051,IDjvb59XLpE-LdKeI00VUg,2022-08,
41.87560941961701,-87.62245136571804,Y26-pQ4V2My2Jdnow5QuZg,2022-08,
41.87646917570015,-87.6287108523075,Dk5l8glHy8_GbAAxUDdxmw,2021-06,
41.87643727457356,-87.62117380934583,9KOyY2mVrzpMXUj3lRBB6g,2011-05,
41.87570561927986,-87.62873954491931,2Fg7q6Hd8hAYCH0d_xICJg,2022-08,
41.87646917570015,-87.6287108523075,Dk5l8glHy8_GbAAxUDdxmw,2021-06,
41.8754674037685,-87.61948821368318,nuTKSM7qsLEZAHAZccaoeQ,2011-05,
41.8775434148568,-87.627604403258,kN4KJVNUCNaDT1KltIBuZw,2021-08,
41.87616777962842,-87.62417832311948,wFqvk9_-bgqK9riFq57zYg,2021-06,
41.87623861444687,-87.62602398426849,e4H1X_xtB0pKTkSPf_5n-g,2021-06,
41.87594033605102,-87.62602051986376,Wr7bBpxyyrM56E2YfVrlyQ,2021-06,
41.876610717178,-87.62375346255082,90zRHB49yW2N_PONScP5bA,2021-08,
41.87625313950011,-87.62556238529558,ZbgwgGFgvzgHX4jbUdkwCA,2017-05,
41.87620700360686,-87.62870294489164,7x7TMVJGUI6y1GPo4jfwUg,2021-06,
41.87534701340701,-87.61974039623087,QQdscxQXSVUSxiqVgjzGxA,2011-05,
41.87622114332311,-87.62518475528285,uHODmsmzBDlzAbSBcX8IMg,2017-05,
41.87623819661662,-87.61922437222181,E-nz5RLHum34NtIPjWqJcg,2011-05,
41.87620700360686,-87.62870294489164,7x7TMVJGUI6y1GPo4jfwUg,2021-06,
41.87537719159384,-87.62869895352883,AatDFd92l-Ras9jcD7Ltfg,2022-08,
41.8762009680016,-87.62213336857921,lbu9AN-jLISOJEV2t6t9VQ,2011-05,
41.8762009680016,-87.62213336857921,lbu9AN-jLISOJEV2t6t9VQ,2011-05,
41.87561517232852,-87.61976543757147,N-5xtHGcjdHMlTk80qw2GQ,2011-05,
41.87677541876061,-87.62603821845036,LvBTrLvafWkvDWhqGzT8VQ,2021-06,
41.87620360115305,-87.61971548641172,ta0TdaB0CeSHv0nU3bks3w,2011-05,
41.87619148795799,-87.62085908635392,gVa5amANhVbVNmynSfcp3g,2011-05,
41.87647979501894,-87.62417967881078,d7oa25RtKMkwGZIy8LmPpQ,2021-06,
41.8762597859231,-87.62342199174259,hNSC9PLAXs14Oh8KimDDWg,2021-08,
41.87617993871006,-87.62337634935717,Pj7MIncs3if2HnG2Q7XAzA,2021-08,
41.87645636746826,-87.62972231247937,QbPuaLreFOOqZde7NRDKcw,2018-06,
41.87597955110607,-87.61833095524567,Qal2K3jhQLToajsf_MdOiw,2011-05,
41.87571027387639,-87.62824461366827,m2gLLLtq-DngdRJ9QS18GA,2022-08,
41.87571027387639,-87.62824461366827,m2gLLLtq-DngdRJ9QS18GA,2022-08,
41.87616032807116,-87.62136646216958,QWvqmwz25Ez8KfScIlC6cA,2011-05,
41.87672019969887,-87.62972999379775,SuBYBZtwyAhfY0qNul1rPQ,2018-06,
41.87566538716354,-87.62503639235202,MOaI86jpczGHRt9dRlT2Yg,2022-08,
41.87618228692034,-87.62515132932378,tEt7KCq7Bnk0l4QxE5U7_A,2017-05,
41.8759261627014,-87.6255660269809,nV1IXBqpowQ8FrZrQtJZLw,2017-05,
41.87671995662424,-87.62085544262031,ZQiY7i0X-JM5XRzwzTuFEQ,2011-05,
41.87689945298698,-87.61978787620339,0thknubzOOekcVX5jgqU1w,2011-05,
41.87593555115549,-87.6250838980539,3PmQd5ZTRbTNq8Xuy-uPGQ,2017-05,
41.87592685594314,-87.62238500960528,sAaBAMuzc7hBK-X6zTFqHg,2022-08,
41.87433266414829,-87.62767165552007,DQmlXmDmW_1ghk_J7yx0Yw,2022-08,
41.87591597076395,-87.6229767882457,D_kSBw6WVOaWZnZVM8YL_w,2022-08,
41.87640938066613,-87.6235412943962,5UySB01jWk1bU3dK4n61QA,2021-08,
41.87591597076395,-87.6229767882457,D_kSBw6WVOaWZnZVM8YL_w,2022-08,
41.87604754699441,-87.61976878281168,iaLB8j4WBOJAHc2VYrAgSw,2011-05,
41.87699999999993,-87.62293819676984,None,None,ZERO_RESULTS
41.87674704354843,-87.62013864769206,MjKV8PfIABu6DoZf4iis2Q,2011-05,
41.87619510861808,-87.62971463115971,naZCDmG4oZ8BSLEiXvGIKg,2018-06,
41.87667981189055,-87.61883412779082,n2f-DyynSH3bJRzRqUHBgg,2011-05,
41.8762002405365,-87.62013053733958,Kx28AIFXZE_G3Cf_08NyxA,2011-05,
41.87643530119531,-87.62758406940786,HBtpRyI0ODfxeUAD8KgzUQ,2021-08,
41.87643249166427,-87.62012377083741,087YzNyvuEqMbaKc5q7WXg,2011-05,
41.87673854191906,-87.6287188350307,YRJq9Qvt_i0HwO4I6uSPrQ,2021-06,
41.87643167847229,-87.62181976451993,6QI3hUXgbiGKyg2QtpiWgw,2011-05,
41.87619223938446,-87.62181872605544,DJCjoknCYgq7Sp6k9oihdg,2011-05,
41.87567284967942,-87.62449111016201,W_jCOMwQKeC3R0F1rMCPnw,2022-08,
41.87568527482276,-87.62920811305419,J5Z2zGv8lbZathR7ZlIgNw,2021-08,
41.87619954493795,-87.62555866578866,OpCOA57eXzdbjd1e2eOtdA,2017-05,
41.87530330498308,-87.61916778224581,sp9q0NO8zdfMaWi14neXfg,2011-05,
41.87560251055157,-87.62294959838057,JfuzJKoD5eIqE84Rz_SbCQ,2022-08,
41.87560251055157,-87.62294959838057,JfuzJKoD5eIqE84Rz_SbCQ,2022-08,
41.87704556068502,-87.62033822091686,dumTXCORlJ4IHWcVtRJDfg,2011-05,
41.87648455633443,-87.62924847806894,vxYBH39qCuT9CFSns3L9gA,2021-08,
41.87696868942427,-87.62184415638973,zBlHraCbcTqLkSR9xHl32A,2011-05,
41.87645361363799,-87.6208586505091,DWhQAxG9WP9d7Aq99ZW9cQ,2011-05,
41.87696868942427,-87.62184415638973,zBlHraCbcTqLkSR9xHl32A,2011-05,
41.87693360765806,-87.62138232992416,kS8-avB8IyO34rCaAy2vlw,2011-05,
41.87565430542759,-87.62611172399623,SO8c9Mz1skb2ujJUJXNeqA,2022-08,
41.87543864171662,-87.62093240217938,qkI07USg52C54pOvA5byBw,2011-05,
41.87516035761158,-87.62180380515115,eDpXkltu_bRxnsBIVxbKRQ,2011-05,
41.87508688567145,-87.62347433732654,FplVn75G3xndBrluvz3_PQ,2021-08,
41.87592831838092,-87.62191652216461,syiI3Csym5DyWvyxasRWaQ,2022-08,
41.87542889907702,-87.62434243679007,_UEA4W4S3m0s5szjBpvlzw,2022-08,
41.87680045424123,-87.62143852347705,J3LhVJ5OUvyJKLgOwUZWXg,2011-05,
41.87705443082144,-87.6197846138096,V4PtGhe79qzziVIyDq-zpg,2011-05,
41.87753692191526,-87.62772301720341,0iKpavVo4ulnkpDG64bjPg,2021-08,
41.87566056102217,-87.62084570354878,HX1xA7CaEjsSBTpP7ocfLA,2011-05,
41.87564511971588,-87.62660313867143,B5Whye_RtzKoV3aE_ieifA,2022-08,
41.8770606206755,-87.61866474320533,Sxkga8G42Ov_SUdqpmfoxQ,2011-05,
41.87570259747957,-87.62978135316784,7X0w9VzKZ6nnCz2iatbkMw,2022-08,
41.87690812942499,-87.62087760432769,HasfesawQxcTzMtDzEDspg,2011-05,
41.87753643752627,-87.62874044862333,d9poZzt9CvLMDTj-sr6yPg,2021-06,
41.8764172364862,-87.61934920326841,vAzbnIi84TwyfuqzCjy4zA,2011-05,
41.87705795859732,-87.61923436199318,VMtLXVUeHePp1EfdzQ_npQ,2011-05,
41.87677364242102,-87.62392804675466,z9KxCOS-WanZ-6SjUa0uaA,2021-08,
41.87677364242102,-87.62392804675466,z9KxCOS-WanZ-6SjUa0uaA,2021-08,
41.87561529238113,-87.62185167167605,QQeTczKSNlsYKW0H2y6PQw,2022-08,
41.87753105949324,-87.62928861712476,iW3KFWRiuUbWyZT8y195IQ,2021-08,
41.87783267007523,-87.61916554370188,9MSj2F8yARLviLZz7f1CZg,2011-05,
41.87757564141037,-87.62975876107667,Zw5TfDCVyFDcmiCqMDn0Ew,2021-08,
41.8753385165184,-87.62211908416396,TXDyqkMJoZFSzJ8NcqMWFw,2011-05,
41.8779362135674,-87.62014488384834,e2rLvU4IJM0FYjJvDdLFfA,2011-05,
41.87776810765735,-87.62090780947655,dACWlVtU4T-6T8Rq4bQPdQ,2011-05,
41.87824452161966,-87.6219229655063,yNjelDvvXBDc03Xzjd2sHA,2011-05,
41.87831289052538,-87.62255251906215,ahidyUbwzKve3W_HjFC04Q,2021-08,
41.87567172535081,-87.62761916412131,LCjxCAx7-dDnN6920iT5hw,2021-08,
41.87646006547177,-87.618677985526,c44He8ZCftQhIMSOgUeTiA,2011-05,
41.87672267797495,-87.62770546988993,Up6tlbYN1vZR3rQ2B32KZw,2021-08,
41.87781478286941,-87.62438408647138,C9ktXgND1lv6fzIxkHI6Yg,2022-08,
41.87531443292242,-87.62335631489638,b7OXasWqoOVnLPm7LyT0ig,2021-08,
41.87679929264706,-87.62179757341127,DiiOhuFkTztXEgxePA2Zhw,2011-05,
41.87790266964987,-87.62438642126251,QnKERwIvlzfXJHo7sFAjhQ,2022-08,
41.87776530792563,-87.62418811422238,VyX18dGtBbdvyKNgiLrvBw,2021-06,
41.87776530792563,-87.62418811422238,VyX18dGtBbdvyKNgiLrvBw,2021-06,
41.87784726700148,-87.62607022651508,8RcHkap-tVlyaxg2Q1yInw,2021-06,
41.877539399999925,-87.6224104471736,None,None,ZERO_RESULTS
41.87784726700148,-87.62607022651508,8RcHkap-tVlyaxg2Q1yInw,2021-06,
41.877822066356,-87.62761125651654,KEUH810VqezhDnlMTo-qIA,2021-08,
41.87750673860721,-87.62418201361236,TY1VM11oKJWIJxGvt-5pKQ,2021-08,
41.87781012759211,-87.62773017168551,a6SUw_m-lDtY9piGhufKUA,2021-08,
41.87781012759211,-87.62773017168551,a6SUw_m-lDtY9piGhufKUA,2021-08,
41.87782157202283,-87.62929780467104,yZEhmIxF32R6Nx7glcccww,2021-08,
41.87785791694331,-87.62976877690514,ougOmsRUQ1OTiBceWuuhjQ,2021-08,
41.87814729605585,-87.61882577654183,tAupDa1blWjvgmVWalCw2g,2011-05,
41.87722632394806,-87.62605501327299,wwUTLfZV8-CKOnXldlYNmQ,2021-06,
41.87813585310171,-87.62039184633622,fZijBlFs6g6irG4ncGxfNA,2011-05,
41.87795955414144,-87.6196204650768,Q1VQ5nJ_2YcBiz9pR-2ZYw,2011-05,
41.8782472635796,-87.62129964998037,BbXUb9JGDOYneyquEsvDIg,2011-05,
41.87805406639722,-87.62090235769804,5PkvlVAypogIfwvXAQXTig,2011-05,
41.87831442000724,-87.6224321593616,tUNsZ2297ENQOkSZ4MS2jA,2021-08,
41.87830825466233,-87.62291133671475,N6RAarPXpOxC-9LE0X1r9A,2021-08,
41.87830313663704,-87.62350378639852,CmkAbU-VFvXMVE86HNYGGg,2021-08,
41.87809095153271,-87.62420084265298,n7lXbfaF2555VVNoixHHTg,2021-06,
41.87807533349469,-87.62439086489694,kSF4gUUq69u89Nk_1pZsoQ,2022-08,
41.87826078097465,-87.62559582704363,Mr_wFtmV2vH_htnR4pGwVA,2021-06,
41.87827075765376,-87.62509528846455,-R3zTxvfI8aXKdbSRsufyA,2021-06,
41.87753692191526,-87.62772301720341,0iKpavVo4ulnkpDG64bjPg,2021-08,
41.87811943851018,-87.62607504655112,8ZNWPDNUgVJsdC7Uz5-XyQ,2021-06,
41.87823168486598,-87.6266386106987,L-FvpFzItzDNn5Q6Jg-7-Q,2021-06,
41.87822194616638,-87.62711058938442,5tTq1_9OWnWHe74vHTyZew,2021-06,
41.87808764653666,-87.62773725085617,7s1gMdNF_FOGhKBPbomDyw,2021-08,
41.87819948611838,-87.6282593743248,ymGWvW3lzKlBuldeeefC8g,2021-06,
41.87809458931094,-87.6287549831938,7d8V81kodHBWz1wEYpsi3A,2021-06,
41.87805096805952,-87.62929931082599,onoQGQiUVzZB1xePqSkY-w,2021-08,
41.87803811643932,-87.6297751026904,d2PIrRCT3EnI40prp_mOmA,2021-08,
41.8783548012141,-87.61923942355726,uwUv1qNyHOehMcRxUUheWQ,2022-08,
41.87834207087207,-87.61971539545611,KXaZizLv-e51-HO-lAlMWA,2022-08,
41.87832726852935,-87.62089773371135,eGfFUyJ2sY5q-cezC1fEIg,2021-08,
41.87789072909176,-87.61883268879691,bOsKrlLVcTOb30KEF9jpWQ,2011-05,
41.87833232981818,-87.62034351410658,o08bj3MKg_RjO1h13tk2xQ,2022-08,
41.8783239788805,-87.62134717541969,JCVzlsYu74LoLGeE9D7TTA,2021-08,
41.87831442000724,-87.6224321593616,tUNsZ2297ENQOkSZ4MS2jA,2021-08,
41.87832029721224,-87.62184007239196,t574gn98LfevxO9RUp9BFA,2021-08,
41.87830313663704,-87.62350378639852,CmkAbU-VFvXMVE86HNYGGg,2021-08,
41.87827933051287,-87.62453411538867,gsyizk8CKPmgxmwRsb3jEA,2018-06,
41.87826078097465,-87.62559582704363,Mr_wFtmV2vH_htnR4pGwVA,2021-06,
41.87822194616638,-87.62711058938442,5tTq1_9OWnWHe74vHTyZew,2021-06,
41.87819948611838,-87.6282593743248,ymGWvW3lzKlBuldeeefC8g,2021-06,
41.8781667550744,-87.6300062944797,BAYcGfwa3zKZbFvZGEIw-A,2009-04,
41.87827075765376,-87.62509528846455,-R3zTxvfI8aXKdbSRsufyA,2021-06,
41.87826078097465,-87.62559582704363,Mr_wFtmV2vH_htnR4pGwVA,2021-06,
41.8785754906143,-87.62089744364627,WCOA3qqgtQ_0haZHti-jog,2011-05,
41.87823168486598,-87.6266386106987,L-FvpFzItzDNn5Q6Jg-7-Q,2021-06,
41.87866383455979,-87.62610215924438,Kslc52AUDEwtgFaD3yC9Hw,2021-06,
41.87862766789268,-87.62763279532247,kwbUtIUQA-mhcRajbT4G5A,2021-08,
41.87862766789268,-87.62763279532247,kwbUtIUQA-mhcRajbT4G5A,2021-08,
41.8787437,-87.6222966,DU2H2A3V5D0xe_OHCLc59w,2011-11,
41.87862263053485,-87.62931934268212,2Oxdf_ZiRraDOXypU7wolA,2021-08,
41.87862263053485,-87.62931934268212,2Oxdf_ZiRraDOXypU7wolA,2021-08,
41.87847648874438,-87.61972441080042,BOiCAHSBk1M_QTgrkN0D8g,2011-05,
41.87847648874438,-87.61972441080042,BOiCAHSBk1M_QTgrkN0D8g,2011-05,
41.8786947,-87.6232651,N6kVf3o0qscbkerud12czg,2011-11,
41.87889690022368,-87.6207132707697,k7MLwIIIkphbAf_nGaU9zw,2021-08,
41.87865447701543,-87.62774696588647,hNYUXy50yYEDEELD2_SXOg,2021-08,
41.87882522139956,-87.6187581905728,2bFmFgiOe_Bd8wDUJZ3LvA,2011-05,
41.87888789999991,-87.62504919515476,None,None,ZERO_RESULTS
41.87886943437051,-87.62090076957848,aTLXAqBjiQ8cp9hIZMJAfQ,2011-05,
41.87890646668632,-87.62442061464168,MIEhTo7gCzlHzK55Ileqbw,2021-06,
41.87886847074429,-87.6261075817811,wJOyDYBzYnYj1fBTQ0ZDPw,2021-06,
41.87886970264771,-87.62423511148702,2QYQurUzAJPPa61nJ__zKQ,2021-06,
41.87886847074429,-87.6261075817811,wJOyDYBzYnYj1fBTQ0ZDPw,2021-06,
41.87892595206606,-87.62764092885494,f_KEz2wnu2IVQ_89u4k1Fw,2021-08,
41.87892595206606,-87.62764092885494,f_KEz2wnu2IVQ_89u4k1Fw,2021-08,
41.87878436331627,-87.61918409329144,6WyJ7pFJk2dfS03BAvLsaw,2011-05,
41.8788677,-87.6232836,a59sl2JmzbjKAbsaS7_WGA,2011-11,
41.87888243604338,-87.62933056353003,lMGOK9jOmcAYfaXiW2H1gQ,2021-08,
41.87915759999991,-87.61977169919246,None,None,ZERO_RESULTS
41.87886316196076,-87.62775043016033,MiFXYblJJGjB0CJ4PUfMLQ,2021-08,
41.87883153292902,-87.61862528649075,YD4bBZW0ug6PxDHUF_LrMw,2011-05,
41.878896,-87.6231454,SVagL6wdNwM7FKmKBHR64g,2011-11,
41.87915785756383,-87.62442776964068,Ks06b2hF37LIX4Y1fLIIRg,2022-08,
41.8788951,-87.6219515,_XqT5t291kT1W_MxStb1iw,2011-11,
41.87952248227165,-87.625571500664,f35kT4yzvg8JREZTIQ1AOA,2021-06,
41.87951172050014,-87.62660366585673,0OoRXP3hlL83XkrAJyd9Bg,2021-06,
41.87946242203768,-87.62827277940673,CBoYoyHOQYOfMHX6T-Oidw,2021-06,
41.879427299999904,-87.6187162,None,None,ZERO_RESULTS
41.8788718,-87.6223232,hbradSFWDmDbmWCloquSSw,2011-11,
41.87949648213884,-87.62720932246148,OxjYmDWjsaF91Tmd9jfIrQ,2021-06,
41.879427299999904,-87.61924394959622,None,None,ZERO_RESULTS
41.879427299999904,-87.61977169919246,None,None,ZERO_RESULTS
41.8791808,-87.6239464,1U3uqyn-smAvFnhMsZlong,2011-12,
41.87952904639965,-87.62500829993402,L2sUGBRv5XwvvqmBttXtfA,2021-08,
41.8791475,-87.6219552,8Rj-W_Pn0OiMb1df79_yuA,2011-11,
41.8791559,-87.6231578,q36bljG5QmLbe93qcZrffA,2011-11,
41.87914960773881,-87.62091271629164,2yS2DDaF4VzuyFpmCPmn3A,2011-05,
41.87940578988671,-87.6261223431278,lXkDGlLm6OYnV7CpLJcJ7Q,2021-06,
41.87949648213884,-87.62720932246148,OxjYmDWjsaF91Tmd9jfIrQ,2021-06,
41.87919208485796,-87.62933907329877,8wAdtKbeEdbZgookCbu_BA,2021-08,
41.87946242203768,-87.62827277940673,CBoYoyHOQYOfMHX6T-Oidw,2021-06,
41.8796969999999,-87.6187162,None,None,ZERO_RESULTS
41.8796969999999,-87.61977169919246,None,None,ZERO_RESULTS
41.87943154505874,-87.62927061856563,NJV_YPciTdjD7bJmekk-5A,2021-06,
41.87952248227165,-87.625571500664,f35kT4yzvg8JREZTIQ1AOA,2021-06,
41.87951172050014,-87.62660366585673,0OoRXP3hlL83XkrAJyd9Bg,2021-06,
41.87949648213884,-87.62720932246148,OxjYmDWjsaF91Tmd9jfIrQ,2021-06,
41.87942543737444,-87.62091951854723,-0jsqJAoElTUtKlfnuwblw,2011-05,
41.8799666999999,-87.6187162,None,None,ZERO_RESULTS
41.8794281,-87.6234668,C7Vwn-6_TMwV5Vhyra1MBg,2011-11,
41.87970355638213,-87.6209349394309,koasr57kFC3VcJ3-QbW7ag,2011-05,
41.87942138976872,-87.62981486474918,FP9-hSoSpFyfVNnj8GqwQQ,2021-06,
41.88001781026432,-87.62444953589394,SJEAaq-4Ao65YYXmsz3L_g,2022-08,
41.87992444334829,-87.62766472696013,Gr5rEc6gj2OPQ7Mu43MASA,2021-08,
41.87758204671122,-87.62606472866085,i__Vsb5QMMPgdIF5te5_JQ,2021-06,
41.87969315348617,-87.62527378389203,olWyy7_vGp81g24bFAricw,2021-08,
41.8796529,-87.6229423,Bq_8Pi3tzePaieA1HL-PaA,2011-11,
41.87970685094464,-87.6207299169048,O2lD_P4xMsBK7cPgJtnZpA,2021-08,
41.87827075765376,-87.62509528846455,-R3zTxvfI8aXKdbSRsufyA,2021-06,
41.87823168486598,-87.6266386106987,L-FvpFzItzDNn5Q6Jg-7-Q,2021-06,
41.88001019418557,-87.62073767505622,I3beDkT7FVPSXGsxbKd7fA,2021-08,
41.87784726700148,-87.62607022651508,8RcHkap-tVlyaxg2Q1yInw,2021-06,
41.87862263053485,-87.62931934268212,2Oxdf_ZiRraDOXypU7wolA,2021-08,
41.87697699164159,-87.625071639651,IZFEbc5LtXMC1LK6kP3ODw,2021-07,
41.87830044708187,-87.62394243222232,789f_iLxkBNvskNxyRQkfQ,2021-08,
41.87886847074429,-87.6261075817811,wJOyDYBzYnYj1fBTQ0ZDPw,2021-06,
41.87758656092335,-87.62090746758425,epVm4ZgvJnQYdf-rVGdz0g,2011-05,
41.87714610727915,-87.62169111745042,Pqk-N63PJcxnNlNDYJYT4g,2011-05,
41.87992056778381,-87.62073526475689,PGaa_ici5VEwfPhLHzzXIg,2021-08,
41.87726877684068,-87.62759762530895,6_38jLWiE_urGPpssSK4DQ,2021-08,
41.8783239788805,-87.62134717541969,JCVzlsYu74LoLGeE9D7TTA,2021-08,
41.87952904639965,-87.62500829993402,L2sUGBRv5XwvvqmBttXtfA,2021-08,
41.87996835220657,-87.62527898058391,wppRYXzGbUlc-wZbpXKwpg,2021-08,
41.87942138976872,-87.62981486474918,FP9-hSoSpFyfVNnj8GqwQQ,2021-06,
41.87996835220657,-87.62527898058391,wppRYXzGbUlc-wZbpXKwpg,2021-08,
41.87951172050014,-87.62660366585673,0OoRXP3hlL83XkrAJyd9Bg,2021-06,
41.87914960773881,-87.62091271629164,2yS2DDaF4VzuyFpmCPmn3A,2011-05,
41.87942138976872,-87.62981486474918,FP9-hSoSpFyfVNnj8GqwQQ,2021-06,
41.87886943437051,-87.62090076957848,aTLXAqBjiQ8cp9hIZMJAfQ,2011-05,
41.87942543737444,-87.62091951854723,-0jsqJAoElTUtKlfnuwblw,2011-05,
41.8793835,-87.6219578,PtyShB3nObRDP0BaUDz7nQ,2011-11,
41.88006688370292,-87.62986893506904,KFxMRQifAEEpsxr4EhMFjw,2018-07,
41.88008913937596,-87.62822028869836,s1irMU9JRU-Rty1WlF2Qmw,2018-07,
41.87939825688665,-87.62443439742823,c8JhBVSXnO045mapJTWYrQ,2022-08,
41.87944976575651,-87.62867688806395,fU_tXBg_7QzZ8_79wfOA4w,2021-06,
41.87862885657246,-87.61921001978843,GM90jIcirPEeWYMBjRy0vA,2011-05,
41.87862367496525,-87.62439997811194,FWWFq43NSBOl_tTqxXcKkg,2022-08,
41.877815670897,-87.61982616490523,wygg_ZlQr--kT792SIPxiA,2011-05,
41.8791762,-87.6234625,wmrTt93dF1rIKS8QN1afsQ,2011-11,
41.87818897726157,-87.62866114852788,aXJ7ZrczOD7v2HBy8C6bkA,2021-06,
41.8799728,-87.6221963,DL_bZQvBFRV5CDA109hwWQ,2011-12,
41.878812102423,-87.61908894363295,pG1-3ugnj8wpy5NuvKP8hA,2011-05,
41.87849743001304,-87.62034733095929,TC1oHn8UXMlqPpVrPDiwoA,2011-05,
41.87943404837063,-87.62072712999574,LyOVWB2nSe-LKxUFypMLEA,2021-08,
41.8796757,-87.6239578,DWWwXvNB-bKoq1WLtV-4ow,2011-12,
41.8796855,-87.622156,M4eWeLkonjufh2RndntlbQ,2011-12,
41.87833277717776,-87.62762405930451,g4cWhv3hjgj3uKx5UAXaoA,2021-08,
41.87751057296169,-87.61881093339139,pLXo_xYm_24-h_bg43Xelg,2011-05,
41.87911846106353,-87.62764582403581,q3IpZiVqh-2bPcEX0jjZAg,2021-08,
41.8798414,-87.6233138,2TsyGbxpk-PXVn2j8IWR_A,2011-12,
41.87952248227165,-87.625571500664,f35kT4yzvg8JREZTIQ1AOA,2021-06,
41.8796653,-87.6223921,Iu1dMZk1V1lkteurin0TCA,2011-11,
41.87780888603483,-87.62874760294615,hsBwoTftQZBdVk8aAJLO_A,2021-06,
41.87804790327789,-87.61917808348275,t0MPKSqcoKouvENQw1HdXA,2011-05,
41.8799666999999,-87.61924394959622,None,None,ZERO_RESULTS
41.87968896095877,-87.62612851879187,0odbPcxeDQAMinEzt1B1zA,2018-06,
41.87946527313881,-87.62815748051183,9oSNlmUyE7jB0y0IAXvI-Q,2021-06,
41.87966210430525,-87.6276589280559,PLll_JGjlN4riIobu8LmEQ,2021-08,
41.87992444334829,-87.62766472696013,Gr5rEc6gj2OPQ7Mu43MASA,2021-08,
41.87824452161966,-87.6219229655063,yNjelDvvXBDc03Xzjd2sHA,2011-05,
41.87830825466233,-87.62291133671475,N6RAarPXpOxC-9LE0X1r9A,2021-08,
41.8799666999999,-87.61977169919246,None,None,ZERO_RESULTS
41.8796962,-87.6234591,B3hQVnw0nVHPM0d3WtaS3Q,2011-12,
41.87965557183471,-87.62935006821883,VaNcLEX27nGgJvzeKkBIug,2021-08,
41.8799335835638,-87.62935579160083,b_uBid-bsMFCVwWNgWJBBg,2021-08,
41.87776810765735,-87.62090780947655,dACWlVtU4T-6T8Rq4bQPdQ,2011-05,
41.87882522139956,-87.6187581905728,2bFmFgiOe_Bd8wDUJZ3LvA,2011-05,
41.8796969999999,-87.61924394959622,None,None,ZERO_RESULTS
41.87830249061797,-87.62378818362119,l7Hb_o7Gev_YJIno_4k32w,2021-08,
41.87970685094464,-87.6207299169048,O2lD_P4xMsBK7cPgJtnZpA,2021-08,
41.87888243604338,-87.62933056353003,lMGOK9jOmcAYfaXiW2H1gQ,2021-08,
41.87888243604338,-87.62933056353003,lMGOK9jOmcAYfaXiW2H1gQ,2021-08,
41.87859965800197,-87.6242267514002,Vwa6_C2pWvKPyAWIdBpicg,2021-06,
41.87830825466233,-87.62291133671475,N6RAarPXpOxC-9LE0X1r9A,2021-08,
41.87969747165659,-87.62444381189754,LF6liCI78Q5JxrYzYOLRwA,2022-08,
41.87939529025295,-87.62765282790907,w1vf36v4LYD0AmjSh-snTw,2021-08,
41.87993045754385,-87.62099783599255,8mQ2eHFjhCuJCud1gAzEcg,2018-06,
41.88007954507653,-87.62875106714418,59ecNlanYMUVM6gCcqVfxA,2018-07,
41.87913606622955,-87.62611473651607,7giBMtJbee_bU2mCD0TI9g,2021-06,
41.87998407724783,-87.6261338660125,VcSDnTTyxAXow6ZFNHYVsQ,2021-06,
41.87998407724783,-87.6261338660125,VcSDnTTyxAXow6ZFNHYVsQ,2021-06,
41.8786693,-87.623133,plZn7JbOlayNkgKcNEhNWw,2011-11,
41.8795401,-87.6229425,4HNZ8sGKPLw7aqVhN9QbJQ,2011-11,
41.87835760988427,-87.61876344670469,Wcn52gtLjqFi2By_VtjMkA,2022-08,
41.8800663,-87.6220874,o02i3fG2HV0tK_A-J0-c2g,2011-12,
41.87834554201717,-87.6293072934464,wgz1PuHnmQfhuWQ5OCxxag,2021-08,
41.87916774814921,-87.62072027570511,_4uhsBXevLiCzL26fHcSIg,2021-08,
41.878746,-87.6219375,6XJgYTqBTj_7lD2XrovGow,2011-11,
41.87944621579565,-87.62879504737448,1dLDX31RLrXbFhmTDRccZg,2021-06,
41.87944621579565,-87.62879504737448,1dLDX31RLrXbFhmTDRccZg,2021-06,
41.8799655,-87.6239499,H5AYgHpcO2H0ilbIj1A47g,2011-12,
41.8791359,-87.6223102,UKCe8HjDzM_O1BsWMubWnA,2011-11,
41.8794347,-87.6239597,so5eYgpe3nvw_yiPa04XVA,2011-12,
41.87834343035876,-87.62609364887295,SG1FZK5PeWeqkbvsvC4Rjw,2021-06,
41.8799566,-87.6234748,rwDmDOvouuIZtqQ5HIzlrQ,2011-12,
41.8795464,-87.6224443,xRR2sxquc9OXr0JC99i56Q,2011-11,
