40.88160753215541,-74.00179525128723,oXwD1JE77GMZTJau9iEvTw,2022-02,
40.88152715404526,-74.00183999430136,ocgYyxjSeqsJ1RPfnqLH9g,2022-02,
40.88144607448497,-74.00188509596636,XKiNQK5uaJLyjojTlDli6Q,2022-02,
40.88155997038915,-74.00281833041916,5D99vFJLhpFVLekue8j8Ew,2009-09,
40.88147994100726,-74.00286235587522,40inIMKnEkCR0agegXcMTg,2009-09,
40.88140151428711,-74.00290548467268,zmK97415tfUNtzFRki8bdg,2009-09,
40.8815908270952,-74.00376276837855,LcHjACvw-9dF-HJ5YgWYJg,2018-06,
40.8815081804583,-74.0038084972415,j-wfIFwxnwW4gbZs2qZpUQ,2018-06,
40.88142568409377,-74.00385422609351,HHPusqbkwfm316_3V7_ayQ,2018-06,
40.88152808954297,-74.00478081581173,Ggrf0UTgGVCnxFpnDxjfaA,2012-08,
40.88144441879928,-74.00482887569407,FN-djQIpVZOUUrHF_jA_WA,2012-08,
40.88132797785501,-74.0053899021964,41Mbgj9a1-EtXMAAcQGK9A,2012-08,
40.88156839161825,-74.00574371477202,RPXzfYmKLqGIdFEr6lcKLw,2022-02,
40.88152883474692,-74.0060205955203,9OW8v4Potw3vVEfvO1x2iQ,2012-08,
40.88160473966046,-74.00626725934679,uv7DqIv7Et5bjszup9WY7g,2022-03,
40.881527895287,-74.00684182074536,21GYGYgmpN8jRX920IVQow,2022-02,
40.88145074348193,-74.00688441066796,ip-8z6YTWuk33iMX5WX9Ng,2022-02,
40.88137012305694,-74.00692906282927,OhFN-ds9X6goWrGjOMU5hQ,2022-02,
40.88158803898065,-74.00787581172347,CevLJxVtztIuVONzUUtT7A,2022-02,
40.88148262471879,-74.00793498897764,_GfeqtPeGV2X3dUoTTLdWw,2020-11,
40.8813989991029,-74.00798179279298,EAHG2YVO9H8M0pprEa9Kgw,2020-11,
40.88167010917945,-74.00906024994732,9SOHGOoXnKi9iTYRs4CvXg,2022-12,
40.88150443425831,-74.00915914706896,r-nxlAB-5M89BE-KSVoXIQ,2022-12,
40.881421440279,-74.00920881976533,O6-ZVRbpv2CQ72O2eGSuWA,2022-12,
40.88135584429143,-74.00981986460442,x9oGDKPVL3Rr1EafE9LaSw,2022-03,
40.88145365318199,-74.01013565252909,7-fHtwMMacFqPMWzdJrTWg,2022-03,
40.88155593934417,-74.01046551675762,ckfLDdjuj2LAYVmyyDDaOA,2022-03,
40.88162333915696,-74.01068303496164,KNmBbz-4hFOlQomrcIwXKg,2022-03,
40.88172400889886,-74.01100787722675,NNiGjqIgC-xsCCm3ynYp9Q,2022-03,
40.88179952277219,-74.01122109108793,dSdv9mnAvj6uEh3RR_WgdA,2022-03,
40.88167274554039,-74.01222143570388,fe6dA840PVYUYsKMfe-Gaw,2022-01,
40.88158989880869,-74.01227056964169,F_I5GG_2f2GZcBqpU_Ka9A,2022-01,
40.88142897555588,-74.01236587868578,M_QlBZKzMX-YGKIJmBWHpg,2022-01,
40.88132124906114,-74.01300990835583,Za87wOBWHDPRAJWYiHgAIw,2022-03,
40.88185376204875,-74.00165824255367,G0tx4mmr6KPn8aRv4NUNFQ,2022-02,
40.8817811854185,-74.00169859199455,goamhzH9jxpgMC5LkfVNpQ,2018-06,
40.88196800396575,-74.00259389906721,GDzxTx6jxOj6sb7ks1wvEg,2009-09,
40.88182796944398,-74.00267092128277,7bTtsYG2diRUualyj8tv2w,2009-09,
40.88175268648676,-74.00271234648952,kBBAIbpoiWKaKfUgLVFQ0A,2009-09,
40.88192167470876,-74.0035795838239,npSyBfla6ghW29XDGTgYYA,2018-06,
40.88184070676115,-74.00362441608549,bwseCR4OhSAFYLYHFfbvdA,2018-06,
40.88167599062324,-74.00371569453763,Bt-ePb5QvmoWklgr2pR8gA,2018-06,
40.88188363187876,-74.00457656117707,u4dzYIxsEnMMt9s9Ascwfg,2022-02,
40.88177639617705,-74.00463825004493,ZH84KunfYkQJbIMqUFVuPQ,2009-09,
40.88161982407408,-74.00472809338959,3qt9oStr0Q0w2M5UnnPLaw,2012-08,
40.88195069016879,-74.00553981981973,tqZd7Q1dcd8eIWVAjOlicg,2022-02,
40.8817509894911,-74.00564696780988,qznDvPTWDdPCf5PRyPmNoA,2022-02,
40.88156983466257,-74.00615374560792,IQGDbAH6w3Nakc7GtpR3Ew,2022-03,
40.88163963180931,-74.0063806833551,Rd-aZBgqISBZRIlToooaTg,2022-03,
40.88180686876679,-74.00668580705313,iJ3DVTP8jatKy3i5Fli32A,2022-02,
40.8818159253221,-74.0069437675548,MtytQtLCkD5NhwGEQWliVg,2022-06,
40.88194437356104,-74.00734294662351,-vaJ_giJ8kXFUHnBMlHQug,2022-06,
40.88183357902273,-74.00773809004282,41-E0KXM1OBI0pgDvVoT-w,2022-02,
40.88167178921996,-74.00782882855711,2QLILiTE3NyIQRiZXhnriA,2022-02,
40.88191652318287,-74.00891329393048,DzY3kcFhU3Rjwfwj__LPbQ,2022-12,
40.88183480663925,-74.0089618907466,0Tm8Ht3PSFUcYOZILuOCUw,2022-12,
40.8817525644652,-74.0090110255223,Suq8QnDtKeJb5se-n-oDJA,2022-12,
40.88167010917945,-74.00906024994732,9SOHGOoXnKi9iTYRs4CvXg,2022-12,
40.88141997815477,-74.01002707246961,4ZxqjuKikdVgGZoaKdtiwA,2022-03,
40.8814877698828,-74.01024575677087,P-ih9Smf5kitSoQrp-d8_g,2022-03,
40.88158963931109,-74.01057427589056,qlGzxHRH2U22i-heRuEtUQ,2022-03,
40.88169070034582,-74.01090028393483,uJKOiTeFFtnmWLvb59TuHA,2022-03,
40.88176177860802,-74.01111457384808,Gq_APGzD1lOW6-cItItuiw,2022-03,
40.88189046680077,-74.0114333184419,8L_chVVVGiiwdN_RS3fI6g,2022-03,
40.8819088747212,-74.01205547407962,dDYeLhQFqy2GqLgWO_SZIw,2022-01,
40.88175140415274,-74.0121719431114,E55Q2qj8xovWFh6Mzc0WlQ,2022-01,
40.88167274554039,-74.01222143570388,fe6dA840PVYUYsKMfe-Gaw,2022-01,
40.88128791062194,-74.01290527497645,w12g84c2iPNu_PkVqJ3J0g,2022-03,
40.88209657200053,-74.00152311669751,WpQ7f6JTp9gHkNskXVHYhg,2022-02,
40.88193337574332,-74.00161394782434,SeP6rEo_1BZ-CX6yRnjRHw,2022-02,
40.88209680577584,-74.00252306370774,t42Qq8VCf6yGpTcU77AVNA,2009-09,
40.88209680577584,-74.00252306370774,t42Qq8VCf6yGpTcU77AVNA,2009-09,
40.88196800396575,-74.00259389906721,GDzxTx6jxOj6sb7ks1wvEg,2009-09,
40.88208669074127,-74.00348830530686,FRytmLiTB6_maTJGV_PFdw,2018-06,
40.88200398259395,-74.00353412389994,ixMMhtXk7YFgfQJBpvK2AQ,2018-06,
40.88192167470876,-74.0035795838239,npSyBfla6ghW29XDGTgYYA,2018-06,
40.8821239349934,-74.00443856812886,mbAKXKsXUFObZPwf6_N19Q,2022-02,
40.88204234393725,-74.00448537279965,i72e13xJE-rv80TALY4fsg,2022-02,
40.88188363187876,-74.00457656117707,u4dzYIxsEnMMt9s9Ascwfg,2022-02,
40.88211520721806,-74.00545454970269,G1liZU7fWNr7bmXptdFkkg,2022-02,
40.88203252925982,-74.00549740892504,UBctoE_nF4RY5Ej_YvCCbQ,2022-02,
40.88195069016879,-74.00553981981973,tqZd7Q1dcd8eIWVAjOlicg,2022-02,
40.88206348517557,-74.00654082180094,R7H_UQeeFaFCubj_uSypfA,2022-02,
40.88206348517557,-74.00654082180094,R7H_UQeeFaFCubj_uSypfA,2022-02,
40.88185922085267,-74.00707826194326,oPYeoPKnsJYlXQKjMtNYJQ,2022-06,
40.88198571369851,-74.00747161265522,81KmQugtzDHBOBzEaaIzuQ,2022-06,
40.88206598409127,-74.00772150246392,4vQy5MVwRzWnjoE9WmtgFw,2022-06,
40.88214291535824,-74.00796323266069,qzBy09BoMfPVqdXpoJCesw,2022-06,
40.8822480876703,-74.0083038601159,aKnWzhPRMeKcu_pyUL5gXQ,2022-06,
40.8820823140568,-74.00881681755783,t4uvee7YIZcZ5sF9yNCwPg,2022-12,
40.8819994187044,-74.00886505575025,sr8PGIR_uLDECh7x2DAolA,2022-12,
40.88191652318287,-74.00891329393048,DzY3kcFhU3Rjwfwj__LPbQ,2022-12,
40.8820608,-74.00976699999998,None,None,ZERO_RESULTS
40.8820608,-74.01010929999998,None,None,ZERO_RESULTS
40.8820608,-74.01045159999998,None,None,ZERO_RESULTS
40.88172400889886,-74.01100787722675,NNiGjqIgC-xsCCm3ynYp9Q,2022-03,
40.88184355350231,-74.01132420115415,Cn4sJ4PLeZ5BcnHQWGfJ3A,2022-03,
40.88193624325984,-74.01153176603178,BqBi6KYobb8fZaIrtS3kkw,2022-03,
40.88209892606174,-74.011848896038,7Cwb3LwrdNTjfFV8uuIXHQ,2022-03,
40.88198881599543,-74.0119890355932,tTlaGyRfszF33Vi9NHVvjg,2022-01,
40.88233323915608,-74.01230571653836,OTMQ_FCYsa_TC5DhuAyXJw,2022-03,
40.88245200060818,-74.01262132103517,S9dKdXXMKSgQD0wbApIVlg,2022-03,
40.88225216690975,-74.00143649980791,NEvgmlGlAOTxP_d8DWxIKw,2022-02,
40.88258572652827,-74.00179946555954,p8H7xR2LpFSG9aXTcPDIFw,2022-02,
40.88239629061778,-74.0023627425695,SFP5JaBYKqrEc6fRX_NQVA,2022-02,
40.88230988544748,-74.00240847176691,qRTjt65jYGuCikstR9OE0A,2022-02,
40.88241147388533,-74.00330852774667,Qm9ktkf_97a08ncPjm4ABA,2022-02,
40.88232953017359,-74.00335389805957,piep_80peUHteE9q6uQSjg,2022-02,
40.88224856302161,-74.00339873037403,n8cNpQ0qnTcMWjQouVoEHQ,2022-02,
40.8822062769651,-74.00439122546172,tcKiFjY88lzz_mmoCpVaug,2022-02,
40.8822062769651,-74.00439122546172,tcKiFjY88lzz_mmoCpVaug,2022-02,
40.8822062769651,-74.00439122546172,tcKiFjY88lzz_mmoCpVaug,2022-02,
40.88244106895733,-74.00527226340493,Jd_rWRzy_l-3U03VFy2bEw,2022-02,
40.88235972667466,-74.0053181712346,IR0tp-jixMGUIRUpLZBZ8g,2022-02,
40.88227865966556,-74.00536389972585,g5NWWJmEiXlfq1YrfOZbPw,2022-02,
40.88237087550498,-74.00650935003411,bQH7eYWeqKIkRpXm1oB6Uw,2022-02,
40.88237087550498,-74.00650935003411,bQH7eYWeqKIkRpXm1oB6Uw,2022-02,
40.88237087550498,-74.00650935003411,bQH7eYWeqKIkRpXm1oB6Uw,2022-02,
40.8823864895005,-74.0074404100297,Gcri-b2co2yOXK2porVUwg,2022-02,
40.8823864895005,-74.0074404100297,Gcri-b2co2yOXK2porVUwg,2022-02,
40.88230759365124,-74.00748183420386,VunFeED1TxFsKupzvT7Hsg,2022-02,
40.88217731284877,-74.00807477275232,8k1T8pb51M3opTtwsn62QA,2022-06,
40.88228300180944,-74.00841692426738,MTvMmy9HSVyQIGXJykbVXg,2022-06,
40.88233341558427,-74.00867057865108,rfDV2zlakjz686t7PMyaKg,2022-12,
40.88224940625424,-74.00871944451525,RQWY9HA9fJjZywhlHRG12A,2022-12,
40.882330499999995,-74.00942469999998,None,None,ZERO_RESULTS
40.882330499999995,-74.00976699999998,None,None,ZERO_RESULTS
40.882330499999995,-74.01010929999998,None,None,ZERO_RESULTS
40.882330499999995,-74.01045159999998,None,None,ZERO_RESULTS
40.882330499999995,-74.01079389999998,None,None,ZERO_RESULTS
40.88241631360126,-74.01163164814311,H6rFdUDc2hKmHzSu8ZQRlw,2015-10,
40.88241631360126,-74.01163164814311,H6rFdUDc2hKmHzSu8ZQRlw,2015-10,
40.88232324934946,-74.0116734300521,iyiYyR84rcUBjZ91pGHaCQ,2015-10,
40.8822847567359,-74.01220780731012,YApDTbDDQWrZx9MLHAV3Rw,2022-03,
40.88241519356252,-74.01251238374647,ixfJNYSchel0MBcD6Mo9Ag,2022-03,
40.88248333869581,-74.0127351895751,p7uJ61Ew0jwIoOZfSOngMw,2022-03,
40.88251279469474,-74.00158283390914,2SMRRXS9OIPX-6FIisiEwg,2022-02,
40.88262211649018,-74.0019075122969,WbW2Cbz_0oFnqpCDpjuxMw,2022-02,
40.88256705839465,-74.00225370977238,Yv3jNe7QjuNpQ1Y6rEdgRg,2022-02,
40.8828137251321,-74.00250629634665,zAt9l-lbTk8-zyLXWlL7NA,2022-02,
40.88266505524808,-74.0031682025013,yEVaqPfTNPiyI1xIWN2q3A,2022-02,
40.88257801553815,-74.00321635245332,brf0898I85kl7-_smmaCJA,2022-02,
40.88249411872373,-74.00326279876427,p-mbty9eyueXSo_DH0etOw,2022-02,
40.88260019999999,-74.00394789999999,None,None,ZERO_RESULTS
40.8822062769651,-74.00439122546172,tcKiFjY88lzz_mmoCpVaug,2022-02,
40.88277323254163,-74.00508934928673,t65-8lFK_sh9wsxwvbXp4g,2022-02,
40.88268865767007,-74.00513579514312,jB-0G9hNGTUgXHKwaj2eiQ,2022-02,
40.88260520979175,-74.00518170300552,zZU-Q93TSqrBtbxdxOjueg,2022-02,
40.88244106895733,-74.00527226340493,Jd_rWRzy_l-3U03VFy2bEw,2022-02,
40.8826673546322,-74.00637709682623,ByD_chmrma9JYqrMH50dpA,2022-02,
40.88258324046321,-74.00642255607477,w2KR8n9UC1bjEwqTP2xbkQ,2022-02,
40.88249966753844,-74.00646918093385,wL5f0V7BhvHCNwVQQy3QQw,2022-02,
40.88271960251197,-74.00730232938439,BYdNVxuPhKLT9n0SIIosPQ,2022-02,
40.88263795287913,-74.00734554684384,yudlFakIhUsD96bg4wB5WA,2022-02,
40.88255735505714,-74.00738822631702,DunOAGonT5r0ElebOrCXhg,2022-02,
40.88275474085892,-74.00844005713073,tSjGD30yiD_m_XmkuZHBvQ,2022-12,
40.88267073865488,-74.00848578487565,i9f-_-hyITFMyG7ApAM1bw,2022-12,
40.88250143174861,-74.00857813695458,9V7zijT9is6j6XNCtC0ErQ,2022-12,
40.88241715359272,-74.00862404399084,5qr8IrQuh4UieBRWJTfG_Q,2022-12,
40.88260019999999,-74.00942469999998,None,None,ZERO_RESULTS
40.88260019999999,-74.00976699999998,None,None,ZERO_RESULTS
40.88260019999999,-74.01010929999998,None,None,ZERO_RESULTS
40.88260019999999,-74.01045159999998,None,None,ZERO_RESULTS
40.88260019999999,-74.01079389999998,None,None,ZERO_RESULTS
40.882707850589,-74.0115047781274,0mS7v4d1B6PxoUT6zPtWqQ,2015-10,
40.88262056289755,-74.01154485650895,Z2E7GG8CRE8Gxc0SqKULWQ,2015-10,
40.88250027191678,-74.01159408028151,zG7c3U0aD1V8HYgoz5VQ7Q,2015-10,
40.88233323915608,-74.01230571653836,OTMQ_FCYsa_TC5DhuAyXJw,2022-03,
40.88245200060818,-74.01262132103517,S9dKdXXMKSgQD0wbApIVlg,2022-03,
40.88251058624386,-74.01284726484339,jqmC0WL16MrowdgUPCtBMg,2022-03,
40.88254904607476,-74.00169043244165,cWIQsE8b1BfVaTtuuMMP-g,2022-02,
40.88265836750809,-74.00201511064691,Jh2EADClSI-s8xKQw4oaBw,2022-02,
40.88274618057525,-74.00228733420246,lSoApxVSw0xc_-YPXWz5dw,2022-02,
40.88284764821342,-74.0026160463198,FegVyI8TgoDWo6wHIuL5Fg,2022-02,
40.88291467491889,-74.00283348378503,ldOG_piIcoN3xZ8cYBeLnA,2022-02,
40.88277929220537,-74.00310498885877,Dj2f5mTL8ES-kU_MDoW7dQ,2022-02,
40.88307826394141,-74.00336098156596,sE6OI0HYuyKRZ7T2UJPybw,2021-09,
40.88349474236802,-74.00417809365037,4Oyrn7D4ZiA8f2c3c7IOgA,2022-03,
40.88326680854545,-74.0048083426488,e1tyEPUQ9vYPAlqHw-mP-g,2022-02,
40.8829395013809,-74.00499789216205,X9HQH-UOmSkJvtInJvXTKw,2022-02,
40.88285800745482,-74.00504272409138,juRt8BoveFGwSg2X7dx1_Q,2022-02,
40.88277323254163,-74.00508934928673,t65-8lFK_sh9wsxwvbXp4g,2022-02,
40.88299985290999,-74.00619759097,HAIA79hnfFvO1g6sq61-sw,2022-02,
40.88291769287624,-74.00624197430179,VEn5ciUOWmycBjLBK4c4FA,2022-02,
40.88283518203041,-74.00628653694979,5N2aQ070DdX_M56KeTFYyA,2022-02,
40.88275126841525,-74.00633181689335,6oPmCmik3Ukjx45HcsU2Yw,2022-02,
40.88288429120183,-74.00721508747071,f8dpAIz3qVx1HZWcCjUeQA,2022-02,
40.88280195329544,-74.00725875326393,pP7HHYS13y_XZS1HoLRbEg,2022-02,
40.88271960251197,-74.00730232938439,BYdNVxuPhKLT9n0SIIosPQ,2022-02,
40.88292245660575,-74.0083486912704,7ZFvBt3Le-vfXQcRhyxhjg,2022-12,
40.88283901833376,-74.00839415005032,q9o22Gtm8MXHeEuR_vXNow,2022-12,
40.88275474085892,-74.00844005713073,tSjGD30yiD_m_XmkuZHBvQ,2022-12,
40.88286989999999,-74.00908239999998,None,None,ZERO_RESULTS
40.88286989999999,-74.00942469999998,None,None,ZERO_RESULTS
40.88286989999999,-74.00976699999998,None,None,ZERO_RESULTS
40.88286989999999,-74.01010929999998,None,None,ZERO_RESULTS
40.88340080019773,-74.01118146094333,FpxlCUd7Xjszr95X30UHYw,2015-10,
40.88340080019773,-74.01118146094333,FpxlCUd7Xjszr95X30UHYw,2015-10,
40.88299552944348,-74.0113740526097,rqq5j_eA4_4sx6rJkXTUfg,2015-10,
40.88287773013223,-74.0114275801473,-gsqDFuPkUKBGWGGlWnphQ,2015-10,
40.88278974038165,-74.01146747922337,_Eqj1Z_nptSEJm3ATdyRvg,2015-10,
40.88338721862964,-74.01224376116258,JMZoPpjWv_5C1jK9j6cKKQ,2022-03,
40.88248333869581,-74.0127351895751,p7uJ61Ew0jwIoOZfSOngMw,2022-03,
40.88293853738929,-74.01313928785366,7PN4sWpgbl_3QN-y6mKbug,2022-03,
40.88324827464089,-74.0014583781978,8A36_ZGAX1YmJOiMikrPyg,2022-02,
40.8833542230958,-74.00178260846971,xBENBqB4fFUMRnW03qX4Iw,2022-02,
40.88345932481425,-74.00210405857061,MI0-yNdg-9ChuCsp-Xd9Zg,2022-02,
40.88288120559508,-74.00272480991575,m_21pwgJ_qQS2bIUlYd41Q,2022-02,
40.88298183885284,-74.00305083133846,hFYBYaPLkwFLwgUgB662iA,2022-02,
40.88304910074996,-74.00326728199833,cKzLC6s4LB8bFOybiJKhEQ,2022-02,
40.88307826394141,-74.00336098156596,sE6OI0HYuyKRZ7T2UJPybw,2021-09,
40.88334578767699,-74.00418320451274,EWQvohCFhUfaQut0zNmE9g,2022-02,
40.88334578767699,-74.00418320451274,EWQvohCFhUfaQut0zNmE9g,2022-02,
40.8831824967335,-74.00486034773735,QSjaUcJDrNots_RDxESneQ,2022-02,
40.88310123660677,-74.00490894558318,rluj6SQfKjBA2KJx2f9nPQ,2022-02,
40.88302009364323,-74.00495359820557,EuuRAiOwR4G85jh4t29dOQ,2022-02,
40.88324223328469,-74.00606470990301,ssuLnMm0dkMQX1oTi8cvNA,2022-02,
40.88316184077593,-74.00610882427557,aVnb9JdOt8Su4UEUnMSSZQ,2022-02,
40.88308131039593,-74.00615302830128,1eRBncBHV8CIt8zUUZTJLg,2022-02,
40.88321816261551,-74.00703836195122,myeXQW0aE9tukKk4LraRrQ,2022-02,
40.88313678938041,-74.00708140014451,u5l8cji9RmP884BVD739kw,2022-02,
40.8830541013141,-74.00712524529399,jBEUWoQZG5tTz2YLTGbFwA,2022-02,
40.88325787228608,-74.00816533178207,3keNUjQo24WnNoVNUDzwww,2022-12,
40.88317417304013,-74.00821159756686,ZG4JHHAfDVT8s5ZyDcvRhg,2022-12,
40.88309073527086,-74.00825705637938,hlCdDhgyelYyoRSWFF93wA,2022-12,
40.88300693396332,-74.00830260484342,JIqK7uME4Krt3qyownT8YQ,2022-12,
40.883139599999986,-74.00908239999998,None,None,ZERO_RESULTS
40.883139599999986,-74.00942469999998,None,None,ZERO_RESULTS
40.883139599999986,-74.00976699999998,None,None,ZERO_RESULTS
40.883139599999986,-74.01010929999998,None,None,ZERO_RESULTS
40.88340080019773,-74.01118146094333,FpxlCUd7Xjszr95X30UHYw,2015-10,
40.88331431267001,-74.01122611210114,OcVN-NeGSA_tqs6Xki__eA,2015-10,
40.88319733418685,-74.01128223984696,8feDDFoYX3BCA1e2qqcwbQ,2015-10,
40.88309226103501,-74.01133002911276,Aej-4ndzI68QCm2huR1LuA,2015-10,
40.88333998500423,-74.01210478738119,eVeM28PRERdl8doWKUUyqQ,2022-03,
40.88333998500423,-74.01210478738119,eVeM28PRERdl8doWKUUyqQ,2022-03,
40.88342244826214,-74.01234740863956,DrIX0sRsQAadl_5_6AyF8g,2022-03,
40.88319679256477,-74.01306469067642,tJktAQKjzA9_9tdwIPSX_w,2022-03,
40.88328415431966,-74.00156812877167,tn9KNTjxwyQMosVdhGh6nw,2022-02,
40.88338890388818,-74.0018886825794,YxsWNxS-Ulc_OK1_7RQ5wg,2022-02,
40.88349375305464,-74.00220941518081,bMisYmPuZ6svVtg6jc7MIw,2022-02,
40.88357667536994,-74.00246307779423,B1v2C7VSNDs9_9sLSIkOHw,2022-02,
40.883675977713,-74.00278183680533,WH5QqqUFNmAWDhKommpq0g,2022-02,
40.88307826394141,-74.00336098156596,sE6OI0HYuyKRZ7T2UJPybw,2021-09,
40.88307826394141,-74.00336098156596,sE6OI0HYuyKRZ7T2UJPybw,2021-09,
40.88334578767699,-74.00418320451274,EWQvohCFhUfaQut0zNmE9g,2022-02,
40.88338864436935,-74.0043161765506,CXqLR49nC6NIT_Upgkx1HA,2022-03,
40.88343432992519,-74.00470504974133,7bHsnrSg1iY5Vj1rJSwEiQ,2022-02,
40.88358113464558,-74.00494884601935,-se0Ax8xwm3e4N8XeK7u1w,2022-03,
40.88364523655127,-74.00516690848075,GoPNxXFORK5x02fY_6NH2g,2022-03,
40.88348218606695,-74.00592851119673,r48LG_hJpzXnwXIM4J2nQQ,2022-02,
40.88340340009446,-74.00597334290799,bFNbUzTxfngo4mG2CBKN0w,2022-02,
40.88332294866994,-74.00601916090604,5GN9-hMjY-sxIRI8VUcdew,2022-02,
40.8834683419744,-74.00690584012017,PJ7nJeOP2aUGpuQh7CPspw,2022-02,
40.8833833377278,-74.00695085092829,rwxBNjRFC6RYxREB_MJRlQ,2022-02,
40.88330022427728,-74.00699487543355,iVKK6W_EZr4smTWNe6uyqg,2022-02,
40.88350876640484,-74.008019271702,rG4jlacTHSLVb9PMAJXiFA,2022-12,
40.88342518534868,-74.00806795840774,kfyITFx3WNTXZ1IwSsEK5Q,2022-12,
40.88334200455894,-74.00811628645147,ANIJztAnSVYl1TzQxxnxmw,2022-12,
40.88340929999998,-74.00874009999998,None,None,ZERO_RESULTS
40.88340929999998,-74.00908239999998,None,None,ZERO_RESULTS
40.88340929999998,-74.00942469999998,None,None,ZERO_RESULTS
40.88405223591622,-74.01011987211139,qeS_Z37AHE_9lCgIqi5Sqw,2022-03,
40.88405223591622,-74.01011987211139,qeS_Z37AHE_9lCgIqi5Sqw,2022-03,
40.88340080019773,-74.01118146094333,FpxlCUd7Xjszr95X30UHYw,2015-10,
40.88340080019773,-74.01118146094333,FpxlCUd7Xjszr95X30UHYw,2015-10,
40.88340080019773,-74.01118146094333,FpxlCUd7Xjszr95X30UHYw,2015-10,
40.88358700526486,-74.01137432159234,ScER7CSGyY7fU2OpBzBJxg,2015-10,
40.88333998500423,-74.01210478738119,eVeM28PRERdl8doWKUUyqQ,2022-03,
40.88338721862964,-74.01224376116258,JMZoPpjWv_5C1jK9j6cKKQ,2022-03,
40.8834592001207,-74.0124538355319,IIb3BWoKwTQyUlYmrvzAFQ,2022-03,
40.88345627426223,-74.01298973482956,UEV0CmZOGS9Zjf6zjZVQOg,2022-03,
40.88395991039301,-74.00133822635362,IJam91H2VJB1VeFqBLgzeQ,2022-02,
40.88342421506919,-74.00199654993585,fJmDQzDiv7QABCOOSSztIQ,2022-02,
40.88352818118054,-74.00231477173303,k7xE_oKpJZFujIJtx-J_6w,2022-02,
40.88365083246813,-74.0025091656278,Pg5yYauvnZKbcM3RUM3wFA,2022-02,
40.88371113915836,-74.00289660785238,4yHrY_ssxaNAOPAOjNhiMA,2022-02,
40.88381418648247,-74.00323276109341,x4tiUnn_idQpIQm0r08p5g,2022-02,
40.88387977462403,-74.00344643194508,EGOPR4Yus8Jdvs7ZjLMulA,2022-02,
40.88369136789572,-74.0041103074629,iE854NPD08GtrvZFixl0sQ,2022-03,
40.88360853865269,-74.00413882070342,RQxGHnLJDXYDAPqrMKweKg,2022-03,
40.88351653951126,-74.00472890036555,esdnRkCpfFch-FByjLh-Sg,2022-03,
40.88361304739779,-74.00505769795343,QtquIDFjBQRkKt7ZUpzMDQ,2022-03,
40.88367656729839,-74.00527324970608,0MPmrSNlK_tIEARCyPJxxg,2022-03,
40.88377078559009,-74.00559281100897,Mumdtks5j42J0F6DsQ_a2w,2022-03,
40.88363716205888,-74.00583857875228,TYz0OLiZ7PcG9sBPLxlq_A,2022-02,
40.88396300528529,-74.00621355103797,HOW87OMe2pYkghfO0fq3cw,2022-03,
40.88371647847099,-74.00677430449072,-JlgaI4nbtVyKNRSN3pzeQ,2022-02,
40.88363273959754,-74.00681868768868,tFBv8rmL-5qnnU1R1UnaIg,2022-02,
40.8838388914256,-74.00781932432739,j4KZIcNZVFLGkvzJe8OJtw,2022-12,
40.88375883998928,-74.00787114927236,fWP0GqeExQ17BjZWQV8-XA,2022-12,
40.88367560278282,-74.00792225690329,KTRHj3u_yV3UwDvTkyNYTw,2022-12,
40.88350876640484,-74.008019271702,rG4jlacTHSLVb9PMAJXiFA,2022-12,
40.88367899999998,-74.00874009999998,None,None,ZERO_RESULTS
40.88367899999998,-74.00908239999998,None,None,ZERO_RESULTS
40.88400157602303,-74.00950748330486,Z_ACNM-Lg0UUOTRsTp3TTA,2022-03,
40.88398597736138,-74.0096441277708,H87LJhVVdHEPlt5s1HjWKA,2022-03,
40.88403129210567,-74.01000824355127,WQN4uO7dAhwtT28gzXxkKQ,2022-03,
40.88408940168288,-74.01028224896078,MxadkX6E18UDJRmPXgVsLQ,2022-03,
40.88350278470628,-74.01121427685551,6DuxPFPNh5IxJQEMO-KFNA,2015-10,
40.88355942894156,-74.01129335780104,9SSl5l8J8VuA2qwaPcJCag,2015-10,
40.88362150364733,-74.01147545903758,sGMWk-NoAFwZHs5mbKUvXg,2015-10,
40.88371375165517,-74.0117462345584,2QY11QQxNxmTGoQepgV8-A,2015-10,
40.88383182134262,-74.01209250388726,7WTLt-xOVXQgDbyjqkq5GQ,2015-10,
40.88349655465713,-74.01256080032691,WVMoXsHKSiCqXKXoUVIUaQ,2022-03,
40.88366794732313,-74.01288581872049,5WKolW6ez8YHqbTmi-4S0g,2022-03,
40.88403168041737,-74.00155091299955,QPyc2kfXam8i6QvpFHLCqg,2022-02,
40.88410199925325,-74.00175920580531,Mlovn22MT2gWbw62oGaEFw,2022-02,
40.88398224933681,-74.00230625354585,JEoTEEcFrSRKN-dTUOdMgw,2022-02,
40.88390051903217,-74.00235628668192,oRLLI6PFxQXl-UE5h6HVfg,2022-02,
40.88374641384579,-74.00301164782499,IvrSRp1XJaQ7bsRFJzzlGg,2022-02,
40.88384679782775,-74.00333910339351,x1XTfYKpsTVMvrzAX6-XQw,2022-02,
40.88394348249277,-74.00365427436589,VuX3-HJ-Wkxbz6VGWHFR6Q,2022-02,
40.88396449499675,-74.00401607027612,dmYlfNf5xf3NWURcFMs0oA,2022-03,
40.88411940064232,-74.0042119867351,VsPcF2eEO09jpAF6T0GPxg,2022-03,
40.88421759291114,-74.00452401802686,P1cCdWS4pUSstyTd7odpaQ,2022-03,
40.88364523655127,-74.00516690848075,GoPNxXFORK5x02fY_6NH2g,2022-03,
40.88370788521214,-74.00537950120861,jWWTaOBeMsOJaybf3RIVwA,2022-03,
40.88381809455771,-74.00575241213323,qb-dT5rXw-9ohz47h4AUkQ,2022-03,
40.88391733148416,-74.00606865509121,T0YyUWPqz9bLCoKUKirW6Q,2022-03,
40.88401454095284,-74.00636848915664,R3vdqL33vHvJqgCmqw4SVw,2022-03,
40.88398037979659,-74.0066346094287,Rv851KRWF98a8-oCpyafxQ,2022-02,
40.88417993714636,-74.00689400460712,Esq9EnKvx8l4cSdM-54NOQ,2021-09,
40.88411239244346,-74.0076025201666,wIiQdgetuTZ5oDMnAfAdqw,2022-12,
40.88399756577785,-74.0077162123709,u7Qnr7Lj7k2P3sJF2ArG0g,2022-12,
40.8838388914256,-74.00781932432739,j4KZIcNZVFLGkvzJe8OJtw,2022-12,
40.88375883998928,-74.00787114927236,fWP0GqeExQ17BjZWQV8-XA,2022-12,
40.883948699999976,-74.00874009999998,None,None,ZERO_RESULTS
40.88412490154694,-74.00934178830963,7L-l9A1X-Fxdz5UpKA_mBQ,2022-03,
40.88400157602303,-74.00950748330486,Z_ACNM-Lg0UUOTRsTp3TTA,2022-03,
40.88400076156051,-74.00977225428433,rs0rM-r8nVkJi3M9y5BNfA,2022-03,
40.88405223591622,-74.01011987211139,qeS_Z37AHE_9lCgIqi5Sqw,2022-03,
40.88411489525438,-74.01039360837687,rG1FvJ3remp_1VFoh2pHcQ,2022-03,
40.88417679635361,-74.01066465441399,jR_YYvAqdf1ih6lFKlnjFw,2022-03,
40.88425268044533,-74.01091337445526,4Lya46SdSrRE3ffOtVBlUg,2022-03,
40.88366722411646,-74.01160959159519,xrsV_5TA5W3GqF6sdbL_gA,2015-10,
40.88375673534849,-74.01187220780736,MD3S2URx3oyZ2UlsYYzhdA,2015-10,
40.88387071962382,-74.01220664172376,bVMeG8itlbgpOSGsW8XN3g,2015-10,
40.88395875352842,-74.01246468443672,94Ts--x1zoRj_VgZ8j0-eA,2015-10,
40.88391253231579,-74.01273339637028,hb-W4K0YpzJnc9drZ-8AFg,2022-03,
40.88406708573351,-74.00165573192152,iKXv8-oxvPz0VX0AXMRorA,2022-02,
40.88415144301371,-74.00190571899054,ozJM9ceM1C9zIQsCh_5JSw,2022-02,
40.8842376734897,-74.00216467225302,aYwRgR9GpcTtSATibHs8vw,2022-02,
40.88433628118285,-74.00254745259396,Vy76aDBWT9PdCO5XqEZ9fQ,2022-02,
40.8843779703163,-74.00266052014722,A-aXAF-BbESzXJ65LtFeNw,2022-02,
40.88387977462403,-74.00344643194508,EGOPR4Yus8Jdvs7ZjLMulA,2022-02,
40.88430121198148,-74.00389609936606,BMsgQVv73wEnkU1Qxj9zbw,2022-02,
40.88422361560242,-74.00393286176055,zbAblmF6W6sUWQt8lNWP-Q,2022-02,
40.88415172669288,-74.00431420393843,bQQj1T7fbdnG2eiYjQm5eg,2022-03,
40.88424959061128,-74.00463134591392,eWG7frZ4XjHVtMdqAXtyfQ,2022-03,
40.88434652154743,-74.0049525222389,37LCvryW0BM5sbNHWBGZSQ,2022-03,
40.88441465205469,-74.00517300561837,VJ17gRQldS_ff_lxnoRJqg,2022-03,
40.88451936447204,-74.00551193443337,_tnLprNeoLMFb3qdZh5p1w,2022-03,
40.88396300528529,-74.00621355103797,HOW87OMe2pYkghfO0fq3cw,2022-03,
40.88405377927169,-74.0064865755899,kenOYjkACsGro7_A53auKA,2022-03,
40.88412243830222,-74.00670338101563,UtPeEIyqqWXZK8nQUISZEg,2022-03,
40.88421080712529,-74.00699657902928,E-Kd6YxBJM-FYTyEnSYGoQ,2022-02,
40.88423899816733,-74.00742445006411,gaxo7Ey6PWOisbSvRNCIJQ,2022-12,
40.88422131786982,-74.00768375450873,CfnB7FbEjxKx2DyQUSqgYQ,2022-03,
40.8843899306512,-74.0077981639652,ry0wSXWap7BEB_dUHS9PrA,2022-03,
40.88460468206122,-74.00824692453453,IODQQkHk8Wz1cjxtSSergw,2022-03,
40.88442850522127,-74.00910014951751,Uydsuw4Fvc2v17Xkv5D6yg,2022-03,
40.88426572118938,-74.00922361397747,HM8WIFJFffNYbHnn4AKkyQ,2022-03,
40.88412490154694,-74.00934178830963,7L-l9A1X-Fxdz5UpKA_mBQ,2022-03,
40.88400076156051,-74.00977225428433,rs0rM-r8nVkJi3M9y5BNfA,2022-03,
40.88405223591622,-74.01011987211139,qeS_Z37AHE_9lCgIqi5Sqw,2022-03,
40.8841403643404,-74.01050532637323,c1VfZy8lmLr9gklQwHcxjg,2022-03,
40.88420227879398,-74.01076426799496,GU19E4Ak-fdIgbhJxKhnIg,2022-03,
40.88430020964561,-74.01103002350514,Wj39H3AB9qdmBMcWwGXwqg,2022-03,
40.88442750293122,-74.0113421333339,ofQOwKiMM0px8YbuVfsHjg,2022-03,
40.88451580330973,-74.01155642275172,LNkQp3MU8rofqWx4celb-Q,2022-03,
40.88428428851321,-74.01257765646683,qq1kfEG2Sd1IywGjORnIxQ,2022-03,
40.88428428851321,-74.01257765646683,qq1kfEG2Sd1IywGjORnIxQ,2022-03,
40.88415861026423,-74.01261432753209,ns9DIKcOHNRcxFKN9iMxRw,2022-03,
40.88472637592549,-74.00139094970946,lqwNGcnVT3vNT-y-LJoSog,2022-02,
40.8845211381681,-74.0020230011902,7l8RZQIBLr79Mq-URh-1Uw,2022-02,
40.88443894873806,-74.00206873046876,JfdV4ba2UZzzpEeIqi8M_g,2022-02,
40.8843779703163,-74.00266052014722,A-aXAF-BbESzXJ65LtFeNw,2022-02,
40.8843779703163,-74.00266052014722,A-aXAF-BbESzXJ65LtFeNw,2022-02,
40.88462900330332,-74.00372224004383,QtRvKKhmxMN8xdHKJhM6pg,2022-02,
40.88454560714077,-74.0037668929431,XQgYvrhyfpM1AgBSh1N4eA,2022-02,
40.88446390148211,-74.00381073885214,TI-DnncCAhKIqGP_HYJ88w,2022-02,
40.88418430702106,-74.00441821437,sFcgUmBizbwLPRlEA7dN_g,2022-03,
40.88428151297914,-74.00473867374077,c4Wi_M1jXcEsDu5BjHKgbQ,2022-03,
40.88437984830664,-74.00506020854097,H3iFCC2j-LfQSHKK_uTxnw,2022-03,
40.88444965697619,-74.00528616128422,jmKDZI4fuRdYvh-NwpERcw,2022-03,
40.88455127712147,-74.00561495791452,NSoeGUPx540MOfMM9bgVEQ,2022-03,
40.88465775321391,-74.00595890709812,U2QASvjJznfTvpdrR7FAIA,2022-03,
40.88474296038992,-74.00623139403372,FPaILkMBoFCWCYgij6qexw,2022-03,
40.88460111722075,-74.00686889897092,U1v6YXmunr2A2oJIWG2Yqg,2022-03,
40.88450379089799,-74.0070126286935,NiQbuKbPSjnZD5RUsYbpuw,2022-12,
40.88452890363725,-74.00741826333551,buyb7kWesDJfnR58InHylg,2020-11,
40.8845318426851,-74.00766384940823,VKQIytRrnJyr85jCTL16Ng,2020-11,
40.88453956374744,-74.00803119680786,nBLiQN1osxY3ibah4Wb2pQ,2022-03,
40.88463755623551,-74.00835568492955,rxJVrqcVsYMDeYZ5fLzDaA,2022-03,
40.88458971112928,-74.00897776092188,uaBqgCyA2R76RyxpRxDzCg,2022-03,
40.88451773881233,-74.00903245473621,AjYfM1SRpsbXRjOoYu31uQ,2022-03,
40.88434280118445,-74.00916515441742,IhbG3GVA35zqGA95sS7T3g,2022-03,
40.88401616622526,-74.00989096624683,lIMscvTvwcBPxW2XOi6OXQ,2022-03,
40.88408940168288,-74.01028224896078,MxadkX6E18UDJRmPXgVsLQ,2022-03,
40.8841403643404,-74.01050532637323,c1VfZy8lmLr9gklQwHcxjg,2022-03,
40.88425268044533,-74.01091337445526,4Lya46SdSrRE3ffOtVBlUg,2022-03,
40.88438612181763,-74.01124072683525,x3Z0I6Wyh3HW-xyDCvM3zg,2022-03,
40.88447083639429,-74.01144829180356,BZl0EeYQS_DXSX83N4sVyA,2022-03,
40.88462595824378,-74.01174130321957,9sKxrBGjG7bjucL4SQ_I4w,2022-03,
40.88454353103647,-74.01252439823239,oOqZORK6d6PSz-rOv2s64w,2022-03,
40.8844573783287,-74.0125411647152,ryDb5UAm2aalQVmHN3-DRg,2022-03,
40.8844573783287,-74.0125411647152,ryDb5UAm2aalQVmHN3-DRg,2022-03,
40.88475860839651,-74.00149514106043,xZfYFaEsnpIS1XjeJZEbHQ,2022-02,
40.88479698656004,-74.00187272215076,0cSoKNumGwNDkEP2YdAchg,2022-02,
40.88493835339933,-74.00218260529145,JnWOF4lpSSSSRH-sMMUeYA,2022-02,
40.88499855828717,-74.00253220954043,iD3U80bGUNfFmiGqDsq-jw,2022-02,
40.88504150753754,-74.0028063153235,iwScGkNAr1ONCz4xKN4GJg,2022-02,
40.88488460122255,-74.00359195752915,dTmSQYFTtsLo0jiGnhio2A,2022-02,
40.88479803883241,-74.0036328445495,4dPpDJCM50Tu7f1-KsmhOA,2022-02,
40.8847143144967,-74.0036762421668,haQMHoK0zJORc5BEPrmbNw,2022-02,
40.88508499505781,-74.00441606243061,-LjQ04frcC0GpF_gbJZfVw,2022-03,
40.88506204886628,-74.00465196864221,RtftPs7SK8qEz1G-j2C4Dw,2022-03,
40.88508147733765,-74.00489020582492,Nz4GOrOCNdthmrBxnt1RMg,2022-03,
40.88448734996705,-74.00540819358736,Uy0NukX4TKSrFIKbWYAiNg,2022-03,
40.88458462858691,-74.00572282317081,eBC8N38kzdArk0nUbbAkQg,2022-03,
40.88470514561677,-74.00611061754253,LSBcdRfZDflR58Js5AXjUg,2022-03,
40.88479271417649,-74.0063732413076,L6P1F0-aWfJQa9BncOMtWw,2022-03,
40.88471969479406,-74.00670212573264,ZwxQ8I4Hma0FWNIMUKomcQ,2022-12,
40.88459102906609,-74.00697595655372,ZFfct53J__xdTvsO5Ec4dQ,2020-11,
40.88453801532439,-74.0073053779192,U8W9tXoSEta1jJS0J9aTdQ,2020-11,
40.8845318426851,-74.00766384940823,VKQIytRrnJyr85jCTL16Ng,2020-11,
40.88457258967188,-74.00814049529995,9lPG0Vlxv9toF7n49RjuRA,2022-03,
40.88467091649279,-74.00846310032905,Y88Dgsz5R398DjEwH4r-Tw,2022-03,
40.8847764273331,-74.00879924378954,3bldjrLLww42sMLQ8RG3Ng,2022-03,
40.88486239691636,-74.00906177420073,hz6k1O_R-IFlGtdgvjvjbA,2022-03,
40.88492912524936,-74.00927507989438,HdoUl342GSeH1XDJjA3ukg,2022-03,
40.88503027050051,-74.00959848996463,F4wtvrNv0qeMbMkuegUP6Q,2022-03,
40.88513035323796,-74.00992396170368,z6ytku7_Z5gOZMMqrWDWjA,2022-03,
40.88420227879398,-74.01076426799496,GU19E4Ak-fdIgbhJxKhnIg,2022-03,
40.88420227879398,-74.01076426799496,GU19E4Ak-fdIgbhJxKhnIg,2022-03,
40.88442750293122,-74.0113421333339,ofQOwKiMM0px8YbuVfsHjg,2022-03,
40.88457168596523,-74.01165029758,q4DRQC6LB1jg_HTIXMOJYA,2022-03,
40.88469736165944,-74.0118804565866,9RKYF9_DqfM1k-xFPa8ajw,2022-03,
40.88477736160221,-74.01207546838342,Wc4J36hPFJb5Y8nrAmkaMw,2022-03,
40.8847140690641,-74.01247840247251,CSTiX4Tbrxpid-dVqGMTRg,2022-03,
40.88484682962352,-74.01287048683076,LSknFOIxykKMirt4sNYVtA,2022-03,
40.88505104854787,-74.00172952656014,VfipfAZO8zwCoOGtVBSKjQ,2022-02,
40.8849680290342,-74.00177947018155,p4ou8PGVUB44mmxkUUh1JA,2022-02,
40.884958247974,-74.00229791468855,HL5YBU70GUem5jwg1mnxUg,2022-02,
40.88499855828717,-74.00253220954043,iD3U80bGUNfFmiGqDsq-jw,2022-02,
40.88505963583246,-74.00295901458033,a32Op4mWoVq7KeENjgTTHw,2022-02,
40.88508878429985,-74.00320370972966,1aKQsLerUulmVb82lYapVg,2022-02,
40.88497349285546,-74.00354999452551,4RMuC9KDc-hLiqz85yxY4g,2022-02,
40.88512349798014,-74.0039605680483,b0DpM3thQuStIp3m-PMZ4Q,2022-02,
40.88511749722242,-74.00427403437733,lXO8gTFepRufQzFdU12Lmw,2022-03,
40.88506204886628,-74.00465196864221,RtftPs7SK8qEz1G-j2C4Dw,2022-03,
40.88508147733765,-74.00489020582492,Nz4GOrOCNdthmrBxnt1RMg,2022-03,
40.885178087028,-74.00522662455555,b0zW1FgY49wBysAWTWWCWA,2022-03,
40.88526049445309,-74.00550852721547,mztNkAeFqG4qeLkWut5BCw,2012-08,
40.8851032324289,-74.00632150562002,RUzUJWnJi6W-c9Vz5bfPZA,2022-12,
40.88502467899767,-74.00637485524564,zYHyuZn3Z8WCv_JkcMTbiA,2022-12,
40.88488052998229,-74.00650450822334,IRVZtQAYWYT-1gy2KtKBIg,2022-12,
40.88478242049796,-74.0066199046794,rvWSmroUPKead0mQBn2-ZQ,2022-12,
40.885027499999964,-74.00737089999998,None,None,ZERO_RESULTS
40.88532509868659,-74.00843844321012,rX-YmnMc5Qu4SDsvGmweyg,2022-03,
40.88524365944684,-74.00849744096574,nrGvarJpcYUbVzUeaLbtSw,2022-03,
40.88509073182725,-74.00860817378619,cSv5OY9X_bRDTDPYkLs9Vg,2022-03,
40.88501760363238,-74.00866107446319,TFs5pqcDxCpnb9obqvOxYg,2022-03,
40.88489532623558,-74.00916721664146,3QQHap2HS1s6nWRpr0paWg,2022-03,
40.88499655977414,-74.00949071655593,2e4BLo5ep-l2dUj46l5hiw,2022-03,
40.88506265894755,-74.00970330447771,Vmn_tdErnhQA8DZHSes2KA,2022-03,
40.88516460163549,-74.01003128656059,3K-MVP3mfK3KkBj8mmpdkQ,2022-03,
40.8852674086188,-74.01035317110848,4NaJB0ntxIENIFnwheAy0A,2022-03,
40.88533582806602,-74.01056728231256,Mh2gsVMp_7N2Oa2fUx8UXA,2022-03,
40.8854400963131,-74.01089364901318,L5nIkmkOd-bFw0m9qnx6UA,2022-03,
40.88462595824378,-74.01174130321957,9sKxrBGjG7bjucL4SQ_I4w,2022-03,
40.88474035019801,-74.01197729005541,b_OLFXuWgKKxLyBVOGqqOw,2022-03,
40.88505694768619,-74.01234767762082,_A1sCqGNOhC9frEznU9V7Q,2022-03,
40.88497012198541,-74.01238515567387,xQ71IWsirhEItWNM4_fFWQ,2022-03,
40.88484682962352,-74.01287048683076,LSknFOIxykKMirt4sNYVtA,2022-03,
40.88529463494933,-74.00158301324008,ciAKv_T_NTn97akZ43LD6A,2022-02,
40.88521418255013,-74.00163143258715,DQUn_BbBo5pGgIpINoxrGA,2022-02,
40.884958247974,-74.00229791468855,HL5YBU70GUem5jwg1mnxUg,2022-02,
40.88501825003792,-74.00264662207725,VKditIutSps4Zd7OKrCoMA,2022-02,
40.88505963583246,-74.00295901458033,a32Op4mWoVq7KeENjgTTHw,2022-02,
40.88510005527321,-74.00332610201936,uQ4HtE2JiEPDvEErWausXA,2022-02,
40.88511379400278,-74.00356344420716,0fR7aAjFUfEqp5a2Ke1SqA,2022-02,
40.88533058448574,-74.0041675132682,lARIQQGi6F6AWy1C5SDJBA,2022-03,
40.88524862316322,-74.00420848982982,tCdHkduOxOdqBF1XWtOkdw,2022-03,
40.88506204886628,-74.00465196864221,RtftPs7SK8qEz1G-j2C4Dw,2022-03,
40.88514478560688,-74.00511275154396,1zP_NnbjZZrdxyf7VVevkQ,2022-03,
40.885178087028,-74.00522662455555,b0zW1FgY49wBysAWTWWCWA,2022-03,
40.88529128311297,-74.00561370262439,iV7NKZ1iQzS38abrKmMAjQ,2022-03,
40.88539930270726,-74.00598338520987,UBGmSBOxdYk7Xr-OQIQWAg,2022-03,
40.88527046083937,-74.00624851972155,Lj3Gxq_ntDICy1K1VqCjmw,2022-12,
40.8851831929867,-74.0062759566842,NFksM4IinrccLENrkEq9Sw,2022-12,
40.88529719999996,-74.00702859999998,None,None,ZERO_RESULTS
40.88529719999996,-74.00737089999998,None,None,ZERO_RESULTS
40.88532509868659,-74.00843844321012,rX-YmnMc5Qu4SDsvGmweyg,2022-03,
40.88540947949859,-74.00837738320377,INoRbSPMamtmvDWzImVjIw,2022-03,
40.88532509868659,-74.00843844321012,rX-YmnMc5Qu4SDsvGmweyg,2022-03,
40.88524365944684,-74.00849744096574,nrGvarJpcYUbVzUeaLbtSw,2022-03,
40.88492912524936,-74.00927507989438,HdoUl342GSeH1XDJjA3ukg,2022-03,
40.88540988407397,-74.00971998154635,W7yElKdUCwP94wU9T6e52Q,2022-03,
40.88529837706963,-74.00978229638673,NeAuTX-v_fmIj7ipIs00yw,2022-03,
40.88519906391536,-74.01013905966457,fQYEd2eK5l-ttWi7EhQzIw,2022-03,
40.88530149233095,-74.01045986809527,ciPUs8SVd4H1nkhGuOg2nA,2022-03,
40.88540470153087,-74.01078300717766,i7m-UKKE9MklUM33aungXA,2022-03,
40.88547594545471,-74.0110059046836,fLsYP2cFr7Z-Rx5lItvQYw,2022-03,
40.88556530661791,-74.01128761950224,H2WkbNeTMvh0OMb1dTOV6g,2022-03,
40.8853908001236,-74.01219893092156,q9oXLYEtYKT9pgOiiZGSBA,2022-03,
40.8852977025147,-74.0122404437251,a4UW28myGM3VR1hoFO0wuA,2022-03,
40.88521910861711,-74.01227550096687,_GeA5aWiTNeoRVqxMB5L2w,2022-03,
40.88513873588856,-74.01231127548571,uviQsfQfXAH6FzfSmsM30Q,2022-03,
40.88553461414629,-74.00143865178079,ZtUqKwRUVjyDL3bHY1YZkA,2022-02,
40.88574380884869,-74.00187460512277,ni2YxB6SFNXKl8VG9kA9fA,2022-02,
40.88579142091584,-74.00223828736513,H4xdfZzE7KtWS1mYbBlkXg,2022-02,
40.88582653553041,-74.0024635261195,76la6Vhg6kgnQPS3FA_SqA,2022-02,
40.88589812979335,-74.00281707511068,WRTXxc6wz6m2oC_rH7lSQw,2022-02,
40.88596841148995,-74.0031608499936,9iCtfq20kPpI5Eq7LITUDQ,2009-09,
40.88580164403666,-74.00381970529446,JRrCoy8cBL9IwL1IhzlN4Q,2009-09,
40.88561479081735,-74.00402736798127,AaWhKqHajFBs1Z67Z4N3gA,2022-02,
40.8856219330418,-74.00428237314851,V97vNnI_QYdOGfCNqRKEmQ,2022-03,
40.88571901186102,-74.00459610794259,fZzeFDEAfYi5MUM_Vyoluw,2022-03,
40.88578625873492,-74.00481354315828,5vw2OlH71Z4PyuLzTIO9ow,2022-03,
40.88526049445309,-74.00550852721547,mztNkAeFqG4qeLkWut5BCw,2012-08,
40.88535395890395,-74.0058280881254,oi4wYH1Mnv9DnGC7vJZ9rQ,2022-03,
40.88542473895082,-74.00607044835856,SdHuMfo6sApOQp893G79UA,2022-03,
40.88558451723522,-74.0062244002969,8A2tNFHoVpEH2m0qQyOGeg,2022-12,
40.88558451723522,-74.0062244002969,8A2tNFHoVpEH2m0qQyOGeg,2022-12,
40.88556689999996,-74.00702859999998,None,None,ZERO_RESULTS
40.886125533582,-74.00784451950135,8d94OrCdAg16ZvGT7bZtRg,2022-03,
40.88573048052672,-74.00814022631276,PohJpJjeDXJNRRCVcN-ZFw,2022-03,
40.88564549144276,-74.00820388660351,m5nPkQWpnwYh741KOOkUPQ,2022-03,
40.88558753464525,-74.00842633880512,ONRtELuapipUnzkabz4SsA,2022-03,
40.88566731611219,-74.00866591621934,h9UZYJcK6K50caCTsw7Tow,2022-03,
40.88577129929353,-74.00897856787992,6g85M8EABigjQ4VPk-Ehuw,2022-03,
40.88564622051459,-74.00958799954398,3lkOaGdnpdG0gt0s9K9RaQ,2022-03,
40.8855659308749,-74.00963283039741,yQgoLDD40kbYedCagB9ZCg,2022-03,
40.88540988407397,-74.00971998154635,W7yElKdUCwP94wU9T6e52Q,2022-03,
40.88533582806602,-74.01056728231256,Mh2gsVMp_7N2Oa2fUx8UXA,2022-03,
40.8854400963131,-74.01089364901318,L5nIkmkOd-bFw0m9qnx6UA,2022-03,
40.88556134012349,-74.011145596552,r5H9ZUjTIBV6FgBr6pP06Q,2022-03,
40.8856063939903,-74.0114182554182,XPSgYQGHJ_TAgPHmPlTaAA,2022-03,
40.88571040409322,-74.01174865539741,o052pylS5HSfxu78xS31-A,2022-03,
40.88556673691535,-74.01212047797446,OAZ26jbQc4GRJm2rvxTegQ,2022-03,
40.88547817377004,-74.01216001826383,vSmKhTv3UIuIHhugPR6mgQ,2022-03,
40.88556689999996,-74.01284769999998,None,None,ZERO_RESULTS
40.88570301738842,-74.00150016232892,_Vx6HXnBV7NlKnT4-w7Kfg,2022-02,
40.88574380884869,-74.00187460512277,ni2YxB6SFNXKl8VG9kA9fA,2022-02,
40.88583075628548,-74.00226213829674,oGbVVfkgTa2JrcyHR6IV8w,2022-02,
40.88585024798538,-74.00258242194747,6_WsydqcVEH72YptBmcpYQ,2022-02,
40.88592120245927,-74.00292987351018,3I5BRu7bb81VJ4BOGlE-eQ,2022-02,
40.88596841148995,-74.0031608499936,9iCtfq20kPpI5Eq7LITUDQ,2009-09,
40.88590467217665,-74.0036123113759,4bSHwNJ7wGYOFNPec0-LNw,2009-09,
40.88580164403666,-74.00381970529446,JRrCoy8cBL9IwL1IhzlN4Q,2009-09,
40.88565361990962,-74.00438485930673,DwhGOH0CT00Cka-bAl2AeQ,2022-03,
40.88575264171798,-74.00470487041333,LrLQo0L_nDMPL6Q1yisRkw,2022-03,
40.88585170063476,-74.00502514997633,eb1yqqunl4I_Pi27Ugebmg,2022-03,
40.88591837861159,-74.00524070176564,jQaYHBiAG0iXesWtg9IcBw,2022-03,
40.88602069076971,-74.00557120208248,TFV_kLNqJo2o2BcqtxEgLw,2022-03,
40.88585757948897,-74.00624905770124,Ahviv2OBNFgISPAziP9xdg,2022-12,
40.88585757948897,-74.00624905770124,Ahviv2OBNFgISPAziP9xdg,2022-12,
40.88585757948897,-74.00624905770124,Ahviv2OBNFgISPAziP9xdg,2022-12,
40.885836599999955,-74.00702859999998,None,None,ZERO_RESULTS
40.886125533582,-74.00784451950135,8d94OrCdAg16ZvGT7bZtRg,2022-03,
40.88596879952023,-74.00796179806102,eDTpxCZMWdPquxZ26W9a3Q,2022-03,
40.88581057537665,-74.00808024216028,H1Xm6Y1cRmK0hkfyhu9l_g,2022-03,
40.88573048052672,-74.00814022631276,PohJpJjeDXJNRRCVcN-ZFw,2022-03,
40.88570090122364,-74.00876696543541,HjenS7Pt9rLXrkB3U6Um8w,2022-03,
40.8858071788493,-74.00908625191536,BYpweO9iPLowXTHC-hZNCg,2022-03,
40.88582051031534,-74.0094905372324,trAVGJzOaTUR5okWX316SQ,2022-03,
40.88601984710695,-74.00975163210812,lVFMSiVfWIpbEujiN6pRoA,2022-03,
40.88608650898815,-74.00997031672445,hlG1bggZ4dMBjYlVkGhw8Q,2022-03,
40.88615857026227,-74.01020639540833,WFzrr7eXzGPiA4xOsZFBFQ,2022-03,
40.8858502588317,-74.01099084162621,FVDHCD6YPwHLs30uowkzLg,2022-03,
40.88576475538863,-74.01103656876101,LwqPU8Fz5SR3z7OukTwxFg,2022-03,
40.8856411481933,-74.01152862790357,iBOzwbJCzuDV5Mb9mmwWdg,2022-03,
40.88574757964635,-74.01186655918657,LsF3Uvcg6wmgt5ajkWNTvQ,2022-03,
40.88583983143873,-74.01215965962179,flDWP2hE6v3Auox9UUiGhw,2022-03,
40.88594134002271,-74.01248145092477,3RufSqFLmSLN2qaLMd1JRw,2022-03,
40.88600958421888,-74.01269807023175,ZdypEGqd9zUOTCP1sisdTg,2022-03,
40.88595403157569,-74.00120830087907,6YPVNpIiL3IOOC5RvlrLBg,2022-02,
40.88618408503457,-74.00206639917248,o2CMo777dr90ew0eSRP6sg,2022-02,
40.8861037635286,-74.00211096279281,igpSh5NxJzIjDFRUx6Uf8g,2022-02,
40.88587395473427,-74.0026986277532,Yl6F64moraw7fLRBXTGtfg,2022-02,
40.88592120245927,-74.00292987351018,3I5BRu7bb81VJ4BOGlE-eQ,2022-02,
40.88612771247249,-74.00326477138726,02iJyWnZ_pNBtIbW-qHhCg,2022-02,
40.88609070064875,-74.00359554411024,mt2-V1UL2eOMXma5vn9sxQ,2009-09,
40.88618489044151,-74.0038629235406,QpO4aIXMYNRADDEgLVhItA,2009-09,
40.88630751678132,-74.00421306270596,XQQeZ-NZwQGKNkwIfuILMQ,2009-09,
40.88637647143669,-74.00441337250633,Iv1DaRu11sKQu7eoWAJTKw,2009-09,
40.88588503968261,-74.00513292590135,1BfVhmOqSR-2jQA8fa1V8Q,2022-03,
40.88595198231415,-74.00534928454259,pCoVXIjXXJmzbaMWDrRx1A,2022-03,
40.8860625716643,-74.00563262163894,EcmmfpOVJop1uRl0opAdZg,2022-02,
40.88613710680949,-74.00596455589341,x2lK52bJVAgSh_HoPNI7uw,2022-03,
40.88612868495017,-74.00627371510242,pnc2iuOg2nwQCAQBYrF4dA,2022-12,
40.88612868495017,-74.00627371510242,pnc2iuOg2nwQCAQBYrF4dA,2022-12,
40.88650711440583,-74.00755885445187,vtmvgzuxlGB23joJ4VyuoA,2022-03,
40.88627838673655,-74.00773011007261,7p2io2mMP4SIaEWH32jJFA,2022-03,
40.886125533582,-74.00784451950135,8d94OrCdAg16ZvGT7bZtRg,2022-03,
40.88604746694873,-74.00790288980265,4NyJ7jPdcolyrX3NJ11XoA,2022-03,
40.88596879952023,-74.00796179806102,eDTpxCZMWdPquxZ26W9a3Q,2022-03,
40.88632178804979,-74.00913502801137,5SR2y0oRAyPklnyE018NyQ,2022-03,
40.88617122289583,-74.00924755370013,Fbfk4CrgLjlbhpZjFZQh1w,2022-03,
40.8860685470451,-74.00932439391327,b-q74o3BtipdeOcnFi_UJA,2022-03,
40.88601984710695,-74.00975163210812,lVFMSiVfWIpbEujiN6pRoA,2022-03,
40.88612524600353,-74.01009709809719,NhTWEte19s8V6CplNgjXoA,2022-03,
40.88620438601727,-74.01035657824006,BGjLpE2ijrL35jvXbAsb0Q,2022-03,
40.88609766411324,-74.01085841219569,ANsKbBaJknQ2x33z-Ex1_A,2022-03,
40.88601725768747,-74.01090135986804,a30tYKuECKZPydi6HTTh0w,2022-03,
40.88617138420842,-74.01180747281008,bQkQ4JJimX033lhXgLcwFA,2022-03,
40.88608980452835,-74.01185328941014,9R8pyeCpkGaWHLvkXBdyBA,2022-03,
40.88601086671981,-74.01189758176845,uUs7lXa2NUfV6lci5gFcFQ,2022-03,
40.88597539914974,-74.01258958128834,bl366yDcPJfYhbjkdIZoeg,2022-03,
40.88607644020413,-74.01291020628524,ANEjQ8GLxYHzbgJ4_DxYag,2022-03,
40.88645710155576,-74.00191477518742,wPC_DuULWhknnYYg93Usow,2022-02,
40.88633893027329,-74.00198041018564,_xHSnMEYvjS3Zi6wVt0e7g,2022-02,
40.88633893027329,-74.00198041018564,_xHSnMEYvjS3Zi6wVt0e7g,2022-02,
40.88653342203233,-74.00304222351926,oFENW20vRwcgDIBGgPTG5A,2022-02,
40.88644550730768,-74.00308840087818,_CxxGSyC_A6RzorCpN4ZoQ,2022-02,
40.88636266864425,-74.00313430923173,FxV3lMMiiolUD31GHEg05g,2022-02,
40.88615039213549,-74.00376500998973,Igr4xvZ6bIH11h_5wJ0eDw,2009-09,
40.88621964083005,-74.00396155435622,1P50j44CXjqFC6Rq04nZ5g,2009-09,
40.88634215785732,-74.0043135762891,tnqVbaprkrGoHzFOHZR60Q,2009-09,
40.88644392532651,-74.00460946788668,Ymh54J7a8ISAi2ThKc_M6A,2009-09,
40.88651405210633,-74.00481327416642,kcf8EbaLj4oJM7PZAeR0Lw,2022-02,
40.88636526472162,-74.00538685363107,8uhFmdWqa6MY-iNokzgEXw,2022-02,
40.8862889127165,-74.00544881122867,lyA3moUtjonJbmQNsklDYg,2022-02,
40.88640553391826,-74.00628160547012,6ME-GujauhcD9bcirIBSvw,2022-12,
40.88640553391826,-74.00628160547012,6ME-GujauhcD9bcirIBSvw,2022-12,
40.88640553391826,-74.00628160547012,6ME-GujauhcD9bcirIBSvw,2022-12,
40.88658245129592,-74.00750245662488,wVTrK0LFT-ubKIvanJpEiw,2022-03,
40.88650711440583,-74.00755885445187,vtmvgzuxlGB23joJ4VyuoA,2022-03,
40.8863548755649,-74.00767281566998,3QlZ-H6DMVH01VCdE7bRBQ,2022-03,
40.88627838673655,-74.00773011007261,7p2io2mMP4SIaEWH32jJFA,2022-03,
40.88620162232425,-74.00778758378324,cWHrYVcJNYz0BgEAIkFdRQ,2022-03,
40.88647377946177,-74.0090214263126,ADbrgOC7aniN-sZi03SfCg,2022-03,
40.88639789029883,-74.00907818233945,UZjI4f8ez3XRr4VKS4LveQ,2022-03,
40.88624603627579,-74.00919169434259,T0oy6xUbnHG8E0AQ7aIIPw,2022-03,
40.8866528422511,-74.00982004392765,7h4mq0RR4hWUoKc_x01isA,2022-03,
40.88615857026227,-74.01020639540833,WFzrr7eXzGPiA4xOsZFBFQ,2022-03,
40.88623736885026,-74.01046453048325,zbqSOCp_30PSyHRfAVz36g,2022-03,
40.88640016940897,-74.01076130917647,FjPKVfaHJzc1IVBlJZLK0g,2022-03,
40.88648778635925,-74.0107957390615,JXx8mxaj8pq5XyLL2GYVjA,2022-03,
40.88635013586268,-74.01174677252263,AMSzT3jAcpqwwdWpSM3ECQ,2022-03,
40.88635013586268,-74.01174677252263,AMSzT3jAcpqwwdWpSM3ECQ,2022-03,
40.88635013586268,-74.01174677252263,AMSzT3jAcpqwwdWpSM3ECQ,2022-03,
40.88600958421888,-74.01269807023175,ZdypEGqd9zUOTCP1sisdTg,2022-03,
40.88611693006825,-74.01303770298853,LrJq3J9uGRpMLOG-kFosIg,2022-03,
40.88670194460644,-74.00177875285854,mfVOrIrogosADDHqLSVHEg,2022-02,
40.88661863173603,-74.00182502018757,7tpD3gPxKtkrOpzfoIZlxw,2022-02,
40.88653727195445,-74.00187021152144,xhQVt2Xdr9QCFifAsfxVWQ,2022-02,
40.88675914655205,-74.00291615478946,h0wKz5eYXvwPTUnspeluTg,2022-02,
40.88667678029333,-74.00296591877168,M7zsjP4cssbUrs-rrOrqMQ,2022-02,
40.88673369873271,-74.0032610951353,r_wfubt6Ag6PB1NgvAefPQ,2022-02,
40.88680298123637,-74.00346158526122,xQgGdkP2mXpq-Ue50dtumA,2022-02,
40.88691015495359,-74.00377648703858,1WCuiq9cncOpbM8sy1Souw,2022-02,
40.88637647143669,-74.00441337250633,Iv1DaRu11sKQu7eoWAJTKw,2009-09,
40.88651405210633,-74.00481327416642,kcf8EbaLj4oJM7PZAeR0Lw,2022-02,
40.88659671307778,-74.00505348375286,5xAu-gmVBFsMWIt6xPIbHg,2022-02,
40.88664189589554,-74.0051848412379,UpREZTJy17DfoizIrIQt6w,2022-02,
40.88644513331678,-74.00532211643821,iBLMmDvl_ZlzVfmorM8PZg,2022-02,
40.88671837880856,-74.0061641465536,9HdeGzowePdRKPBUN3ZBlg,2022-12,
40.88658816961731,-74.00622978009449,gDS5BxiUhn9zPxXnk4dv5w,2022-12,
40.88658816961731,-74.00622978009449,gDS5BxiUhn9zPxXnk4dv5w,2022-12,
40.88680743456253,-74.0073339803463,yRAIGM9SF-po_CJhm_Kfug,2022-03,
40.88665778802704,-74.00744605878124,Qd0JijGxqtD2kFEPQYpDWQ,2022-03,
40.88658245129592,-74.00750245662488,wVTrK0LFT-ubKIvanJpEiw,2022-03,
40.88642993735799,-74.00761659720186,9FmAFz_EATlU87XH3ZJ-qw,2022-03,
40.8867817655669,-74.00879117420152,lyCoSpzNJcO4zm_wJbqf4g,2022-03,
40.8867046503826,-74.00884882691734,7zERn4PkjgewTFRlVF2ZaQ,2022-03,
40.88655006888026,-74.00896431162087,87gyK9CviN4-jYSofidF7Q,2022-03,
40.88671947920825,-74.009756384175,YwqakwpYso2_OOa_a3GGVw,2020-11,
40.8866528422511,-74.00982004392765,7h4mq0RR4hWUoKc_x01isA,2022-03,
40.88668183421059,-74.00993803856804,R6GDKHTG6kApKOR8dhBogg,2022-03,
40.88657590211323,-74.01082891368445,R6htiAkc5kYd97W296GO5w,2022-03,
40.88666279840877,-74.01086038474035,hquQDBs3LyRNjFCPMRWWhA,2022-03,
40.88666279840877,-74.01086038474035,hquQDBs3LyRNjFCPMRWWhA,2022-03,
40.88661688744632,-74.01178156087289,7qDZz61CRCPCXVLuBECvMg,2022-03,
40.88661688744632,-74.01178156087289,7qDZz61CRCPCXVLuBECvMg,2022-03,
40.8867023333182,-74.01180227249078,ik-7jyfPjWmAUbTattyRrA,2022-03,
40.8867874782167,-74.01182298410643,J46gOzg36fl4lJvl_t6d1w,2022-03,
40.886645699999946,-74.01284769999998,None,None,ZERO_RESULTS
40.88695222010043,-74.00163968180802,deeWWP9LDtGYeBtU8xKjWQ,2022-02,
40.88686884524431,-74.00168603883607,zwHbzZEB82fZUhSNUfgU6Q,2022-02,
40.88728340765478,-74.0022893068355,OBNnZVXWkRLtHXAJGwmr7A,2022-02,
40.88700087685601,-74.00277780188446,c26-gb-6kx8Lz9qqWYx7Xg,2022-02,
40.8869211600049,-74.00282344131783,wc_2oWklkOyiY2DhsUptmQ,2022-02,
40.88676798664373,-74.00336017458424,IZaMG57TV6mprYQG403Bmw,2022-02,
40.88687402143118,-74.00366969665903,i5_BQo8jsAjARvrmjTmWnw,2022-02,
40.88694700341871,-74.0038835463517,1eyfRvdP1yrdShiUNQ4NuA,2022-02,
40.88705748450025,-74.00420427561055,beFszscWSPrGGbWEgrGS8Q,2022-02,
40.88717051171884,-74.00453235678715,JeGLDp6KTk0-EY_kW1WuPA,2022-02,
40.88691188785298,-74.00513911270384,k8-I9ZZ5UkJV6_mdV41veg,2022-02,
40.88691188785298,-74.00513911270384,k8-I9ZZ5UkJV6_mdV41veg,2022-02,
40.88704873278385,-74.00594796816071,JkIVLqyX7_ZTWUi8DP_nYw,2022-12,
40.88688565791568,-74.00605708851649,p1onMhoQpzP5VMkAaTvpzw,2022-12,
40.88680328543314,-74.00611106585927,iAPBfvdKEu1i3AGNz-NGCw,2022-12,
40.88699691415783,-74.00720154838292,w1pZNjQNTO7q_ATyFAyZOg,2022-03,
40.88699691415783,-74.00720154838292,w1pZNjQNTO7q_ATyFAyZOg,2022-03,
40.88684455823849,-74.00730618488427,oMfJJS1DO0Kz-ugthw-LAA,2022-03,
40.88673291167875,-74.00738975058374,wHub6RABPqOHw9eP7zxNEw,2022-03,
40.88720527639615,-74.0084495613296,LHJ4ThkJPX7wTv_L8sfYhQ,2022-03,
40.88702248488288,-74.008611132638,krtg1OeZR_dd2r_wz7HbCQ,2022-03,
40.88693884918379,-74.00867371682621,ibTn_8N0i-CEOhholV04CQ,2022-03,
40.8867817655669,-74.00879117420152,lyCoSpzNJcO4zm_wJbqf4g,2022-03,
40.88717679492097,-74.00946695618725,pKZSKuxIkvIjObMjQJR3yA,2022-03,
40.88689062709551,-74.00988872470742,6OYJN_kdPbyzzK2F-ZrH8w,2022-03,
40.88706063643279,-74.01009153908544,Gpho2uNTnV8I7WC8eKovGA,2022-03,
40.88703846790715,-74.01045341248096,Pgar08u5WWeUqOCE17DLzg,2022-03,
40.88691707945902,-74.01094143837614,OLzs0RjgQjXXnUtSTdnyjw,2022-03,
40.88691707945902,-74.01094143837614,OLzs0RjgQjXXnUtSTdnyjw,2022-03,
40.88714703866904,-74.01143233217253,YaZWpxkKWAlgv7XA9uSz8Q,2022-03,
40.88687316220154,-74.01184378538049,MEsQvyqTovJxKfAmmLupRQ,2022-03,
40.88696001240098,-74.01186485563426,w6bqU9LHNSVV2Dj_RcwgMA,2022-03,
40.8867874782167,-74.01182298410643,J46gOzg36fl4lJvl_t6d1w,2022-03,
40.88752541244485,-74.01280557285126,whsPplXNeXSRcLmoM2ap4g,2022-03,
40.88720153019209,-74.00150123831502,cUgNBSGFN-bUMb7zs9jatQ,2022-02,
40.88732914996159,-74.00194059879595,HnL5MKgGYWqjIKsJsXhVyw,2022-02,
40.88728340765478,-74.0022893068355,OBNnZVXWkRLtHXAJGwmr7A,2022-02,
40.88725037273284,-74.00260089293674,LKuSS7O7A3VRT19nFzeQ-A,2022-02,
40.88733795943224,-74.00286890141061,-Tb2S79kMkFFVB4E-eiJpg,2022-02,
40.88741739672668,-74.00310014696187,6b5Apn7X0mpwB5XnEjLxOg,2022-02,
40.88691015495359,-74.00377648703858,1WCuiq9cncOpbM8sy1Souw,2022-02,
40.88702052302215,-74.00409694748396,SGBtlITDW2n0HRLGXjW0lA,2022-02,
40.88709505086572,-74.00431321763234,P5QBs80O2Pij-fmZM78trA,2022-02,
40.88720725149449,-74.00464183660642,2hlAlMo4mfpoO5clYxfZ7g,2022-02,
40.88721577017625,-74.0049876704807,c04cpI5lES2Y_ufrTQgMaQ,2022-02,
40.88721967062745,-74.00525800686965,Q4A76Lzcm9MddMn65gnFUg,2022-02,
40.88721049130168,-74.00583911673313,v6GbzyolqnqqZcNl3oWVtg,2022-12,
40.8871302381602,-74.00589318380086,h5x-nzVsds16I7no2UiFTQ,2022-12,
40.88704873278385,-74.00594796816071,JkIVLqyX7_ZTWUi8DP_nYw,2022-12,
40.88707954552729,-74.0072193912865,TcGNLRZiQi-KiMM4ib55Nw,2022-03,
40.88707954552729,-74.0072193912865,TcGNLRZiQi-KiMM4ib55Nw,2022-03,
40.88717276095898,-74.00741898063738,kyLSq31xaPgq9Vu1EJhn7w,2022-03,
40.88725417455358,-74.00762816368231,gkQUFi1pq9DOY676-gt0BQ,2022-03,
40.88737447394274,-74.00793758918992,OAhItR5A8XF795RB3TGm8A,2022-03,
40.88720527639615,-74.0084495613296,LHJ4ThkJPX7wTv_L8sfYhQ,2022-03,
40.88728727263391,-74.0086315756129,chu--8VAG6rLI57UTRG63Q,2022-03,
40.88726700018967,-74.00914202164178,i6gvdUTb2fqQz5IN6BP8LQ,2022-03,
40.88717679492097,-74.00946695618725,pKZSKuxIkvIjObMjQJR3yA,2022-03,
40.88711747791231,-74.00974293492877,SkRU_kRPicQHJw65N4dbLw,2022-03,
40.88712779277974,-74.01017528289051,5ims4r6S-VDoqGm0ohm3Cw,2022-03,
40.88703846790715,-74.01045341248096,Pgar08u5WWeUqOCE17DLzg,2022-03,
40.88705058474576,-74.01083536928608,XiUVWilb1GXtY0xs7wIgnA,2022-03,
40.88709886784437,-74.01121248363641,vhfU0dHbT2mS-QDmP_jD7g,2022-03,
40.88714703866904,-74.01143233217253,YaZWpxkKWAlgv7XA9uSz8Q,2022-03,
40.88723540921188,-74.01183544693902,QOasQUHzKvSmjF5jUEjyPg,2020-11,
40.88729141981029,-74.01204588039947,Vm4iJnuQRm0cw_sorvdYYw,2022-03,
40.88739276667172,-74.01237502404781,UFGukqROzTzAFhUIRazrJQ,2022-03,
40.88749195456641,-74.0126969046484,clYYHpzi3szgVOFdurjTNA,2022-03,
40.88728808144582,-74.00158382022929,rKzb8Jwzv035cCdtfPsSJA,2022-02,
40.88732914996159,-74.00194059879595,HnL5MKgGYWqjIKsJsXhVyw,2022-02,
40.88729873693583,-74.0021741767636,aIb7TWbOtEylEgQ1Q7L5Mg,2022-02,
40.88743658588223,-74.00253669279161,An-V2KroZbTy7O6mJiriCw,2022-02,
40.88737675097218,-74.00298169977954,S29f09RirwkDYOhBfZJxpA,2022-02,
40.88745337579608,-74.00320478570617,fEn6XI5tgXBa4QZfyrmkLw,2022-02,
40.88758107494591,-74.00357689388788,M58NTPi-lVsa_bZAmKe_tQ,2022-02,
40.88765506320983,-74.00379253697292,iADfnaNaWIcowAeECNh5-Q,2022-02,
40.88713276863533,-74.00442269757698,wyiQZvUMpev3FVJJgIbxRw,2022-02,
40.88723957193018,-74.00475409594654,NCHGCyR3EXPNk3v-sW3rnQ,2022-02,
40.88724037762195,-74.00487801153146,zRKAicybupnpE7XBUCeTwQ,2022-02,
40.88729299652058,-74.0054700615144,jGyGo2Yx_ntHruhFtpGEbg,2022-02,
40.88749365301215,-74.00565082334313,OBozLppNnUDQa-Z7ERV8ww,2022-12,
40.88737163581975,-74.00573071356123,i-9Io--xPXMxtjsH5-gSLg,2022-12,
40.88779840188734,-74.00612110815393,LxbG7ckm18quRbApLWsIUw,2022-03,
40.88805348211313,-74.00700375206374,mnKI5fssfh36UEE-gZt-6Q,2022-03,
40.88713213738274,-74.00730914375622,AVoNQ-vm14ydElfOAdLNMw,2022-03,
40.88721371361302,-74.00752424465858,hdOPkFNG1I5wBZMCYHrIGA,2022-03,
40.88733445407271,-74.00783465662225,jArGADphxJAxsRRH0YuUIg,2022-03,
40.88742762160226,-74.00807952486089,pKJVRwi0BsWJq7SJ2vwTzw,2022-03,
40.88747113370354,-74.00843512570661,psmPr23y82vKjhFS_it8Kw,2022-03,
40.88742233659362,-74.008691918241,nnYMSh22bRhsKidjRLiVgw,2022-03,
40.88757974143149,-74.00896601519905,eylHQC1RYwgC3m3VsTat5Q,2022-03,
40.88723412795963,-74.00925230577955,98-jdIkX3SrJOcxsFoCgJQ,2022-03,
40.88745429304031,-74.01015197091421,BjFZC_l4xt0wN63jf821TA,2022-03,
40.88745429304031,-74.01015197091421,BjFZC_l4xt0wN63jf821TA,2022-03,
40.88740919063079,-74.01029641546015,zgfYytrLAqvQrfx2V6ZwWw,2022-03,
40.88740625742231,-74.01100823587095,lFwCVWlRjhxdIk6ka6IbBA,2022-03,
40.8874952675497,-74.01101271892345,qVWFUO_WtvHZfLyn_LTZkQ,2022-03,
40.88717209747491,-74.01154647040333,aLD6lwxVcxFVmgZeplAiVQ,2022-03,
40.88749155229586,-74.01192116251373,PzF263jvm1OLtNrEdqdxDQ,2022-03,
40.88735959857602,-74.01226734186514,3l1E8ckOh9YRrbjfIZ1hXQ,2022-03,
40.88742592193668,-74.01248261650946,nvU5O06ogCOP9mFdjP6pcQ,2022-03,
40.88752541244485,-74.01280557285126,whsPplXNeXSRcLmoM2ap4g,2022-03,
40.8879320030399,-74.00137373392138,P4LQoXplboEQ3R6N8Y5QBA,2022-02,
40.88787538636294,-74.00228347860144,jpHFhGr-JjMeHnGrUa9dXg,2022-02,
40.88779063886642,-74.00233234609695,2wAURFgXGRNzE_kGOTUrGg,2022-02,
40.88770700550307,-74.0023805859243,NMJ3ZSe9ocOwt3C9S7gTRw,2022-02,
40.88741739672668,-74.00310014696187,6b5Apn7X0mpwB5XnEjLxOg,2022-02,
40.88768174339054,-74.00337039635252,irvW64DWuNhFXDprOvIJxQ,2022-02,
40.88761750808963,-74.00368314633228,_yKbgzLM8sezZkFtuqjeVQ,2022-02,
40.88772924067892,-74.00400898679398,Upv_lNHPovdoeymMQ7YYVw,2022-02,
40.88783501946119,-74.00431725252086,nxPTsUWCr9FXnpQ83_jp2w,2022-02,
40.88790921565734,-74.00453119115402,IfviUGwq0VhRm0k-xvA-_w,2022-02,
40.88799751428793,-74.00478834758513,arBs35g_JQ_qie2RlORT_A,2022-02,
40.88777278108854,-74.00546486102274,lGef4oQ3cCYHNY5KBwCdyg,2022-12,
40.88763622676424,-74.0056994209882,Luxq_Wc6DWEhcrlQyGbRGg,2022-03,
40.88775527658822,-74.0060021248611,CpsRjBBXUXGUN5gn-4o8hQ,2022-03,
40.88783325562004,-74.00623480123875,voRcIZbKgF48h7N_Mha4Cg,2022-03,
40.88793174309234,-74.0065606373552,iYV8_tRK7QIjL6Y7o37zIw,2022-03,
40.88802436454855,-74.00689337696625,bhAnROke_ZCxfTpmnbgzgA,2022-03,
40.88810518119571,-74.00722826790627,QrumgpSvUnQvCLb3sPblTw,2022-03,
40.88779552751267,-74.00815251006065,bMKVBoreKLxUydXo4EraAw,2022-03,
40.88770968404379,-74.00817618093028,IHp-qUq_f7WKGHdwyR50VQ,2022-03,
40.88770968404379,-74.00817618093028,IHp-qUq_f7WKGHdwyR50VQ,2022-03,
40.88757974143149,-74.00896601519905,eylHQC1RYwgC3m3VsTat5Q,2022-03,
40.88768926152925,-74.00914058705094,ZwLuEKXy5DBcW-7GNBqzDA,2022-03,
40.88779533489828,-74.00933434637737,nlTG0Z6NZkt1ds05TrPUNQ,2022-03,
40.88792864142033,-74.00964430709419,22AX65ApgjJ2dru_vasdaA,2022-03,
40.88748478720009,-74.01025032950265,K3HN6LBgQJXhsnYxAljxwA,2022-03,
40.88748478720009,-74.01025032950265,K3HN6LBgQJXhsnYxAljxwA,2022-03,
40.88776133730967,-74.01102258163858,pcQ7Ek3X_z4ypgctw-_Nlg,2022-03,
40.88776133730967,-74.01102258163858,pcQ7Ek3X_z4ypgctw-_Nlg,2022-03,
40.88775474979013,-74.0119234936899,1xhbBaCiu9E4xedjf2D9gQ,2022-03,
40.88775474979013,-74.0119234936899,1xhbBaCiu9E4xedjf2D9gQ,2022-03,
40.88775474979013,-74.0119234936899,1xhbBaCiu9E4xedjf2D9gQ,2022-03,
40.88745895102232,-74.01258985026925,rISUO3q_tJMX5_U7XaeTvQ,2022-03,
40.88755883206719,-74.01291397201187,NTuGqClKHP6ZqXlZth7cyQ,2022-03,
40.88800865336567,-74.00160758157698,Z1Cz8XSwdNOGlAO5OKIVjQ,2022-02,
40.88808387565589,-74.00183613869135,P6N3nCJZ1vK_18hXaiC-TQ,2022-02,
40.88795955744995,-74.00223479042378,K6O77GZvhzn5m1MgGHdyHg,2022-02,
40.88787538636294,-74.00228347860144,jpHFhGr-JjMeHnGrUa9dXg,2022-02,
40.88820504372821,-74.00305701820828,4Y0qLwKKEchkRSEvKkWKMQ,2022-02,
40.88820504372821,-74.00305701820828,4Y0qLwKKEchkRSEvKkWKMQ,2022-02,
40.88768174339054,-74.00337039635252,irvW64DWuNhFXDprOvIJxQ,2022-02,
40.88804960932744,-74.00418481846926,XsAtjJMdho6K3-2jkZ4yEA,2022-02,
40.8879738443408,-74.00423180253055,l0BzBXKfSEufoRWoZsYh_g,2022-02,
40.88795056293784,-74.00465035468963,IDTF4DckdYu8vVATCRjEcA,2022-02,
40.88803442720831,-74.00489693061877,kwp29RcCuL_lkBgOi_O8GQ,2022-02,
40.88797842858391,-74.00532875155315,UPgadvvdpa-kPxDWWe8zpw,2022-12,
40.88788166221982,-74.00539205412484,fdCjyhJAzo1cFvZHvVoxXA,2022-12,
40.88779840188734,-74.00612110815393,LxbG7ckm18quRbApLWsIUw,2022-03,
40.88789911447526,-74.00644990334925,W2lX9MxY9A_n8B926rhbWw,2022-03,
40.88796227621731,-74.00667038500308,B_QLzcEOg24CCg1DrY3Y_g,2022-03,
40.88805348211313,-74.00700375206374,mnKI5fssfh36UEE-gZt-6Q,2022-03,
40.88813070209105,-74.0073392704499,Kl4HF5FU51BudCZuVqwejg,2022-03,
40.88820751619164,-74.0076729949952,EkIAHcB9V0WhLENe0kdYow,2022-03,
40.88796265746016,-74.00809584342147,O2xGpqOhIsV2R1pHCQ3glQ,2022-03,
40.88796265746016,-74.00809584342147,O2xGpqOhIsV2R1pHCQ3glQ,2022-03,
40.88768926152925,-74.00914058705094,ZwLuEKXy5DBcW-7GNBqzDA,2022-03,
40.88774416734481,-74.00923500103693,P0yTYzIZdkXSmGJaX8lqQg,2022-03,
40.88788640195839,-74.00954003051919,q7ZYSwts0ulbPIAL09l8RQ,2022-03,
40.88796501643473,-74.00974965955201,-s66e4b6IpPZco6Kf_JB1g,2022-03,
40.8880632226218,-74.01007199288155,rNIdRbnVfBQTieQtwfW8-w,2022-03,
40.88813060351979,-74.01038168341834,_gyEJ5XTTqO7uOHAP89U3A,2022-03,
40.88802585337396,-74.0110018699362,6I8A6BOppcaJXVh2y1U5lg,2022-03,
40.88802585337396,-74.0110018699362,6I8A6BOppcaJXVh2y1U5lg,2022-03,
40.88827114638872,-74.01135692738093,5JYEolKCKXUTthTNoKntsg,2022-03,
40.88802211323762,-74.0119032303883,2DKaf52LEIj8l8tbG_C23Q,2022-03,
40.88802211323762,-74.0119032303883,2DKaf52LEIj8l8tbG_C23Q,2022-03,
40.88802211323762,-74.0119032303883,2DKaf52LEIj8l8tbG_C23Q,2022-03,
40.88759201216237,-74.01302174349024,JxKAzqAYKP0wVP9w1NEJnw,2022-03,
40.8881713264213,-74.00132343153177,iJ-kBSshW9YdL2x4j6IEVw,2022-02,
40.88811666145725,-74.00193575686961,Zu-TViXLXW1TSeY2i8ec3Q,2022-02,
40.888241401605,-74.00231773068217,UO-1NCdrXLWcjOUYjSZIMQ,2022-02,
40.88827204554316,-74.0024123273654,uNzYoT8Xu7GDkJe0Dc23kQ,2022-02,
40.88828047297375,-74.00301191681939,Q670WltBnqSmmPj--xyClQ,2022-02,
40.88820504372821,-74.00305701820828,4Y0qLwKKEchkRSEvKkWKMQ,2022-02,
40.88836953069345,-74.00398639138086,2PxB2fqr55n1ubicBOpf5A,2022-02,
40.88828979737396,-74.00403561709888,LuGrCYp0XHAXJppecw_n-w,2022-02,
40.88820713515364,-74.00408699474737,9nCnm0pWxDH04EWGUFKLOw,2022-02,
40.88799751428793,-74.00478834758513,arBs35g_JQ_qie2RlORT_A,2022-02,
40.88830835690474,-74.00511813137281,z_-WWgppUwBOSOLqvfkzqQ,2022-12,
40.8882478505892,-74.00530768057918,zDl-6feoeLIPH0x5KCQebg,2022-03,
40.88834932642797,-74.00557344367247,kvhICOcJOg2_nIpTCHNXeQ,2022-03,
40.88848659747948,-74.00592931816763,o_Y4GANJzM3FduYm2-3Kjw,2022-03,
40.88858164470273,-74.00617840302137,VfPUWojPvXz72qL9tPWysw,2012-08,
40.88799344071385,-74.00678246382687,xf4tmoVjmLkVW6mafNgkMQ,2022-03,
40.88807918020454,-74.00711547204068,VtNAk3phVHti1BgDR-xS6w,2022-03,
40.88815615927948,-74.00744982461552,OffP5v8_QvumKbuU3Aosag,2022-03,
40.88823313723698,-74.00778417660585,WZOBFh9A0hP08tXzs7U1lA,2022-03,
40.88820082297055,-74.00800178752287,er69z2jBwaGNVlDtPZDo9A,2015-10,
40.8883804183233,-74.00823401315624,zTgvGrGh_a5vHMYf7T0FNg,2022-03,
40.88851083233487,-74.00859409682391,stvmbUVj_CRXqIPRtGDrwg,2022-03,
40.88859941168454,-74.0087965539269,aJMJmFD5YaE96DxjeT3cmw,2022-03,
40.88829093408685,-74.00985752247632,1sKJd2XflSvgAr0o1hbUSA,2022-03,
40.88829093408685,-74.00985752247632,1sKJd2XflSvgAr0o1hbUSA,2022-03,
40.88816500407838,-74.01001963056402,OdbbTgsr9IsBGuwBWlPDyQ,2022-03,
40.88815061478433,-74.01049734651852,DzeMQA0HmNGJ1zhyfVmAWQ,2022-03,
40.88819377535933,-74.01076247477165,kXOVa04u9hX4_KXqPlKrxQ,2022-03,
40.88823735969155,-74.01112129842305,oha2Ilsc_fD4aBWR4gWC_Q,2022-03,
40.88828765866943,-74.01147232090845,_EN2rZ8csbczBeDMfdL1cA,2022-03,
40.88831439879093,-74.01186566258009,urvcT0lqk2Kyp5ZqAdJbHg,2022-03,
40.88842777211138,-74.01209609030892,-_LAfSEkvejiGuQB8J_xoQ,2022-03,
40.88852054434242,-74.01232391760732,d-kVw8QbHgwcoyKVypzk8w,2022-03,
40.88860940699942,-74.01252099113944,_WyIUL1jTfj2bACmgYn9bQ,2022-03,
40.88873068786186,-74.00148375354033,TXHZHeFzkV0H0ckQl9HTrA,2022-03,
40.88877002866639,-74.00182304754975,mbOdkWhQI9ejAyXJbxqncg,2022-03,
40.88880283678388,-74.00216189263189,kdbDVI6UomI5Q8l0_ecgNw,2022-03,
40.88827204554316,-74.0024123273654,uNzYoT8Xu7GDkJe0Dc23kQ,2022-02,
40.88847599452438,-74.00300115704314,4Aaw4o3WfQL_sfvbh2aF9w,2022-02,
40.88856606285916,-74.00326387474045,RWSeqxB23afMGE_HRmvIUA,2022-02,
40.88865413815486,-74.00353905545039,lwjyNUgjc1-qow7-U23IJw,2022-02,
40.88853074987975,-74.00388704326292,B_OFmn99AfKGnYlqhe9i4A,2022-02,
40.88845059106934,-74.00393644833524,oj9QZLpBOgXY3-U-mpJ41Q,2022-02,
40.88864201801534,-74.00490150347845,7phf66YtRHLAMDXYyMmYJQ,2022-12,
40.8885597234088,-74.00495494316392,NRnB0nBEBuN2I6fPnTOpEQ,2022-12,
40.88839334356427,-74.00506298811999,k0A9DG3bMam4_-oU1CCLzw,2022-12,
40.88842697846402,-74.0057746486838,DLQL0QC6SDmcY89asI0fKA,2022-03,
40.88854193385315,-74.00607394522982,aOOdENFaxkFNeSuVDsSvVA,2012-08,
40.88862261514889,-74.00628590930692,Vo0Cw4yQiPBrkHrjSgyx5w,2012-08,
40.8887400172553,-74.00660564824453,UdGrZmKOT3FuFquKdUGbTA,2012-08,
40.88886860549659,-74.00695918958282,x7vTNr-EEnBzZes2UN4ThQ,2012-08,
40.88861922313622,-74.00776265758948,ilnoK4KFNYGeYrHTIo-sSg,2012-08,
40.88853550441521,-74.00781349626176,bcAZCWdcS-eIeLbgEjn1yg,2012-08,
40.88846170129938,-74.00785841719376,KpfuMA9j59kPQRlhlfFGVw,2012-08,
40.8884735338001,-74.00849125427186,DIh2p3LV4zCndhbFLI95Xg,2022-03,
40.88855296423164,-74.00869442878083,4nF3ekqevZrv8_3tR1a7dg,2022-03,
40.88869277643791,-74.00899775554761,6z3qmMo7W4s8Hp2vW2DSaQ,2022-03,
40.88855913738587,-74.00981457456945,d7SaV19hTdRRB5Mvk57b0A,2022-03,
40.88855913738587,-74.00981457456945,d7SaV19hTdRRB5Mvk57b0A,2022-03,
40.88855913738587,-74.00981457456945,d7SaV19hTdRRB5Mvk57b0A,2022-03,
40.88865149470103,-74.01086208830164,YN9e67ZR2OIV4-qW7-sQcA,2020-11,
40.88856327747705,-74.010896069863,qZCW1vup0HO9rPIhN9HYlA,2020-11,
40.88845681554054,-74.0109270926024,8BkMXY3pR8Hn3cL_24YHmA,2020-11,
40.88830267183602,-74.0115840382743,IvQIWiKNFNwMuwe8ecRJHA,2022-03,
40.88835562107349,-74.01187525626929,MSXg4q46eSRdpUFMH-4fXQ,2022-03,
40.88847048664598,-74.01220108277336,ohdXmRvltlSay3Svk86_2Q,2022-03,
40.88856444924702,-74.01242245439879,q-Na1Ds5rp7kIcErDH-ryQ,2022-03,
40.88870134652989,-74.012721202577,-QvPK5cgkPIVmDaozl1MDA,2022-03,
40.88874964975684,-74.00159619406354,oXgYBd_KcAiacEKTC8qGzg,2022-03,
40.8887782398699,-74.00193763984099,M-1qTCaZKLF9jrI6BRE3Kg,2022-03,
40.88882582700716,-74.00227092548131,Nn6bpQSIN-Pes3PewgWk2w,2022-03,
40.8888874006794,-74.00248917032393,rb4JnW1kf8p8PuNeY2KdiA,2022-03,
40.88897853696403,-74.00281295052568,wY6SmlwCIqRbvsVKgxB8PQ,2022-03,
40.88859984987853,-74.0033694997062,04xKa79jHGKVnu8VoWb1rw,2022-02,
40.88868344605054,-74.00364279730971,uCzlL_G7YEhw5V5bPSbGrA,2022-02,
40.88867777896633,-74.00375129132887,Q1cCqewJPg-icQbFg0sOjw,2022-02,
40.88897318273746,-74.00468532365892,rkPrPs5CcZX9my--itd6qA,2022-12,
40.88882519604784,-74.00478251942717,6GgZw-I216ORL7OiR2SuXg,2022-06,
40.8888920645038,-74.00496919972178,jnpemCknRwjHl9mXLd-o4w,2022-03,
40.888953980899,-74.00531449502209,otHExiXTnaUPBwGc9p37Uw,2022-03,
40.888953980899,-74.00531449502209,otHExiXTnaUPBwGc9p37Uw,2022-03,
40.88858164470273,-74.00617840302137,VfPUWojPvXz72qL9tPWysw,2012-08,
40.88865870034518,-74.00638283527239,pzby253CF-EAhk1mzZRiVg,2012-08,
40.8887823214523,-74.00672203093323,Rdjtf64qjbQTFrCl9-tEoQ,2012-08,
40.88886860549659,-74.00695918958282,x7vTNr-EEnBzZes2UN4ThQ,2012-08,
40.8889853928163,-74.00729210782616,T3t8-xLvuU9psneInkAQcQ,2012-08,
40.88879850358886,-74.00765380719457,bMJLD-G1_3X7uJrWw2bWUA,2012-08,
40.88871435941847,-74.00770482522098,Gl-O-uIhCBQGd1zUh-b7Cw,2012-08,
40.88851083233487,-74.00859409682391,stvmbUVj_CRXqIPRtGDrwg,2022-03,
40.88864720225421,-74.00889966530087,02teD20cojkWHA_LQ3z_ng,2022-03,
40.88873896599082,-74.00909647337768,-v8ww0IkCaEw-5b5lJKt6A,2022-03,
40.88890017578179,-74.00937568047944,1-HIXNge59i7McuEnFD9hw,2022-03,
40.88882426243232,-74.00981251235238,yxsz8n0AGa-GIoDE-ugAfg,2022-03,
40.88882426243232,-74.00981251235238,yxsz8n0AGa-GIoDE-ugAfg,2022-03,
40.88882907687353,-74.01079161464853,PH_IHIhHLJc4A2wzlp8tug,2020-11,
40.88882907687353,-74.01079161464853,PH_IHIhHLJc4A2wzlp8tug,2020-11,
40.88874182822482,-74.01082712046173,F-R3AXH5k1OwfkFtDdohiA,2020-11,
40.88911647615853,-74.01124897564176,4pRC9gshuMGkzYW5hRc-lQ,2020-11,
40.88842777211138,-74.01209609030892,-_LAfSEkvejiGuQB8J_xoQ,2022-03,
40.88852054434242,-74.01232391760732,d-kVw8QbHgwcoyKVypzk8w,2022-03,
40.88865504472723,-74.01262114171459,mtVXg56M3BaknWti7s80bg,2022-03,
40.88874838867829,-74.01282171168802,AYohpSqrzTsIbMFJy8ZvwA,2022-03,
40.88874964975684,-74.00159619406354,oXgYBd_KcAiacEKTC8qGzg,2022-03,
40.8887782398699,-74.00193763984099,M-1qTCaZKLF9jrI6BRE3Kg,2022-03,
40.88885668967193,-74.00238031692902,8W7aDZS_EdHrrJZSGFlncg,2022-03,
40.88891753086713,-74.0025960510271,kvR161d57eDMYIgzik9-aQ,2022-03,
40.88900929949534,-74.002922700323,CzysVj_ds_3MqQG7inFv3A,2022-03,
40.88910442730282,-74.00326190211744,xvbUf3P9i2bSMb96zNMffw,2022-03,
40.88916934740907,-74.00349314719392,j3ow0I8n-rH0U8fh7YSSKg,2022-03,
40.88929487448243,-74.00387700085103,TingSdtquVmgUXo8S2d1NQ,2022-03,
40.88913722972167,-74.00457781647401,CaHP-et3cTNFgDDy_CeclQ,2022-12,
40.88905533765549,-74.00463143557796,AAlaV_MveUvUuID2SVdyyQ,2022-12,
40.88893041092978,-74.00507410643566,KIjG6s4tdcWKujXLp1_Ruw,2022-03,
40.88901609354896,-74.0053096531811,JJA4JusfEsRT60ryRFylmQ,2022-03,
40.88913798628047,-74.00564194665017,wH592pQtEvOE-NeVi2chjA,2022-03,
40.88921588747476,-74.00585498716752,vKu1i_wTS5WFm9YSA_YOVg,2022-03,
40.88933275108758,-74.00617463716206,88VBLF1ekBcnK-4KS56jjQ,2022-03,
40.88886860549659,-74.00695918958282,x7vTNr-EEnBzZes2UN4ThQ,2012-08,
40.88890583564145,-74.00706472284577,cYoPsM-osqCFuCusI7hvow,2012-08,
40.88902509544607,-74.00740553122677,HVP7ae9k-J_tabFHWL0TcQ,2012-08,
40.88912512768551,-74.00768554776094,xiLLdEoF2E-Id3ZqyeM9iw,2012-08,
40.88920560152683,-74.00790826955303,CMgjD8x7DblODqRA_Wg1oQ,2012-08,
40.88933390007236,-74.00826351206786,Sb6El091mu_5_ybf1oA6tw,2012-08,
40.8894201066021,-74.00848901271605,QBjRoIk8JkF62VRI9YZDsA,2022-03,
40.88884687892045,-74.00928305980013,ihv7OIz2NT20lYcWlRshOA,2022-03,
40.88895186145982,-74.00947125995236,GeQ26y85U22bJpVj7Dd2vQ,2022-03,
40.88907339544052,-74.00969980767283,LN_Ppmk8KZ6HZWH00IckAg,2018-06,
40.88924305182081,-74.00994153536858,XKwAiMEeRA5-l4fUlc1-RA,2022-03,
40.88915065541254,-74.01065568829254,cXs22Sffp-jmyeF3Ut7cqg,2020-11,
40.88905550758328,-74.01070867806419,Valc-UOBEbuDp-WTI6vNbQ,2020-11,
40.88908084557751,-74.01114514824707,M_5SfwFdjrhrl6qN1AACXw,2020-11,
40.88918807810236,-74.01145797517454,kPIIrAkRD2LM3dvzRdXpHQ,2020-11,
40.88927686430497,-74.01171709482706,s81BXboogZugCcxliPruhQ,2022-03,
40.88938652826175,-74.01203700400337,p0WXNraMVQ_QVL15fFICsw,2022-03,
40.88874838867829,-74.01282171168802,AYohpSqrzTsIbMFJy8ZvwA,2022-03,
40.8888441696454,-74.01302515057425,2RbL-Fpq597FVvOaMjwPtg,2022-03,
40.88956684024169,-74.00171957370044,5kT7KwZHl50RS6O5jReyZA,2022-02,
40.88952327755224,-74.00195108963592,dgwLvHedShsvEmKsnJqYxQ,2022-02,
40.88954869482945,-74.0021058518751,cYHadfcRwYAcKwvJhlJTiA,2022-02,
40.8896360944368,-74.00241654162414,n5JKYtTJUaUh3IxDbxLuIg,2022-02,
40.88904037769185,-74.00303361569968,410pjCoT6DBsE-mdxlzXfg,2022-03,
40.88913652767614,-74.00337631421812,s9Q1nVRYcxIWTHUIynbtfA,2022-03,
40.88920761634604,-74.00361446332433,yD0Ejvdt-QvjtheqBNNjPA,2022-03,
40.88933948821406,-74.00401176638827,GW5Gu146oopR0dHDwz5foA,2022-03,
40.88941439248242,-74.00422274644329,eBU9CwkKg81xviBaZtTPhw,2022-03,
40.88930071138815,-74.00447004023634,DaW_t6Iv5oMXRibJ8DfeAA,2022-12,
40.88963430399389,-74.00480807365692,GM3ufmUm1-_heRld0nMqUw,2022-03,
40.88909961504496,-74.0055368609204,RmcQqzhHSG-tJCCAnKBcGQ,2022-03,
40.88917715094676,-74.00574891525609,7_3itIoXJc5fLoCBo8OoHA,2022-03,
40.88929380090893,-74.00606811711101,Na_fNVM1gWOxtkj02obbvw,2022-03,
40.88937112161712,-74.0062797225415,UdlNI9ADMHXDwGwGigTflQ,2022-03,
40.88948579068268,-74.00659345406042,F4FE0QOrIcUkxMMPxHc1Qw,2022-03,
40.88946287495067,-74.00722037757761,hlZDoRaJkU-0Hx3muTanjw,2012-08,
40.88930426074528,-74.00732591069645,rmTpSlGy5BLxcEIvzYSRXw,2012-08,
40.88916508708768,-74.00779601206384,Pt8TQoEsN4NO7vpzGcaDMg,2012-08,
40.88929328541061,-74.00815107546241,6dKIJgbepLnN69df60cl_Q,2012-08,
40.88937920658693,-74.00838410787503,jk3Z_jJIFfl9fxym5m10iw,2022-03,
40.88946134656905,-74.00859472445919,_uP9gzpi8wGotpUbpyvUzg,2022-03,
40.88958420868563,-74.00890952812503,LLKrF-n6LPfyILolunzwhg,2022-03,
40.88907339544052,-74.00969980767283,LN_Ppmk8KZ6HZWH00IckAg,2018-06,
40.88924305182081,-74.00994153536858,XKwAiMEeRA5-l4fUlc1-RA,2022-03,
40.889360737202,-74.0101079471358,KzwX1U_lcByl1gXZ5bn8Yw,2022-03,
40.88931500645607,-74.01055768855771,6K2jM9-h60xlcnmWuegVJA,2020-11,
40.88923248675387,-74.0106069125845,CV9Xjnu5pLP1fCY-pN1TKA,2020-11,
40.88911647615853,-74.01124897564176,4pRC9gshuMGkzYW5hRc-lQ,2020-11,
40.88922364584853,-74.01156189206009,B8dc0P5WFDFGMcryoCH9Jg,2020-11,
40.88931340212499,-74.01182361173112,0-SiwvIMqIKdDgLBFmxFAA,2022-03,
40.88942282738477,-74.01214343106861,hLH-R3wlrtSBcjw0cnmqbg,2022-03,
40.88949440621773,-74.01235440215243,L8MlKSfhlaEM_LBIhbGW7g,2022-03,
40.88960259986784,-74.01267350331938,_9L-XpWU9nGyA1DdyP3KjA,2022-03,
40.88963028816833,-74.00150894954848,H3hOOyJuO0KjSxsCrcsvPg,2022-02,
40.88953219999759,-74.00183004144742,WbRkz-P-Ktlw12w34LnLLQ,2022-02,
40.88957270580234,-74.00221147747983,5mY52G-ihwBch8Ha6oEjUg,2022-02,
40.88967055066713,-74.00252422935311,SrWI2be2OQMirxDF-LzFtA,2022-02,
40.88977400657105,-74.00284738184142,OfZ3ddwTAGA1_NIOrHZMbw,2022-02,
40.88984383875501,-74.00306553636204,N7mZoI0wYfyIVKmmgTXHlQ,2022-02,
40.88971284524499,-74.00379352328169,OYkQAjJ4QBUkcO0VdBaVJA,2022-11,
40.88962092078575,-74.00400172398291,Wk56GJCr9Y7erxLUPccbeA,2022-11,
40.8896280791546,-74.00426318500782,9TREIUh-qqxvMH2IZZgOmw,2022-12,
40.88956262289012,-74.00461556504206,7kFk4CBOpUIbVn1cdFQJrw,2022-03,
40.88967160128418,-74.00490876625537,6O9ClFzj_uV9Y569smhBTQ,2022-03,
40.88978405214313,-74.00521478893859,kZGdL25Y2ihE_FblSVK67w,2022-03,
40.88989904799227,-74.00552762556768,V21-OchGPuUl_Lrsm9xqYg,2022-03,
40.88933275108758,-74.00617463716206,88VBLF1ekBcnK-4KS56jjQ,2022-03,
40.88944856793305,-74.0064916863906,WUsheyiMj2UQ2bxdi_VUww,2022-03,
40.88954134120003,-74.00674543299075,BISp3-3Xr6LSvoIZU_u5bg,2022-03,
40.88965760957951,-74.00706355722805,3nhxDRqgC0M6MR1KaBBRUw,2022-03,
40.88976766308569,-74.00734635380874,MIS2GFeAYmVovTeDjmBEQg,2018-06,
40.88984221812306,-74.00753688709675,LoH_tgM8he22eubF3-kRPA,2022-03,
40.88933390007236,-74.00826351206786,Sb6El091mu_5_ybf1oA6tw,2012-08,
40.8894201066021,-74.00848901271605,QBjRoIk8JkF62VRI9YZDsA,2022-03,
40.88954356128554,-74.00880534081138,WgVmI5K9HzNmXXsa-mDQdA,2022-03,
40.88962430190853,-74.00901246011409,6Ba3i01IaDIiFlf2buiZsg,2022-03,
40.88974590300441,-74.0093242145896,E7-h1PUanvncgDdKdK_suw,2022-03,
40.88986867473967,-74.00963892739266,yheZnOehjLGUzQVlJ0avWQ,2022-03,
40.88966129286092,-74.0103303074607,rp4zlu3I6EuVH5JfcEw3gw,2022-03,
40.88957915451756,-74.0104257071337,-tpjV8trQzfl7cCSWABw6A,2022-03,
40.88967433110781,-74.01066994442544,JWG3xzAg0GapLIoQ-5zihg,2022-03,
40.88980162336919,-74.01103459621818,OPEe9_WTR2ha9OnIoxAfsA,2022-03,
40.88990881317203,-74.0113450024825,MQBoSsqIik4gMyxeTXSMQw,2022-03,
40.88934999067812,-74.01193048721828,Q-ssUw68ZYFsMPOqkEzBoA,2022-03,
40.88945814440039,-74.01224770622329,GWmAhP8qEr8wTobwzI1New,2022-03,
40.88956653967265,-74.0125671662097,AhMx38-3_cSr1889_LDfYQ,2022-03,
40.8896391387535,-74.01278109561294,YpOAhA8ymyw48XvhhEr0Xg,2022-03,
40.88988461173734,-74.00150823222445,UgMb8M4gvTGYY8rt1WhsYQ,2023-08,
40.88999367302681,-74.0018491401667,JkQCudB2DfRFnHzRMFDQsA,2023-08,
40.89006543561782,-74.00207240674364,9jyQ8q59dvSCyB8jPH89wg,2023-08,
40.88970563723922,-74.00263371032104,dLGMvf0LppC2krx9gPsrRg,2022-02,
40.88980868906446,-74.00295560731696,VvTEuzLfOuXndjeWtqyaug,2022-02,
40.88991927462515,-74.00329032581968,MP3vZNUjOw1u7J4L8hWP1w,2022-02,
40.88990369227287,-74.00362791300145,O_U3fNU9O-5JUTLWhfCWFA,2023-07,
40.88987157037428,-74.00393268243181,ZRs8-RNpp7PyX7puviv8nQ,2023-07,
40.88987346813307,-74.00440835131427,lIDAv7LBfnmUEQ-qVcT51g,2022-03,
40.88987346813307,-74.00440835131427,lIDAv7LBfnmUEQ-qVcT51g,2022-03,
40.88974655167461,-74.00511266188015,9zmWFoKOtRCc9bL9HsP3fA,2022-03,
40.88982211932275,-74.00531826089832,wz45AUTiwBunAHWBUbjuCw,2022-03,
40.88993773252103,-74.0056328009661,BP_4NsotcyKYdNrkSAAh4A,2022-03,
40.89005465525328,-74.00595074772683,ivyWDKTQ30D9EtCxnByKQQ,2022-03,
40.89013277973412,-74.00616324992038,lkznIUUxHk3Vta_1BX8k1Q,2022-03,
40.88957896734664,-74.0068484558076,J2QrNvATX2sr04Bsw2stxQ,2022-03,
40.88967778588849,-74.00711672732095,bkzV7xM4FFW2ZqQWrn1Yvg,2022-03,
40.8898009147694,-74.0074312644316,EsOJOqyZmxvQOsscsZfSJQ,2022-03,
40.88992512639646,-74.00774867022754,3zrFRFY6gVmSvrYmaRo5Lg,2022-03,
40.89000689952445,-74.00795722527448,XjMRskKPBQW2iyf6dgalcA,2022-03,
40.89012456847533,-74.00825714604173,ZgIXWfEJLIIzQkMMHXCf_g,2022-03,
40.88958420868563,-74.00890952812503,LLKrF-n6LPfyILolunzwhg,2022-03,
40.88970515542722,-74.00921984817813,DU0-y5iR0488Ce84-Nd_cw,2022-03,
40.8897870159574,-74.0094295672238,1Gs0Vr__xAfyHvTs7FD3TA,2022-03,
40.88991448626695,-74.00974347289863,LpU58Z0xWlhDdFRt5IDSEg,2022-03,
40.88989778271449,-74.01018998736642,SWkP7eWK4ZdxIGPM90mB0w,2022-03,
40.88982261445607,-74.01023535604716,15bAPVtu8M75KzoEZ7Lvhg,2022-03,
40.88976503619065,-74.01092879616309,8jRm_3-2yIACG0BRAorPgQ,2022-03,
40.88983708857479,-74.01113725808005,kPgjspXBEoRhiyYh59Nc2g,2022-03,
40.88994502170544,-74.01144972637707,lgJy6JUPcpnalz6mVgaZ9A,2022-03,
40.89005421442901,-74.01176578059108,JTRWz3P30GwuJKBHE98gTg,2022-03,
40.89012709763366,-74.01197693141303,fRJa4-7Jr-zKFcLYB_yikA,2022-03,
40.88960259986784,-74.01267350331938,_9L-XpWU9nGyA1DdyP3KjA,2022-03,
40.88971260810882,-74.01299798356055,S9zJNk164zb7Mt0C8m6sQQ,2022-03,
40.89017337440337,-74.001523385694,pjnOLw2Q0543YxHHWpiYvw,2022-02,
40.89010630291222,-74.00188285433316,6IMzfgd_STqdti6CrBn_YA,2023-08,
40.89013592404545,-74.00229199678962,8vv_EGTMuQTpvJlyU_-z3g,2023-08,
40.89020690586689,-74.00251400753965,Xlapm7BZrwa3h-2og4VKJg,2023-08,
40.89031779698556,-74.00286253520495,G3ozeEvQMfwTgolqGl9L_w,2023-08,
40.89019018737709,-74.00341926357054,dDqCHB8VCrYKLYAlPa6Cqw,2023-07,
40.89010150386873,-74.00347270366991,fb8jI2Ayiid9yKWI9gyMzQ,2023-07,
40.89012687446268,-74.00395106362643,W-TqYd6JVt7dZzF7I1GFHQ,2023-07,
40.89017846265092,-74.00439795027312,tiwC8lfoL2_cBYTtYK3QsQ,2022-02,
40.89009429760223,-74.00441220687247,MDjJoWgex8G4-fr49Wqn0A,2022-03,
40.88978405214313,-74.00521478893859,kZGdL25Y2ihE_FblSVK67w,2022-03,
40.88989904799227,-74.00552762556768,V21-OchGPuUl_Lrsm9xqYg,2022-03,
40.88997665637751,-74.00573860395134,DfclEDBWX3X8rPqFTc14xA,2022-03,
40.89009360419116,-74.00605672986299,TOU4SRnenwLbsfhuzZtlMA,2022-03,
40.89017171571649,-74.00626914227554,IQlx7PS-rHxvTxyJLh7Vuw,2022-03,
40.89030868447102,-74.00663882359444,ufwMZ-dpbx1XNpSpXvk2Hw,2022-03,
40.89038501449789,-74.00685724278158,sFhXHLy5Y7SBixQ0iwnbjw,2022-03,
40.88984221812306,-74.00753688709675,LoH_tgM8he22eubF3-kRPA,2022-03,
40.88996636580856,-74.00785384440475,C9C2ASStbyvVQLAzkeapuA,2022-03,
40.89008486673875,-74.00815591723148,-xIOyofk8qd1zZtMR2B8yg,2022-03,
40.89016634866372,-74.00836348554908,_NLbn7EIyYxWKDkmrf1yIA,2022-03,
40.89029199150683,-74.00868357966203,YNynb8MR3tSYUGklCoy2lw,2022-03,
40.89037323283267,-74.00889051977256,UgBLXxkD5xMxx2XGf3zG_A,2022-03,
40.88986867473967,-74.00963892739266,yheZnOehjLGUzQVlJ0avWQ,2022-03,
40.89022426200297,-74.00999533229194,RAEpcAc8_6hSv4xUHTQKFQ,2022-03,
40.89014035297246,-74.01006338537827,-Y2FsGzAIOJJaM_GaSGL3g,2022-03,
40.89028413158743,-74.01027857284367,3MfxUEJkVDx6ajIhugc3yg,2022-03,
40.89041389908087,-74.01057687606695,e3kU__Z3mLXyywSFF8ejiQ,2022-03,
40.88990881317203,-74.0113450024825,MQBoSsqIik4gMyxeTXSMQw,2022-03,
40.88998126826409,-74.01155471919664,VDPJc74s28m62n30UX1QXg,2022-03,
40.89009047335494,-74.01187086289765,JQktFAJiG8XlMBHsofYzYg,2022-03,
40.89020062231697,-74.0121894269091,7fTKmCqh3HHF1If2OBU-NA,2022-03,
40.89027550774947,-74.01240568790556,WyNoB6Lo6N_Tx808HXezVg,2022-03,
40.89021262996795,-74.01311436235777,V7dxdTU5W6Exfyt6pMVfSQ,2022-03,
40.89043521230357,-74.00146698608822,M14babfGL-zQZwR7yWG_hg,2022-02,
40.89014821857499,-74.00201502098166,djWoFqWVoqX_JLrJfTIlPg,2023-08,
40.89023233971275,-74.00228034032149,OeoshOL7ZDsIX5R2INhRYA,2023-08,
40.89036014129059,-74.00268338471172,iyVIey75vWfoU3lYhIax0Q,2023-08,
40.89044600490776,-74.00295569698179,rEsSD8IhWq4AE1ASXSNpWA,2023-08,
40.89043289155978,-74.00322585691168,l0T8wUEZYfMKgtF0bxzPtw,2023-08,
40.89044655520238,-74.00348597402785,aCfvnc-TghCCGk2c_amKtQ,2023-07,
40.89039339213026,-74.00378608113357,q_4qYkk_9VbAOjyLBYvS6A,2023-07,
40.8903893975971,-74.0042604950814,NbWq_qLTWG3x8EhETtQX-Q,2022-02,
40.89044714347729,-74.00452123844,y5-j8OSqDGliSHLAvXXzig,2022-03,
40.89060470930605,-74.0049321685347,_en2gBZeXIcVKDuDZm6Qrw,2022-03,
40.89067805537147,-74.00513642278975,bzbSW1yYmJYmZDIAHt88aA,2022-03,
40.89079188042682,-74.00545320474785,UDDW8k3yv8M1bA91Jl6Zsw,2022-03,
40.89013277973412,-74.00616324992038,lkznIUUxHk3Vta_1BX8k1Q,2022-03,
40.8902490078043,-74.00647949219922,x2G8OdvHJSNTf2OvomOjwg,2022-03,
40.89034643261239,-74.0067464192843,N6i7ckLkywJM2psCGWcbzQ,2022-03,
40.89042395234066,-74.00697057677712,gZe09KC8KXB5-e0nZktyaA,2022-03,
40.89055944209608,-74.00732931788198,vmt1tVFdo9KKWeb8xTAbaw,2022-03,
40.89055944209608,-74.00732931788198,vmt1tVFdo9KKWeb8xTAbaw,2022-03,
40.89012456847533,-74.00825714604173,ZgIXWfEJLIIzQkMMHXCf_g,2022-03,
40.8902510178889,-74.00857921290088,DkQVgEVhmbPNyTloDXmloA,2022-03,
40.89033258679576,-74.0087868704211,iC0XJ6tZ_SwSk8jO95dV3Q,2022-03,
40.89045290921757,-74.00909862526443,nHn6XAmKDz9VCB-3UP-smQ,2022-03,
40.89053627032676,-74.00930673052979,MAN1rWAcCDonPQRPNvsxkw,2022-03,
40.89046313517899,-74.00985752247632,aUOa_arkf_YLrOWl1izoDg,2022-03,
40.8903845836087,-74.00990289123595,Y2bkDQOWz5zsbsQ9sk8PFg,2022-03,
40.89037786889814,-74.01047394492018,SaQiuQwFew8by_sb_qz7OA,2022-03,
40.89048460859047,-74.01078435209502,IlLRO0PbbhwhNQ9nxxLYLA,2022-03,
40.89055694375884,-74.01099640061183,SpnqvXjzAYnhEoGUJH61Tw,2022-03,
40.89066723064363,-74.01132016641347,r_g73kure-8HcSxaQga48g,2022-03,
40.89012709763366,-74.01197693141303,fRJa4-7Jr-zKFcLYB_yikA,2022-03,
40.89023817844061,-74.01229782641926,frxbNRWG1EiZZyEKM5Y1jA,2022-03,
40.89031296299529,-74.01251390797233,80ZElDsAxrQ-0dJ4swrHzg,2022-03,
40.89042704934539,-74.01284062998934,gL22xNckakIvVIT0MXBi3A,2022-03,
