40.94989946513721,-74.02517765304573,z53RdJ4xPupmYm5FXcRXZw,2022-12,
40.9498599758712,-74.02536556856654,iUxt7QZkhSNSW6TERmeO9g,2012-08,
40.94959097165469,-74.02602129904264,E9bw8gCFv1AiHrwRCjLRSw,2012-08,
40.9496456772406,-74.02625413033564,RRJkg90eypv-A1oPq_QAvA,2012-08,
40.94993525187136,-74.02669746830314,ZAiZ8j-ASEtz7yDV1JTMdw,2022-12,
40.94993525187136,-74.02669746830314,ZAiZ8j-ASEtz7yDV1JTMdw,2022-12,
40.94993525187136,-74.02669746830314,ZAiZ8j-ASEtz7yDV1JTMdw,2022-12,
40.9498993,-74.0275415,None,None,ZERO_RESULTS
40.9498993,-74.0278838,None,None,ZERO_RESULTS
40.9498993,-74.0282261,None,None,ZERO_RESULTS
40.9498993,-74.0285684,None,None,ZERO_RESULTS
40.9498993,-74.0289107,None,None,ZERO_RESULTS
40.94999994639218,-74.02996693068592,cztnXqSmdFunq5sye2uJXQ,2022-12,
40.94990582232442,-74.02997715102987,bive4_d6k78is3KUXFqGhA,2022-12,
40.94990582232442,-74.02997715102987,bive4_d6k78is3KUXFqGhA,2022-12,
40.94979914831465,-74.03029604341609,IpY51W9qy976osOk4XTZkA,2022-12,
40.94983336392683,-74.03065267868811,yMfWAoMeMLJLQhD9H2iDGg,2022-12,
40.94985948648376,-74.03092566828292,PdNE8hSKOKy9pVCIQcrWRg,2022-12,
40.94989971711185,-74.03134281714428,wirkJmy-Uc365WJY7oIFUA,2022-12,
40.94993438505463,-74.03170213999564,FTah79oYtRed616Px57tng,2022-12,
40.94996011743273,-74.0319692111068,77kW0VRIVYjoZkAZthMX0Q,2022-12,
40.94989246362969,-74.03238115792362,9LSD_DOOS2nwQr03GZxXvg,2022-12,
40.9500767749924,-74.03264535925406,Sp_Yv-lApLve9ZIsa0KzYw,2012-08,
40.95013344666045,-74.03286034194596,Ei7_pflyUpBTnOcIkaPxLg,2012-08,
40.95023314012693,-74.03324592956032,E6d9gOpoIilrW6R3wwhsDw,2012-08,
40.95029006523065,-74.03347597285686,DqDbHEAbH4KCPn6KE1dpcw,2012-08,
40.95040845750395,-74.03395434727075,sXH-mkVjsxhBejAZZ3DSYA,2012-08,
40.94998332536505,-74.03485246150377,Cszd_YqO4CtNCKbaJEoRmw,2022-12,
40.94990177672913,-74.03489101093179,NrtNA0njq9gi6ZrEubc1Iw,2022-12,
40.94990177672913,-74.03489101093179,NrtNA0njq9gi6ZrEubc1Iw,2022-12,
40.94973903530779,-74.03554948774602,dZf8x71CVaCT1YfyrkEM8Q,2022-12,
40.9497983226953,-74.03577979720617,c3PNfBiZ9rpdyfY8j1Y_cA,2022-12,
40.94988570128066,-74.03611616147539,yqxnLz71DYaSjWvthkAGgA,2022-12,
40.94997690109221,-74.03645404918437,ztKXHobawfT6-2EClEFzwA,2022-12,
40.95021319456315,-74.02519388049066,V1PidYC9OYzvTxvjnr_-fw,2022-12,
40.95012661369275,-74.02523610770277,bvzgyP6paqSE3n5RwAnWBA,2022-12,
40.95003997022045,-74.02527842455989,BVsXr1IljSSunbgrjnlsbg,2022-12,
40.95012309252014,-74.02671235081357,jF18cnCkNdtbwhEnEUbVQg,2022-12,
40.95012309252014,-74.02671235081357,jF18cnCkNdtbwhEnEUbVQg,2022-12,
40.95021559886225,-74.02672041964405,5Fgrj4pku8Qo26vSR1A-gw,2022-12,
40.95021559886225,-74.02672041964405,5Fgrj4pku8Qo26vSR1A-gw,2022-12,
40.95021559886225,-74.02672041964405,5Fgrj4pku8Qo26vSR1A-gw,2022-12,
40.950168999999995,-74.0278838,None,None,ZERO_RESULTS
40.950168999999995,-74.0282261,None,None,ZERO_RESULTS
40.950168999999995,-74.0285684,None,None,ZERO_RESULTS
40.950168999999995,-74.0289107,None,None,ZERO_RESULTS
40.95028010168638,-74.02993653860725,wc64Sz4NsICaU3ZJ4BVW9g,2022-12,
40.95018768079974,-74.02994657964852,_o4PTdIA_fhRNmGYQbo19Q,2022-12,
40.95018768079974,-74.02994657964852,_o4PTdIA_fhRNmGYQbo19Q,2022-12,
40.95018768079974,-74.02994657964852,_o4PTdIA_fhRNmGYQbo19Q,2022-12,
40.95018972984128,-74.03101388552643,fYHVqBVnJprJ4AGyXZVfvw,2022-12,
40.95018972984128,-74.03101388552643,fYHVqBVnJprJ4AGyXZVfvw,2022-12,
40.9501022122912,-74.0310277815316,yR7hCQuk0i7Z3PJTBhyQQg,2022-12,
40.94993438505463,-74.03170213999564,FTah79oYtRed616Px57tng,2022-12,
40.94996011743273,-74.0319692111068,77kW0VRIVYjoZkAZthMX0Q,2022-12,
40.95014152215501,-74.03228343830234,suV2pVC3VtM8Zvj4d4Ykyw,2021-11,
40.95010468178729,-74.03275114726456,ZeYKit8pertPeQCET5SYIw,2012-08,
40.95016169396153,-74.03296747459794,mz0JtT8IzA_I6N1UHH2-MQ,2012-08,
40.95026140063698,-74.0333600547379,HlppgJke5HfDALa2hbOOWA,2012-08,
40.95031966299091,-74.03359529762174,qj0ZG-fifTCevud4dwfFVA,2012-08,
40.95040845750395,-74.03395434727075,sXH-mkVjsxhBejAZZ3DSYA,2012-08,
40.95024049392284,-74.03473080662977,f53mCngvKLL2mR9wS7sywQ,2022-12,
40.95015191460964,-74.03477276277785,I45KLUPxmGlqYXupElaOPw,2022-12,
40.95006705071891,-74.03481283626964,9o81QSIRpmwO29uxx-GpHw,2022-12,
40.95024738526542,-74.03588253539625,1U2oPvnJoG2HmTZ0H_mmsQ,2022-12,
40.95024738526542,-74.03588253539625,1U2oPvnJoG2HmTZ0H_mmsQ,2022-12,
40.95015849838573,-74.03592126391425,WIlu3tyoYXtGI6koaQWMvg,2022-12,
40.95000708211041,-74.03656584156302,ORvgupkWounoORo8rEDWNw,2022-12,
40.95038487348771,-74.02511328117872,wp3hy-pc-pM7HQU5QNblsQ,2022-12,
40.95038487348771,-74.02511328117872,wp3hy-pc-pM7HQU5QNblsQ,2022-12,
40.95012661369275,-74.02523610770277,bvzgyP6paqSE3n5RwAnWBA,2022-12,
40.95039978463988,-74.02673655730398,FmwsaUWhjuQeACTxHrBhng,2022-12,
40.95039978463988,-74.02673655730398,FmwsaUWhjuQeACTxHrBhng,2022-12,
40.95039978463988,-74.02673655730398,FmwsaUWhjuQeACTxHrBhng,2022-12,
40.95049138894432,-74.02674462613342,tg_0idKmi5Zamt1THjvwjQ,2022-12,
40.95076214271926,-74.02676829469785,TOOleA_r0RJMR-Hb-hjWbg,2022-12,
40.95043869999999,-74.0278838,None,None,ZERO_RESULTS
40.95043869999999,-74.0282261,None,None,ZERO_RESULTS
40.95043869999999,-74.0285684,None,None,ZERO_RESULTS
40.95043869999999,-74.0289107,None,None,ZERO_RESULTS
40.95043869999999,-74.029253,None,None,ZERO_RESULTS
40.95046131220543,-74.02991681513177,NV8Hiqs_NPR7JhoSX3Ifgw,2022-12,
40.95046131220543,-74.02991681513177,NV8Hiqs_NPR7JhoSX3Ifgw,2022-12,
40.95046131220543,-74.02991681513177,NV8Hiqs_NPR7JhoSX3Ifgw,2022-12,
40.95047676811539,-74.03096843213473,vaPSjclwDZ0q4pcMy5NhKQ,2022-12,
40.95047676811539,-74.03096843213473,vaPSjclwDZ0q4pcMy5NhKQ,2022-12,
40.95037535533933,-74.03098447978313,1b9bEx-xEMYkkzLgNm82ug,2022-12,
40.95049617977721,-74.03222946836156,ZoxBQNjj6nvYYuqbhUwcgg,2021-11,
40.95049617977721,-74.03222946836156,ZoxBQNjj6nvYYuqbhUwcgg,2021-11,
40.95040416283403,-74.03235004902211,v5Bjc7iRhzQkI_9OnjJttA,2022-12,
40.95040416283403,-74.03235004902211,v5Bjc7iRhzQkI_9OnjJttA,2022-12,
40.95019040780655,-74.03307631055253,R6gOKp4QC2YaoXkdE9La2Q,2012-08,
40.95029006523065,-74.03347597285686,DqDbHEAbH4KCPn6KE1dpcw,2012-08,
40.95034918547271,-74.03371462231182,zICK-PO_z0lHNlwLoEnxvw,2012-08,
40.9504448819599,-74.03409429128256,pt_2uqSh2-lgmAAWv3sp2Q,2022-12,
40.95050501280244,-74.03431886489813,wTGjr-psrOHWa2GQp4szMw,2022-12,
40.95042049238938,-74.03464572885662,S_lkLPSfManP72ynsHnfaA,2022-12,
40.95066459114798,-74.0349220297682,XSf-MoG3WbM3_tWmE4KKag,2022-12,
40.95050588665055,-74.03576975647258,TCMoHJex7bhFBQGqzBEaig,2022-12,
40.95042146724747,-74.0358066023763,_0Stn_YQcwF0mx188AVZOQ,2022-12,
40.95033507082732,-74.03584434476663,ewzyqjynKDOkbBhRmo7VTQ,2022-12,
40.95003680909598,-74.03667602019429,1DsH7hfLreOdj7IiWvHK3A,2022-12,
40.95068618079219,-74.02498937872171,pw7ndP6D_d_Rq_LzwvAl-Q,2022-12,
40.95059904248363,-74.02502183364226,2ipNXhIFiomDYRSyVowXdw,2022-12,
40.95129910266534,-74.02535938241924,HgJK3JfAcT7rPbNU3YbmNw,2022-12,
40.95067321931839,-74.02676058448401,FCWla9Mj7uc-nvgx1ix3aA,2022-12,
40.95067321931839,-74.02676058448401,FCWla9Mj7uc-nvgx1ix3aA,2022-12,
40.95067321931839,-74.02676058448401,FCWla9Mj7uc-nvgx1ix3aA,2022-12,
40.95076214271926,-74.02676829469785,TOOleA_r0RJMR-Hb-hjWbg,2022-12,
40.95076214271926,-74.02676829469785,TOOleA_r0RJMR-Hb-hjWbg,2022-12,
40.95070839999999,-74.0278838,None,None,ZERO_RESULTS
40.95070839999999,-74.0282261,None,None,ZERO_RESULTS
40.95070839999999,-74.0285684,None,None,ZERO_RESULTS
40.95070839999999,-74.0289107,None,None,ZERO_RESULTS
40.95070839999999,-74.029253,None,None,ZERO_RESULTS
40.95073099634596,-74.0298989743499,VFjR9pFZUJbQaqacyj9Vsw,2022-12,
40.95073099634596,-74.0298989743499,VFjR9pFZUJbQaqacyj9Vsw,2022-12,
40.95073099634596,-74.0298989743499,VFjR9pFZUJbQaqacyj9Vsw,2022-12,
40.95076246513194,-74.03092306838386,SYJ5aWpiQQfMnisNSm9hfg,2022-12,
40.95067935498826,-74.03093624718217,Vz8uYpeWp5hHNzG_6qqVaw,2022-12,
40.95067935498826,-74.03093624718217,Vz8uYpeWp5hHNzG_6qqVaw,2022-12,
40.95076471915629,-74.0321886771171,zWy_8WmoPkueJ_dLU7F2Ag,2021-11,
40.95076471915629,-74.0321886771171,zWy_8WmoPkueJ_dLU7F2Ag,2021-11,
40.95072550462915,-74.032293748173,i5dJS7dN2GfuyKrRQAzcXQ,2022-12,
40.95063136808853,-74.03231024396491,ZsgtbsgEOxewZIvnGCj0cg,2022-12,
40.95124659977309,-74.03301014834042,0s3Pk6PvNg3e1ros9wrvNg,2022-12,
40.95031966299091,-74.03359529762174,qj0ZG-fifTCevud4dwfFVA,2012-08,
40.95037893530925,-74.03383502273095,AwEYsXW9keUSLgbuf2WHPQ,2012-08,
40.95047490352879,-74.03420653329839,m9iXXYjlxA07UxD5C0056Q,2022-12,
40.950535172734,-74.0344315550317,XEe2Fm-bUrJkllCVTtnSOw,2022-12,
40.95063620629977,-74.03481391206797,fefWzbYMHL995wGvQ3ELGw,2022-12,
40.95069403608824,-74.03503445059532,ZpTbA0hfJi-y6IIpF5_dFw,2022-12,
40.95078640675921,-74.03538695310907,FVxfe_SxrjrmseWpkyiiqQ,2022-12,
40.95070586764709,-74.03568252757718,Q90IhooxU3CxZlQdneaA0Q,2022-12,
40.95094723070349,-74.03600956849175,kD4dNhrzyrgLW9AC5IGFGA,2022-12,
40.95102718457006,-74.0363210995419,-BldXZBPbMT3klAvCsSMGw,2022-12,
40.95094679370111,-74.024892193236,6-Ug5Lu33XoqMGkTR4JX1A,2022-12,
40.95129910266534,-74.02535938241924,HgJK3JfAcT7rPbNU3YbmNw,2022-12,
40.95132826898254,-74.02550211202774,nkCRn5q2X8MDby3gZO_Vpw,2022-12,
40.95103176825758,-74.02679196325933,3Wilse3GrOzc8YXaEq1DEg,2022-12,
40.95094107909209,-74.02678398408551,LG4NiDWVNReTOvcDeSX3sA,2022-12,
40.95094107909209,-74.02678398408551,LG4NiDWVNReTOvcDeSX3sA,2022-12,
40.95103176825758,-74.02679196325933,3Wilse3GrOzc8YXaEq1DEg,2022-12,
40.95094107909209,-74.02678398408551,LG4NiDWVNReTOvcDeSX3sA,2022-12,
40.95094107909209,-74.02678398408551,LG4NiDWVNReTOvcDeSX3sA,2022-12,
40.950978099999986,-74.0282261,None,None,ZERO_RESULTS
40.950978099999986,-74.0285684,None,None,ZERO_RESULTS
40.950978099999986,-74.0289107,None,None,ZERO_RESULTS
40.950978099999986,-74.029253,None,None,ZERO_RESULTS
40.95100575980052,-74.02988570582764,5U2i_Sni4WnYLxP2zQMJjw,2022-12,
40.95100575980052,-74.02988570582764,5U2i_Sni4WnYLxP2zQMJjw,2022-12,
40.95100575980052,-74.02988570582764,5U2i_Sni4WnYLxP2zQMJjw,2022-12,
40.95102157171395,-74.03088200790438,YIv3-SQ8H3u3LKs5jOXmpQ,2022-12,
40.95093214013684,-74.03089617287428,y32bUTYI_jk7CW79Ei9Vkw,2022-12,
40.95093214013684,-74.03089617287428,y32bUTYI_jk7CW79Ei9Vkw,2022-12,
40.95103316935974,-74.03214779621278,R4QN-BCZUC_FY4Po6HC0tw,2021-11,
40.95103316935974,-74.03214779621278,R4QN-BCZUC_FY4Po6HC0tw,2021-11,
40.95100175434662,-74.03224533660156,UYfRuqd2MGEY8Rayu1uxSg,2022-12,
40.95121288922935,-74.03267082010264,CXM-xkflV43QlrXH4-rIpQ,2022-12,
40.95124659977309,-74.03301014834042,0s3Pk6PvNg3e1ros9wrvNg,2022-12,
40.95128139472839,-74.03336032368954,IcmauxhNwphbMqLAM3ehcg,2022-12,
40.95132879624565,-74.03359368391394,IWxglJStwQZ2qGAHFVmMEQ,2022-12,
40.95138832785516,-74.03381879602217,bRnlt7Cy1ZQbytO-AbaxMg,2022-12,
40.95057059247591,-74.03456387844466,3SvoSYR5DpljU4g96t5LaA,2022-12,
40.95066459114798,-74.0349220297682,XSf-MoG3WbM3_tWmE4KKag,2022-12,
40.9507245654586,-74.03515081594291,M5RurrZw3dsnUY5Z17x5BQ,2022-12,
40.95081935767295,-74.03551246249346,hxSSW-AeZ5K_gTzLLVpvkw,2022-12,
40.95089252144258,-74.03579566515015,_4ZTjFSlQChwmRDXyYFVrA,2022-12,
40.95097373925984,-74.03611293410249,d2_j9UTpFkX_PPMtu_EJiQ,2022-12,
40.9510650943561,-74.0364667793543,w4n293Xxuhm-GOOV7FcB2g,2022-12,
40.95130803305899,-74.02512072249593,X2rl-YIXanB39If2kCgr4g,2022-12,
40.95132826898254,-74.02550211202774,nkCRn5q2X8MDby3gZO_Vpw,2022-12,
40.95132826898254,-74.02550211202774,nkCRn5q2X8MDby3gZO_Vpw,2022-12,
40.95132826898254,-74.02550211202774,nkCRn5q2X8MDby3gZO_Vpw,2022-12,
40.95121359153304,-74.02680523199705,mk2iaAm5NwkQJ6XOPO0KBA,2022-12,
40.95121359153304,-74.02680523199705,mk2iaAm5NwkQJ6XOPO0KBA,2022-12,
40.95121359153304,-74.02680523199705,mk2iaAm5NwkQJ6XOPO0KBA,2022-12,
40.95121359153304,-74.02680523199705,mk2iaAm5NwkQJ6XOPO0KBA,2022-12,
40.95124779999998,-74.0278838,None,None,ZERO_RESULTS
40.95124779999998,-74.0282261,None,None,ZERO_RESULTS
40.95124779999998,-74.0285684,None,None,ZERO_RESULTS
40.95124779999998,-74.0289107,None,None,ZERO_RESULTS
40.95124779999998,-74.029253,None,None,ZERO_RESULTS
40.95127342234484,-74.02987270626102,L7jq2VoWH2TH_Y2GIQYW3g,2022-12,
40.95127342234484,-74.02987270626102,L7jq2VoWH2TH_Y2GIQYW3g,2022-12,
40.95127342234484,-74.02987270626102,L7jq2VoWH2TH_Y2GIQYW3g,2022-12,
40.95129433440157,-74.03083870612278,YODUzDr31rWVjRssR6H6wg,2022-12,
40.95120351383848,-74.03085314005106,0lEMDm63F_QevbZQq7z8NQ,2022-12,
40.95120351383848,-74.03085314005106,0lEMDm63F_QevbZQq7z8NQ,2022-12,
40.951302776983,-74.03210395681221,W79gjq0NEiDVNJsSks8byQ,2021-11,
40.951302776983,-74.03210395681221,W79gjq0NEiDVNJsSks8byQ,2021-11,
40.95117244647011,-74.03226434262737,CbZtXPMTV0xq87cCjyEpwA,2022-12,
40.95121288922935,-74.03267082010264,CXM-xkflV43QlrXH4-rIpQ,2022-12,
40.95124659977309,-74.03301014834042,0s3Pk6PvNg3e1ros9wrvNg,2022-12,
40.95128139472839,-74.03336032368954,IcmauxhNwphbMqLAM3ehcg,2022-12,
40.95135854306872,-74.03370610552577,ZKIxbL-ANaK7Fhi_9XLFew,2022-12,
40.95141801198574,-74.0339313071513,xvYLMAiQ9xV9EW5TA0vsOQ,2022-12,
40.95150694829823,-74.03426749538787,Vz83nArVB_u2sBsYVt4XRA,2022-12,
40.95159551841046,-74.03460269688101,6bPGIkigZxpWnrcoP2mQDg,2022-12,
40.95165509851423,-74.03482816639514,gyB4laE3Im96BBNzkyC38w,2022-12,
40.95084767932016,-74.03562066944623,0oIX44AUybLPTpT0V9jZQA,2021-10,
40.95092065856463,-74.03590575457812,LAYbvo6k8P3ZbTXQhVm4Bw,2022-12,
40.9510003238771,-74.03621683755227,WWVC-UYrPNyRnd_Viv_RDQ,2022-12,
40.9510650943561,-74.0364667793543,w4n293Xxuhm-GOOV7FcB2g,2022-12,
40.95130803305899,-74.02512072249593,X2rl-YIXanB39If2kCgr4g,2022-12,
40.95153325485063,-74.02553304273911,w4dhHZZUkFeccw9BZQlhjg,2022-12,
40.95153325485063,-74.02553304273911,w4dhHZZUkFeccw9BZQlhjg,2022-12,
40.95157959856877,-74.02681715592949,duKi35ElpGpj5gUpoDhm9A,2022-12,
40.95148729361603,-74.0268147352816,0YMjlgho-rFM2xPNP7PH8w,2022-12,
40.95148729361603,-74.0268147352816,0YMjlgho-rFM2xPNP7PH8w,2022-12,
40.95148729361603,-74.0268147352816,0YMjlgho-rFM2xPNP7PH8w,2022-12,
40.95151749999998,-74.0275415,None,None,ZERO_RESULTS
40.95151749999998,-74.0278838,None,None,ZERO_RESULTS
40.95151749999998,-74.0282261,None,None,ZERO_RESULTS
40.95151749999998,-74.0285684,None,None,ZERO_RESULTS
40.95151749999998,-74.0289107,None,None,ZERO_RESULTS
40.95151749999998,-74.029253,None,None,ZERO_RESULTS
40.95153631320433,-74.02985997565007,Z7-aaE1osog5b6irAjkdtA,2022-12,
40.95153631320433,-74.02985997565007,Z7-aaE1osog5b6irAjkdtA,2022-12,
40.95153631320433,-74.02985997565007,Z7-aaE1osog5b6irAjkdtA,2022-12,
40.95156812216452,-74.0307952250278,ehmbDLB86hQBNMEMEutMgQ,2022-12,
40.95147641316566,-74.03080974861116,QgcH0pwPSYo6bYBs5N2gZA,2022-12,
40.95147641316566,-74.03080974861116,QgcH0pwPSYo6bYBs5N2gZA,2022-12,
40.95156586885238,-74.03205868298305,vhtlA2wnSgasWcBDEoaxJg,2021-11,
40.95156586885238,-74.03205868298305,vhtlA2wnSgasWcBDEoaxJg,2021-11,
40.95152570397401,-74.03215756818413,1dg6_ju7HMo4Buey42K4aQ,2022-12,
40.95122424507048,-74.03278494562502,7IgpLlax6DlGgxTWwwGOmg,2022-12,
40.95124659977309,-74.03301014834042,0s3Pk6PvNg3e1ros9wrvNg,2022-12,
40.95128139472839,-74.03336032368954,IcmauxhNwphbMqLAM3ehcg,2022-12,
40.95138832785516,-74.03381879602217,bRnlt7Cy1ZQbytO-AbaxMg,2022-12,
40.95144778381963,-74.03404390786415,HdcNVb7wIZZo_picjA4qIA,2022-12,
40.9515362912053,-74.03437866150078,jAl5hD9BhmEc01B6f-JRuQ,2022-12,
40.95162513817137,-74.03471475929717,FmAXlJ7XmNrKobj2CKJ6sg,2022-12,
40.95168471802042,-74.03494022867852,fr95LslZ6m014ijWCMOFeQ,2022-12,
40.9517745597999,-74.03528018041763,mh6AyWWZrQ6rk8REyYW1mg,2022-12,
40.95186529555458,-74.03562326928112,pe6qz2jtqevRTirVrNCjrA,2022-12,
40.95164682347826,-74.03659596363616,xvw_xLi8cQsA3B34D5bRCQ,2021-10,
40.95156118502312,-74.03663639533995,L55ExgF_vUZsHf58p2KH7g,2021-10,
40.95179524726621,-74.02553680821667,PHJaq7j86d6tK-sFThT_jg,2022-12,
40.95179524726621,-74.02553680821667,PHJaq7j86d6tK-sFThT_jg,2022-12,
40.95179524726621,-74.02553680821667,PHJaq7j86d6tK-sFThT_jg,2022-12,
40.95157959856877,-74.02681715592949,duKi35ElpGpj5gUpoDhm9A,2022-12,
40.95176528602704,-74.02681634904688,GDJ4t-givJ2VeBp_L7iLzA,2022-12,
40.95176528602704,-74.02681634904688,GDJ4t-givJ2VeBp_L7iLzA,2022-12,
40.95176528602704,-74.02681634904688,GDJ4t-givJ2VeBp_L7iLzA,2022-12,
40.95194881729282,-74.026814645628,7jVq9E1f3VTMhcvgQlrPKw,2022-12,
40.95178719999998,-74.0278838,None,None,ZERO_RESULTS
40.95178719999998,-74.0282261,None,None,ZERO_RESULTS
40.95178719999998,-74.0285684,None,None,ZERO_RESULTS
40.95178719999998,-74.0289107,None,None,ZERO_RESULTS
40.95179614779752,-74.02984742434269,X4CuC4x1p3ol3KZ75Heh6Q,2022-12,
40.95179614779752,-74.02984742434269,X4CuC4x1p3ol3KZ75Heh6Q,2022-12,
40.95179614779752,-74.02984742434269,X4CuC4x1p3ol3KZ75Heh6Q,2022-12,
40.95195047771943,-74.03019751585643,hwvxQFONTbOfxi6sZJzq3w,2022-12,
40.95175755532407,-74.03082561696947,klKexBWHU2Sn4JsudoN5kw,2022-12,
40.95175755532407,-74.03082561696947,klKexBWHU2Sn4JsudoN5kw,2022-12,
40.95204990722929,-74.0312675098739,g483qeQVO5rFETWQ0h7QWw,2022-12,
40.95182720701715,-74.03201376774781,IxZQ0KCOnJe3wkd_ndpysw,2021-11,
40.95182720701715,-74.03201376774781,IxZQ0KCOnJe3wkd_ndpysw,2021-11,
40.95179355576722,-74.03211354948355,w6USzriTrw6Bi2NnaXn6Sg,2022-12,
40.95218330515188,-74.0326601516489,R0i9BAqRBZFP2T6EDZBJ0Q,2019-07,
40.95220818942552,-74.03290427082311,ifGYsckdEh1GFcvrfSmEwQ,2019-07,
40.9522599253964,-74.03340057677977,uVHx7gc918zfNpOkPIHn_A,2019-07,
40.95141801198574,-74.0339313071513,xvYLMAiQ9xV9EW5TA0vsOQ,2022-12,
40.95147747934595,-74.03415597060936,yey9GoLJDkhCIRsSH4VUTQ,2022-12,
40.95156591121929,-74.03449072404887,8079MDHv9VHcOBxltwl-zg,2022-12,
40.95165509851423,-74.03482816639514,gyB4laE3Im96BBNzkyC38w,2022-12,
40.95171477863123,-74.0350538149416,t9eeO2zUlbtBpZKCIthYmQ,2022-12,
40.951804658108,-74.03539403542653,tFGt5Ax-GFDvnzVk7fPMxA,2022-12,
40.95189526755402,-74.03573676548704,o4sOHiyKKkUmn2dZf_nJ8A,2022-12,
40.95195618246277,-74.03596743331777,N6oJ4xGkH6P_XGzjuXj1Zw,2022-12,
40.95181284565313,-74.03651778967456,byF7xElhRUjg47qOV9Dy0w,2021-10,
40.95206112275844,-74.02553564271173,Rq_rgoNnEfQnicNRzPBHCQ,2022-12,
40.95206112275844,-74.02553564271173,Rq_rgoNnEfQnicNRzPBHCQ,2022-12,
40.95206112275844,-74.02553564271173,Rq_rgoNnEfQnicNRzPBHCQ,2022-12,
40.95204032772801,-74.026814645628,A0QJYQay7gDF2SSW23uTFg,2022-12,
40.95204032772801,-74.026814645628,A0QJYQay7gDF2SSW23uTFg,2022-12,
40.95204032772801,-74.026814645628,A0QJYQay7gDF2SSW23uTFg,2022-12,
40.95204032772801,-74.026814645628,A0QJYQay7gDF2SSW23uTFg,2022-12,
40.95213161262271,-74.026814645628,P38bcIyWTejhZiJSPCbMQQ,2022-12,
40.952056899999974,-74.0278838,None,None,ZERO_RESULTS
40.952056899999974,-74.0282261,None,None,ZERO_RESULTS
40.952056899999974,-74.0285684,None,None,ZERO_RESULTS
40.952056899999974,-74.0289107,None,None,ZERO_RESULTS
40.952056899999974,-74.029253,None,None,ZERO_RESULTS
40.95187666980263,-74.02984356929812,u358U-1gqvKVM0Qt4IZ3Hw,2022-12,
40.95193238258395,-74.03000189501823,bl3EbYch8wb9Bk_n4fgFGw,2018-06,
40.95196159645144,-74.03031684267603,yLXKJSSjoejONkeJil9roQ,2022-12,
40.95199787292341,-74.03070817315631,4YP-RM0CLwLEHgvSiWWbww,2022-12,
40.95202682736107,-74.03101971288356,_MubSRG_T9BVxCGQ5idTGg,2022-12,
40.95204990722929,-74.0312675098739,g483qeQVO5rFETWQ0h7QWw,2022-12,
40.95208353850174,-74.03162746042692,z4JEG6e-kItvSBd2kDFXvQ,2022-12,
40.95201043217659,-74.0319823001815,6DFR_LXCaKHRMnQnWWuMiA,2021-11,
40.95214553582198,-74.03228899666748,CRL6Ox0XTgvTWMH1CPQ7rA,2019-07,
40.95218330515188,-74.0326601516489,R0i9BAqRBZFP2T6EDZBJ0Q,2019-07,
40.9522204339963,-74.03302467175482,_1vW32U78cJ7ZB8-NBFXgw,2019-07,
40.95224531737341,-74.03326879046155,APaw6HVOwE90OGyD7L6NGQ,2019-07,
40.95232173956135,-74.03363384730442,t-Fwcwe-G0QmSFEA3FsNhQ,2019-07,
40.95239908241521,-74.03392583848441,UJhO-Nfz9Mr3xN7Aj59wrA,2019-07,
40.9524758942917,-74.03421567761305,oX29wgRJMZTuAHksSGljNA,2019-07,
40.95168471802042,-74.03494022867852,fr95LslZ6m014ijWCMOFeQ,2022-12,
40.9517445999738,-74.03516677358904,A9GTVVZ9pDzitQwf2iVPDg,2022-12,
40.95183509698477,-74.03550923511033,3DjZGEXmR5akAt-Rf4TIcg,2022-12,
40.95192535264293,-74.03585053057336,YTbPMv7SzfdoK-dQT95woA,2022-12,
40.95198737719068,-74.03608532213218,9u93h29RHlU5KQL8mGmLWw,2022-12,
40.95208615866144,-74.03645924883135,0rgHiALJ61QAuNPNWSxoeA,2022-12,
40.95233119164767,-74.02553438755254,83xjgQU95fJqY7ZqrXSCtQ,2022-12,
40.95233119164767,-74.02553438755254,83xjgQU95fJqY7ZqrXSCtQ,2022-12,
40.95233119164767,-74.02553438755254,83xjgQU95fJqY7ZqrXSCtQ,2022-12,
40.95240575425738,-74.02681455597437,BlKcDMmAYO8taQ_N-1CNKg,2022-12,
40.95231454492988,-74.02681455597437,vopneub2VJHx0R5_jBCaPg,2022-12,
40.95231454492988,-74.02681455597437,vopneub2VJHx0R5_jBCaPg,2022-12,
40.95231454492988,-74.02681455597437,vopneub2VJHx0R5_jBCaPg,2022-12,
40.95231454492988,-74.02681455597437,vopneub2VJHx0R5_jBCaPg,2022-12,
40.95232659999997,-74.0278838,None,None,ZERO_RESULTS
40.95232659999997,-74.0282261,None,None,ZERO_RESULTS
40.95232659999997,-74.0285684,None,None,ZERO_RESULTS
40.95232659999997,-74.0289107,None,None,ZERO_RESULTS
40.95232659999997,-74.029253,None,None,ZERO_RESULTS
40.95232659999997,-74.0295953,None,None,ZERO_RESULTS
40.95193238258395,-74.03000189501823,bl3EbYch8wb9Bk_n4fgFGw,2018-06,
40.95196159645144,-74.03031684267603,yLXKJSSjoejONkeJil9roQ,2022-12,
40.95232743707729,-74.03081342433268,TgjGOCBf2vo6ibaUEvr5sw,2022-12,
40.95232743707729,-74.03081342433268,TgjGOCBf2vo6ibaUEvr5sw,2022-12,
40.95206139507192,-74.03139051173343,bk2rMm8qbpW2v3atWvhHqw,2022-12,
40.95231994925945,-74.03192904736511,xcMbrmNJcMLafgr6t7Bc1w,2021-11,
40.95230486794613,-74.03203474612248,tcXPytgyxUzoRJ3z7IGL6A,2022-03,
40.95215841922123,-74.03241549425572,3Jm77vKONTAP7wuy8e3ivw,2019-07,
40.95218330515188,-74.0326601516489,R0i9BAqRBZFP2T6EDZBJ0Q,2019-07,
40.9522204339963,-74.03302467175482,_1vW32U78cJ7ZB8-NBFXgw,2019-07,
40.9522599253964,-74.03340057677977,uVHx7gc918zfNpOkPIHn_A,2019-07,
40.95235272209566,-74.03375075141061,69bBCap8sDneRstUSDK_6Q,2019-07,
40.95239908241521,-74.03392583848441,UJhO-Nfz9Mr3xN7Aj59wrA,2019-07,
40.95250642220412,-74.03433096766028,z85cmPQe500jmJbn8lj7QQ,2019-07,
40.95256665759138,-74.03455840979595,aeF-miNG_nwlov_-FXqFtA,2019-07,
40.95265799955035,-74.03490311365758,0_zNmuCOeldW5sGVOwt6cQ,2019-07,
40.952749593184,-74.03524907198995,UwUquiZC9i9nTgEuVLOzmA,2019-07,
40.95247289420345,-74.03620419701483,k5-6YlFBE5hwbVpZH5I6gA,2021-10,
40.95239223741567,-74.03624265651976,mxIJ9GTKx2tFaBqfOlCwaA,2021-10,
40.95231223129184,-74.03628093671861,iu6ILtsyEVdoHGF1eFfgmg,2021-10,
40.95260299997307,-74.02553322204757,EBXGVv94fbCw30cL05bQmQ,2022-12,
40.95260299997307,-74.02553322204757,EBXGVv94fbCw30cL05bQmQ,2022-12,
40.95260299997307,-74.02553322204757,EBXGVv94fbCw30cL05bQmQ,2022-12,
40.95240575425738,-74.02681455597437,BlKcDMmAYO8taQ_N-1CNKg,2022-12,
40.95258755872677,-74.02681446632074,haQOWXiCp5s_6DJbAvPtfw,2022-12,
40.95258755872677,-74.02681446632074,haQOWXiCp5s_6DJbAvPtfw,2022-12,
40.95258755872677,-74.02681446632074,haQOWXiCp5s_6DJbAvPtfw,2022-12,
40.95231454492988,-74.02681455597437,vopneub2VJHx0R5_jBCaPg,2022-12,
40.95259629999997,-74.0278838,None,None,ZERO_RESULTS
40.95259629999997,-74.0282261,None,None,ZERO_RESULTS
40.95259629999997,-74.0285684,None,None,ZERO_RESULTS
40.95259629999997,-74.0289107,None,None,ZERO_RESULTS
40.95259629999997,-74.029253,None,None,ZERO_RESULTS
40.95259629999997,-74.0295953,None,None,ZERO_RESULTS
40.95259629999997,-74.0299376,None,None,ZERO_RESULTS
40.95267703896477,-74.0307440338703,MzQaQOM9PXpqDdKpnPgNVg,2022-12,
40.95258803025942,-74.03076169526946,vJiJJdztS111o9NuksxZGg,2022-12,
40.95258803025942,-74.03076169526946,vJiJJdztS111o9NuksxZGg,2022-12,
40.95249974732337,-74.03077917736346,lRcgUkJeJm2WSHoqfWP35w,2022-12,
40.95261916932039,-74.0318747187189,qhDNm1tPeXuz-kagAwAqYg,2021-11,
40.95257216135019,-74.03199529960412,E976SA9sY-HXpRbI6mBiMQ,2022-03,
40.95257216135019,-74.03199529960412,E976SA9sY-HXpRbI6mBiMQ,2022-03,
40.95219580503164,-74.03278288365625,4KGLHpII3Xc3g4XXzMWt_w,2019-07,
40.9522204339963,-74.03302467175482,_1vW32U78cJ7ZB8-NBFXgw,2019-07,
40.95229073149473,-74.03351676382549,JRi5X9BOgg8XBNwwj9yEAQ,2019-07,
40.95235272209566,-74.03375075141061,69bBCap8sDneRstUSDK_6Q,2019-07,
40.9524451017089,-74.03409958064421,uFx0KhxGSRSImIHzEy2crw,2019-07,
40.9525364452626,-74.03444428533695,orVWx8ZpVeU6P-sNvztlXw,2019-07,
40.95259736180802,-74.03467441683496,xXxVhdYFXh5_cVVjVKhOug,2019-07,
40.95268790873457,-74.03501616204423,Z4mZm_fQJdhuOk6u9KGyIA,2019-07,
40.95278010719957,-74.0353642717615,NQq8NeK3qIP36s_EURC7eA,2019-07,
40.95285386234489,-74.03564263356749,eNHGoST-I_X8wWxYzBAUYg,2019-07,
40.95265902819262,-74.03611526498293,12hNOj064e92mVjR63GsRQ,2021-10,
40.95255458897677,-74.03616510995752,pC_kuMjIhOMNvRxU1Rw6TA,2021-10,
40.95287668526612,-74.0255320565426,UVwcGaBR8Ax1DBPpHi-NGw,2022-12,
40.95287668526612,-74.0255320565426,UVwcGaBR8Ax1DBPpHi-NGw,2022-12,
40.95287668526612,-74.0255320565426,UVwcGaBR8Ax1DBPpHi-NGw,2022-12,
40.95294868663254,-74.02681428701348,ptZQkVoCCr4hxdF32Jy5Kg,2022-12,
40.95286004531108,-74.0268143766671,ZPlcImW2P-BOkeXAk5PEYw,2022-12,
40.95286004531108,-74.0268143766671,ZPlcImW2P-BOkeXAk5PEYw,2022-12,
40.95286004531108,-74.0268143766671,ZPlcImW2P-BOkeXAk5PEYw,2022-12,
40.952865999999965,-74.0275415,None,None,ZERO_RESULTS
40.952865999999965,-74.0278838,None,None,ZERO_RESULTS
40.952865999999965,-74.0282261,None,None,ZERO_RESULTS
40.952865999999965,-74.0285684,None,None,ZERO_RESULTS
40.952865999999965,-74.0289107,None,None,ZERO_RESULTS
40.952865999999965,-74.029253,None,None,ZERO_RESULTS
40.952865999999965,-74.0295953,None,None,ZERO_RESULTS
40.952865999999965,-74.0299376,None,None,ZERO_RESULTS
40.95294684296735,-74.0306905117522,EcHL4iYFnWPZnEfx1lJUOg,2022-12,
40.95285652045263,-74.03070844211169,vADx9LDodMUZO4W7UX7tyQ,2022-12,
40.95285652045263,-74.03070844211169,vADx9LDodMUZO4W7UX7tyQ,2022-12,
40.95291618767914,-74.0318159971449,6P0CJsco0X3NZGaOUBKSNw,2021-11,
40.95291618767914,-74.0318159971449,6P0CJsco0X3NZGaOUBKSNw,2021-11,
40.95288436101202,-74.03193872969646,5AiKCSjUjnTR6V1NZxriow,2022-03,
40.95279030448384,-74.03195576342635,P1m2BJIA2_zSVKfpORGmzg,2022-03,
40.95341862810364,-74.03218383595784,trIX8vO1I92u0bq6rhocDg,2021-09,
40.95224531737341,-74.03326879046155,APaw6HVOwE90OGyD7L6NGQ,2019-07,
40.95224531737341,-74.03326879046155,APaw6HVOwE90OGyD7L6NGQ,2019-07,
40.952865999999965,-74.0337029,None,None,ZERO_RESULTS
40.9524758942917,-74.03421567761305,oX29wgRJMZTuAHksSGljNA,2019-07,
40.95256665759138,-74.03455840979595,aeF-miNG_nwlov_-FXqFtA,2019-07,
40.95262756117589,-74.03478845150607,mq9T7XG_aUR6KzK7bQPYrw,2019-07,
40.95271873833184,-74.03513252740302,GfaMsmmuvSlL6LvhpdWFMg,2019-07,
40.95280999046715,-74.03547714057507,Hre6CDOw8HU27SZtcZbHNw,2019-07,
40.95288142391109,-74.03574653727412,y90PiuUW96zQu4AGoqjbPQ,2019-07,
40.95285712148346,-74.0360205953549,XMw9eQwku5dhBgr9wR7jcw,2021-10,
40.95276634448918,-74.03606398560693,REzTGH3R7nd2kICZFyBKtQ,2021-10,
40.95317107969247,-74.02553071172916,WRvO4E5aN42AjVgKd0BBUA,2018-09,
40.95317107969247,-74.02553071172916,WRvO4E5aN42AjVgKd0BBUA,2018-09,
40.95317107969247,-74.02553071172916,WRvO4E5aN42AjVgKd0BBUA,2018-09,
40.95303816695436,-74.02681428701348,iJ_I5FQZAiwc8gTSm4Vaxg,2022-12,
40.95312749687623,-74.02681428701348,yEOBvw-z3F6tsA0uNDR79g,2022-12,
40.95312749687623,-74.02681428701348,yEOBvw-z3F6tsA0uNDR79g,2022-12,
40.95312749687623,-74.02681428701348,yEOBvw-z3F6tsA0uNDR79g,2022-12,
40.95313569999996,-74.0275415,None,None,ZERO_RESULTS
40.95313569999996,-74.0278838,None,None,ZERO_RESULTS
40.95313569999996,-74.0282261,None,None,ZERO_RESULTS
40.95313569999996,-74.0285684,None,None,ZERO_RESULTS
40.95313569999996,-74.0289107,None,None,ZERO_RESULTS
40.95313569999996,-74.029253,None,None,ZERO_RESULTS
40.95313569999996,-74.0295953,None,None,ZERO_RESULTS
40.95313569999996,-74.0299376,None,None,ZERO_RESULTS
40.95321788470794,-74.03063672066357,yVc7b-rYUac7Esr6rrn_Xg,2022-12,
40.9531277753542,-74.03065456137631,xYNCLoagCxiudcySixR6GQ,2022-12,
40.9531277753542,-74.03065456137631,xYNCLoagCxiudcySixR6GQ,2022-12,
40.95317272449812,-74.03176534416959,rdrSxgXMLK3zhXHU4JTuig,2021-11,
40.95317272449812,-74.03176534416959,rdrSxgXMLK3zhXHU4JTuig,2021-11,
40.95309433570474,-74.03189139384958,sOpwKVGKqG0eEImGEdvY9Q,2022-03,
40.95343183880121,-74.03229195515206,uTDd5h7tvq1Uhcm7Q5Rpvg,2021-09,
40.95347692724188,-74.03262778768051,U3LEjkWkQyg-Pqz0eWpAkA,2021-09,
40.95351644573694,-74.03285693521629,KnEw8qBwxtclVQt6BwvoLQ,2021-09,
40.95313569999996,-74.0333606,None,None,ZERO_RESULTS
40.95313569999996,-74.0337029,None,None,ZERO_RESULTS
40.95259736180802,-74.03467441683496,xXxVhdYFXh5_cVVjVKhOug,2019-07,
40.95259736180802,-74.03467441683496,xXxVhdYFXh5_cVVjVKhOug,2019-07,
40.95259736180802,-74.03467441683496,xXxVhdYFXh5_cVVjVKhOug,2019-07,
40.952749593184,-74.03524907198995,UwUquiZC9i9nTgEuVLOzmA,2019-07,
40.95280999046715,-74.03547714057507,Hre6CDOw8HU27SZtcZbHNw,2019-07,
40.95319528424024,-74.03586030235459,S5V3JBcaybnOYs3S-lPsIQ,2021-10,
40.9531138150213,-74.03589885157842,e_tlCyhWKpuRy96fA0dTWA,2021-10,
40.95303029375869,-74.03593829728773,ZejWifzKKm5DV3wZpHb9EQ,2021-10,
40.95344363533027,-74.02552954622416,bpA_xNhZ36urJlMvM05LfQ,2018-09,
40.95344363533027,-74.02552954622416,bpA_xNhZ36urJlMvM05LfQ,2018-09,
40.95344363533027,-74.02552954622416,bpA_xNhZ36urJlMvM05LfQ,2018-09,
40.95389007691504,-74.02621683431401,phDr-fOKbFLCFMiJSIK6XA,2023-07,
40.95339284355835,-74.02681419735985,RtpZ6vuw9Lshi0juLouBZg,2022-12,
40.95339284355835,-74.02681419735985,RtpZ6vuw9Lshi0juLouBZg,2022-12,
40.95339284355835,-74.02681419735985,RtpZ6vuw9Lshi0juLouBZg,2022-12,
40.95340539999996,-74.0275415,None,None,ZERO_RESULTS
40.95340539999996,-74.0278838,None,None,ZERO_RESULTS
40.95340539999996,-74.0282261,None,None,ZERO_RESULTS
40.95340539999996,-74.0285684,None,None,ZERO_RESULTS
40.95340539999996,-74.0289107,None,None,ZERO_RESULTS
40.95340539999996,-74.029253,None,None,ZERO_RESULTS
40.95340539999996,-74.0295953,None,None,ZERO_RESULTS
40.95340539999996,-74.0299376,None,None,ZERO_RESULTS
40.95339670086543,-74.03060121853675,jX8odBWffuKt8W-IWNzXGg,2022-12,
40.95339670086543,-74.03060121853675,jX8odBWffuKt8W-IWNzXGg,2022-12,
40.95339670086543,-74.03060121853675,jX8odBWffuKt8W-IWNzXGg,2022-12,
40.95340100659693,-74.03171890479275,h6dWcEBtq_TZ3N9qixs_yA,2021-11,
40.95340100659693,-74.03171890479275,h6dWcEBtq_TZ3N9qixs_yA,2021-11,
40.95339989228563,-74.03202981530812,EfgBa87smzZcgxDZz78aLw,2021-09,
40.95343183880121,-74.03229195515206,uTDd5h7tvq1Uhcm7Q5Rpvg,2021-09,
40.95347692724188,-74.03262778768051,U3LEjkWkQyg-Pqz0eWpAkA,2021-09,
40.95354038779372,-74.03297186748364,VvBqFhuEBYI8UIFLLbUnUQ,2021-09,
40.95362634214321,-74.03330608510235,tHNqP-VWMS-6Ldc1KJ12tQ,2021-09,
40.95368529278204,-74.03352232215458,WJteWAizYXpHmiGrMgwjgA,2021-09,
40.95377472678513,-74.03385035293522,1d1iFdJLjq4ZsPU-aje1WA,2021-09,
40.95340539999996,-74.0343875,None,None,ZERO_RESULTS
40.95370194938826,-74.03562084874518,-qXn-aqpKq9IxIuRUFFAzA,2021-10,
40.95370194938826,-74.03562084874518,-qXn-aqpKq9IxIuRUFFAzA,2021-10,
40.95344802335698,-74.03574088936054,0zOD9_N-Z9bE3hu_NWEaNw,2021-10,
40.95344802335698,-74.03574088936054,0zOD9_N-Z9bE3hu_NWEaNw,2021-10,
40.95336273868573,-74.03578114194724,5iW-3iMPFqR1zSn3-0T4Gg,2021-10,
40.95344802335698,-74.03574088936054,0zOD9_N-Z9bE3hu_NWEaNw,2021-10,
40.95389042390585,-74.0251902046607,wtJ7myEeZslRXo6VJ0gysw,2023-07,
40.95362757530771,-74.02552864968186,NXtCf3dCOU8M3X63EK-mUQ,2018-09,
40.95389032998156,-74.02578174340695,xIYRvJ1nG6euAQx8qSFRRw,2018-09,
40.95389007691504,-74.02621683431401,phDr-fOKbFLCFMiJSIK6XA,2023-07,
40.95388990355612,-74.02645791351732,BPJ-dSaspGpy_FKmFUfprw,2023-07,
40.95364624341531,-74.02681410770624,9kQj9g3lbCfIABgEI0fayg,2022-12,
40.95388935766348,-74.02718258375279,0IjYhvvFQb8bAQ19MtejrA,2023-07,
40.95388898845692,-74.02754478335719,VtekQ8eq2G0NYUNkgG1JYw,2023-07,
40.95388868571913,-74.02790958221334,fc1C-HTNlpQw69vCMgAhsw,2023-07,
40.95388853587517,-74.02827016668286,5CP5yf49h-RtZ27N8IpeAA,2023-07,
40.95388964071211,-74.02850810543943,qY6vg9fXZzjNeZvixs97hg,2023-07,
40.95389649026517,-74.02886348892183,ehvSMoyJwcYLl5wcmSghjw,2023-07,
40.95391677703404,-74.02921403050652,V8cHf6j_DDRdBkb30pL3UQ,2023-07,
40.95395234515215,-74.0295175936185,ApghVa2wOnHb54qKdtUboA,2023-07,
40.95399554204278,-74.02986705817317,-4-DZLOyC9-yvDboYEuLeA,2023-07,
40.95366890426465,-74.0305471584673,4DcGHfSLdUQQMeCKy3Dr9A,2022-12,
40.95366890426465,-74.0305471584673,4DcGHfSLdUQQMeCKy3Dr9A,2022-12,
40.95366890426465,-74.0305471584673,4DcGHfSLdUQQMeCKy3Dr9A,2022-12,
40.95369069149836,-74.03165193524679,SxyGZ1SUK4aEOrAQbAT80g,2021-11,
40.95369069149836,-74.03165193524679,SxyGZ1SUK4aEOrAQbAT80g,2021-11,
40.9536526160693,-74.03176130986124,Z5NavRejNH1byklcS1UszQ,2022-03,
40.95344533086266,-74.03240312241874,tIt5pXKESu_hFRP5SYI9tQ,2021-09,
40.9534941924142,-74.03274119602203,PNKKyJz8dIAcPwaqUwBWLA,2021-09,
40.95356874659372,-74.0330850963188,r2mFy1Wdhb6BFvc3o-MJeQ,2021-09,
40.95365572916641,-74.0334138450571,boYXBGw3CsMKTyIvzv4-ng,2021-09,
40.95371494410709,-74.03363088884066,ZT1wN-N8_5mYE0OPmGVm-A,2021-09,
40.95380493326404,-74.03396125034101,a5XpH0K7EZvBqslbGVbJEg,2021-09,
40.9538963582474,-74.03429645237354,DEDUnau2DnbebNIM9PCOdA,2021-09,
40.95398870369309,-74.03463550876329,Jk1FjOW49BXzIjlndo8fOw,2021-09,
40.95378426831166,-74.03558194086705,0XAUjbe-51BA4uTsIvhrjQ,2021-10,
40.95370194938826,-74.03562084874518,-qXn-aqpKq9IxIuRUFFAzA,2021-10,
40.95361794140832,-74.03566056346051,wCD-wclBnTYx5r0fRTBS-w,2021-10,
40.95353378300402,-74.03570027816757,WnhUqmUl7sLr5603badG_Q,2021-10,
40.95344802335698,-74.03574088936054,0zOD9_N-Z9bE3hu_NWEaNw,2021-10,
40.95389042390585,-74.0251902046607,wtJ7myEeZslRXo6VJ0gysw,2023-07,
40.95399098937085,-74.02552981518686,5idJVGiD9h_yRysZi0sT1w,2022-12,
40.95389032998156,-74.02578174340695,xIYRvJ1nG6euAQx8qSFRRw,2018-09,
40.95389007691504,-74.02621683431401,phDr-fOKbFLCFMiJSIK6XA,2023-07,
40.95388990355612,-74.02645791351732,BPJ-dSaspGpy_FKmFUfprw,2023-07,
40.95396460349123,-74.02681383874535,e5ACRGo1hydsVHcLiNQFQg,2022-12,
40.95388935766348,-74.02718258375279,0IjYhvvFQb8bAQ19MtejrA,2023-07,
40.95388898845692,-74.02754478335719,VtekQ8eq2G0NYUNkgG1JYw,2023-07,
40.95388868571913,-74.02790958221334,fc1C-HTNlpQw69vCMgAhsw,2023-07,
40.95388853587517,-74.02827016668286,5CP5yf49h-RtZ27N8IpeAA,2023-07,
40.95389024263352,-74.02862689540072,_BjfZPRWI-ZQalJ14kbDDg,2023-07,
40.95389649026517,-74.02886348892183,ehvSMoyJwcYLl5wcmSghjw,2023-07,
40.95393513486157,-74.02926459450795,lPaATqo2JC9RTzwzl6r2tQ,2019-07,
40.95396694645824,-74.02963710016867,ijeLgvITMJ6C-HYc3HlVOQ,2023-07,
40.95400914477183,-74.0299758062478,TYjjFvhitlVgv7HJ-QKwsQ,2023-07,
40.95404122854275,-74.03025372767333,QQZomcfn3YR8YZH5No24HQ,2021-10,
40.9539472520716,-74.03049193290785,m6ihT-hIhqkjoZiaOScTgg,2022-12,
40.95412911613678,-74.0308820975561,-PFKa0TGTnrtpLuvBdBRFQ,2023-07,
40.95399022420769,-74.0315823657872,vHV_yrmxvHhoFtKZ3qY_vg,2021-11,
40.95395622209714,-74.03169344381688,WCD94lN-XNbRFvp6ffPx-w,2022-03,
40.95386227547285,-74.03171442222684,6VMh5iJZcR60mTKmnhOxtw,2022-03,
40.95394479999995,-74.0323337,None,None,ZERO_RESULTS
40.9534941924142,-74.03274119602203,PNKKyJz8dIAcPwaqUwBWLA,2021-09,
40.95359743966397,-74.03319644242356,CWbB3DyMNzG8sKt30tfiNQ,2021-09,
40.95368529278204,-74.03352232215458,WJteWAizYXpHmiGrMgwjgA,2021-09,
40.95374454557621,-74.03373963476555,MwTbu-zcZlynik-3C302fQ,2021-09,
40.95383542954608,-74.03407313383445,Gv_CCmiNmvoFw92kbDzk2w,2021-09,
40.95392689224006,-74.03440860462008,sbZp2bx4NxPBlfnmM2EnOA,2021-09,
40.95401961504937,-74.03474873660872,jkvilWvNJXsS1paMewJWHA,2021-09,
40.95408170294477,-74.03497653684418,KsIbOIHIHVNcWtc4HmK1hw,2021-09,
40.95395009405753,-74.03550349754016,ZXpR1LE9hByKeFQNJXi4QQ,2021-10,
40.9538662241195,-74.03554312263049,XHP6v-P78XHmRvSSUN3o7g,2021-10,
40.95378426831166,-74.03558194086705,0XAUjbe-51BA4uTsIvhrjQ,2021-10,
40.95378426831166,-74.03558194086705,0XAUjbe-51BA4uTsIvhrjQ,2021-10,
40.95418885007009,-74.02553438755254,rsnR-SspwxBkBtN53eQFiQ,2022-12,
40.95418885007009,-74.02553438755254,rsnR-SspwxBkBtN53eQFiQ,2022-12,
40.95418885007009,-74.02553438755254,rsnR-SspwxBkBtN53eQFiQ,2022-12,
40.95389007691504,-74.02621683431401,phDr-fOKbFLCFMiJSIK6XA,2023-07,
40.95424219120383,-74.02681321116997,eqfwXXSTTve5LKr5Tp6a4Q,2022-12,
40.95424219120383,-74.02681321116997,eqfwXXSTTve5LKr5Tp6a4Q,2022-12,
40.95424219120383,-74.02681321116997,eqfwXXSTTve5LKr5Tp6a4Q,2022-12,
40.95388898845692,-74.02754478335719,VtekQ8eq2G0NYUNkgG1JYw,2023-07,
40.95388868571913,-74.02790958221334,fc1C-HTNlpQw69vCMgAhsw,2023-07,
40.95388853587517,-74.02827016668286,5CP5yf49h-RtZ27N8IpeAA,2023-07,
40.95389024263352,-74.02862689540072,_BjfZPRWI-ZQalJ14kbDDg,2023-07,
40.95390323536621,-74.02898003734637,NffBI5CP6FdeV6J0RmICcw,2023-07,
40.95404250534965,-74.02943224455854,6aEkXFD9Eeb9hw41ssdQZg,2019-07,
40.95417139499258,-74.0296223971913,8Jf9oGwkD6jRXeEiIZPEbQ,2019-07,
40.95419144707468,-74.02988803678433,-YGPB9qQZrmFze7YXg8lMw,2019-07,
40.95420300163297,-74.03028196805356,P2oG80YSOoGQEM11Ei9pgA,2019-07,
40.95409302553337,-74.03064111360304,H6UZb86kaOnCF2WDKJewwA,2023-07,
40.95414562159212,-74.03100285837323,ga_Y_bYfQmL520tozdxW3A,2023-07,
40.95419662698237,-74.03136505071365,DR5jyA-gVS3aJ-HoCAFy2A,2023-07,
40.95421912401596,-74.03163472218698,YVcC6bDTP1Txelu-Yp4tAg,2018-09,
40.95431599364089,-74.03190170374147,plNbTTBNh4iKwHENVTABcQ,2023-07,
40.95440623572983,-74.03224972950392,SRodTQpXKog9vVrU_WaFmQ,2023-07,
40.95449822150548,-74.03259363068854,o9y17STTxZ-B6Cu9LHJSow,2023-07,
40.95455774686812,-74.03282134385265,cm3vfmZPR1ouhLnxEmLdKQ,2023-07,
40.95470656069316,-74.03337923995349,-lqnHVAy_kaqj3oaUqV6XQ,2023-07,
40.95386588761138,-74.03418474831167,CtkbyW9lZeCKDzxJ5ToWwQ,2021-09,
40.95386588761138,-74.03418474831167,CtkbyW9lZeCKDzxJ5ToWwQ,2021-09,
40.953957728725,-74.03452183260052,XvUROeJCwpQOqhTZ9MOeKQ,2021-09,
40.95405031253341,-74.03486151613757,0lq5VMfZ1IltluTviFaVPw,2021-09,
40.95411367410156,-74.03509406767367,ix6cVDDzxbgAcmBR4X0ghQ,2021-09,
40.9541872035161,-74.03539152523811,A8dAgE_ckHOILnVjXb9Vpw,2018-09,
40.95412043556075,-74.03542299224078,-hq6XHHft5OJIxy1NZdqlw,2021-10,
40.95378426831166,-74.03558194086705,0XAUjbe-51BA4uTsIvhrjQ,2021-10,
40.95378426831166,-74.03558194086705,0XAUjbe-51BA4uTsIvhrjQ,2021-10,
40.95447226013512,-74.02554093231107,yvaAXTPs70L7MRpHElgMTQ,2022-12,
40.95447226013512,-74.02554093231107,yvaAXTPs70L7MRpHElgMTQ,2022-12,
40.95447226013512,-74.02554093231107,yvaAXTPs70L7MRpHElgMTQ,2022-12,
40.95437887134144,-74.02553878060966,b74tUK_vyguezH65z4s4Dw,2022-12,
40.95448883736117,-74.02681267324822,J-fBZiAPixuaBtT7keO14g,2022-12,
40.95448883736117,-74.02681267324822,J-fBZiAPixuaBtT7keO14g,2022-12,
40.95448883736117,-74.02681267324822,J-fBZiAPixuaBtT7keO14g,2022-12,
40.95448883736117,-74.02681267324822,J-fBZiAPixuaBtT7keO14g,2022-12,
40.954484199999946,-74.0278838,None,None,ZERO_RESULTS
40.954484199999946,-74.0282261,None,None,ZERO_RESULTS
40.954484199999946,-74.0285684,None,None,ZERO_RESULTS
40.954484199999946,-74.0289107,None,None,ZERO_RESULTS
40.95417139499258,-74.0296223971913,8Jf9oGwkD6jRXeEiIZPEbQ,2019-07,
40.9542233031108,-74.02971940096008,3xgXskLBvPOKSJFCIxGF9g,2019-07,
40.95426286487715,-74.02982895598889,GOa4tDqW4bZy0LZcwd0wsA,2019-07,
40.95444120885952,-74.03036821325229,Bmm75UR8cmNIeKt2cAARxQ,2019-07,
40.95450259535767,-74.03060372878836,28tGbhCsMyFUsKRs7-jp_A,2019-07,
40.95456140150075,-74.0308390647297,Zxly1bAlcQf4eWBF3QUqYA,2019-07,
40.95451766630289,-74.03147119804129,WfRe8BjAKlRFlaS6j8eHbQ,2022-12,
40.95443665597028,-74.03158720696176,F2n-VrhN2KoUbBV0kj5TeA,2021-09,
40.9543457979339,-74.03201717449258,IQAxY994_VfRteo1dxBYZA,2023-07,
40.95443711471156,-74.03236430353381,44VnMzPLOp_0QI5hUxkwag,2023-07,
40.95452793398906,-74.0327073976538,bf4GCOqivN2mAV4HbNY3jw,2023-07,
40.95458783685519,-74.03293618649074,vtSGCBKKvj8c-sFyafqBrw,2023-07,
40.95467754840558,-74.03327094207563,LboSigoOCXp5vHE8l_8r6Q,2023-07,
40.95476494997309,-74.03359682167913,4GTlMuh3w6PCWD3gvvT5qQ,2023-07,
40.95485352392583,-74.03392727288886,LXcuLxjh6tN5aj0gnLYkPQ,2023-07,
40.95488351954576,-74.03403933570274,bcknaeMRF1GKR26JLwtN6g,2023-07,
40.95457494343835,-74.03521903935322,8MO_J29eBdCzpHp6GktLyg,2021-10,
40.95449379746329,-74.03525507851673,i448JlQ3duK44IQa7hL1bg,2021-10,
40.95441222594943,-74.03529129697269,k7O3t1f-etIB8jKW2vyAfA,2021-10,
40.95433079185273,-74.03532742577211,-W96Bpnrw0vhixucHOan8g,2021-10,
40.954484199999946,-74.036099,None,None,ZERO_RESULTS
40.954484199999946,-74.03644129999999,None,None,ZERO_RESULTS
40.95474861620308,-74.0255459529476,YYEEYoZB0eqEzElRZkGC3g,2022-12,
40.95474861620308,-74.0255459529476,YYEEYoZB0eqEzElRZkGC3g,2022-12,
40.95474861620308,-74.0255459529476,YYEEYoZB0eqEzElRZkGC3g,2022-12,
40.95466990826421,-74.02681222498008,VDNbvxxvvcirSQE119-Hbw,2022-12,
40.95475973613613,-74.02681204567281,cLjV96r87Eus-1DciCXxMw,2022-12,
40.95475973613613,-74.02681204567281,cLjV96r87Eus-1DciCXxMw,2022-12,
40.95475973613613,-74.02681204567281,cLjV96r87Eus-1DciCXxMw,2022-12,
40.95475973613613,-74.02681204567281,cLjV96r87Eus-1DciCXxMw,2022-12,
40.95475389999994,-74.0278838,None,None,ZERO_RESULTS
40.95475389999994,-74.0282261,None,None,ZERO_RESULTS
40.95475389999994,-74.0285684,None,None,ZERO_RESULTS
40.95475389999994,-74.0289107,None,None,ZERO_RESULTS
40.95475389999994,-74.029253,None,None,ZERO_RESULTS
40.95475389999994,-74.0295953,None,None,ZERO_RESULTS
40.95481390314692,-74.03036382030652,9LAmfk3GH2B-u-VfetrWUg,2009-06,
40.95471198839452,-74.03037520610454,huBtGJwsKR2xXN4TF3lWdA,2009-06,
40.95471198839452,-74.03037520610454,huBtGJwsKR2xXN4TF3lWdA,2009-06,
40.95460460436515,-74.03101092702197,5zDLTjYdw6hQhfsXppE0cA,2019-07,
40.95470266242105,-74.03140297328767,FJ9Be5whOfT5FymVqNMQAg,2019-07,
40.95472659345999,-74.0315241820315,ffyy-KfF3FXQ3LkjfNbisg,2021-09,
40.95472659345999,-74.0315241820315,ffyy-KfF3FXQ3LkjfNbisg,2021-09,
40.95446798086243,-74.03247878784379,-Cpwgi6O9b4u5h4fnhY8BA,2023-07,
40.95455774686812,-74.03282134385265,cm3vfmZPR1ouhLnxEmLdKQ,2023-07,
40.95461812353157,-74.03304923604576,sFLYviBXDCfS0jauYd2rAw,2023-07,
40.95470656069316,-74.03337923995349,-lqnHVAy_kaqj3oaUqV6XQ,2023-07,
40.95479427722802,-74.03370628482652,-c_OaJnqeVHaYed70K_nFA,2023-07,
40.95488351954576,-74.03403933570274,bcknaeMRF1GKR26JLwtN6g,2023-07,
40.9549432321279,-74.03426202673064,AKOwyHumV1zZWprt9FFqqw,2023-07,
40.95482070742018,-74.03510984602511,ERTUALhSlP0naBBsGQCI3A,2021-10,
40.95473849841816,-74.03514633345782,dCuKH35J-EJh9N7hbflxwQ,2021-10,
40.95465622683102,-74.03518291053321,xQxPh-OxRLNN3hVix1n8DA,2021-10,
40.95457494343835,-74.03521903935322,8MO_J29eBdCzpHp6GktLyg,2021-10,
40.95475389999994,-74.036099,None,None,ZERO_RESULTS
40.95475389999994,-74.03644129999999,None,None,ZERO_RESULTS
40.95502227636499,-74.0255436219378,JqsodXcUd-PgmNr0ORO7bw,2022-12,
40.95502227636499,-74.0255436219378,JqsodXcUd-PgmNr0ORO7bw,2022-12,
40.95502227636499,-74.0255436219378,JqsodXcUd-PgmNr0ORO7bw,2022-12,
40.95503206652476,-74.02681410770624,Ap5uOHw4ofHAUwzqIoWQMA,2022-12,
40.95503206652476,-74.02681410770624,Ap5uOHw4ofHAUwzqIoWQMA,2022-12,
40.95503206652476,-74.02681410770624,Ap5uOHw4ofHAUwzqIoWQMA,2022-12,
40.95503206652476,-74.02681410770624,Ap5uOHw4ofHAUwzqIoWQMA,2022-12,
40.95512398688701,-74.02681491458887,k1dXR2LzpQn6n7bYiynKAw,2022-12,
40.95502359999994,-74.0278838,None,None,ZERO_RESULTS
40.95502359999994,-74.0282261,None,None,ZERO_RESULTS
40.95502359999994,-74.0285684,None,None,ZERO_RESULTS
40.95502359999994,-74.0289107,None,None,ZERO_RESULTS
40.95502359999994,-74.029253,None,None,ZERO_RESULTS
40.95502359999994,-74.0295953,None,None,ZERO_RESULTS
40.95481390314692,-74.03036382030652,9LAmfk3GH2B-u-VfetrWUg,2009-06,
40.95481390314692,-74.03036382030652,9LAmfk3GH2B-u-VfetrWUg,2009-06,
40.95481390314692,-74.03036382030652,9LAmfk3GH2B-u-VfetrWUg,2009-06,
40.95506186082056,-74.03134945135476,JoWg6ijF0TCYPSdOxOBivA,2022-12,
40.95506186082056,-74.03134945135476,JoWg6ijF0TCYPSdOxOBivA,2022-12,
40.95502666201904,-74.0314499506502,heJNLP9b8yJIdiV1gM5Znw,2021-09,
40.9553284353297,-74.03183222402441,_bC7smZR6Qu7A5lGSwdk-g,2022-12,
40.95541982312346,-74.03217720177642,MkrmQWBPq3qkTbpPgI-o6A,2022-12,
40.95461812353157,-74.03304923604576,sFLYviBXDCfS0jauYd2rAw,2023-07,
40.95464810744677,-74.03316120972595,zgqV4kFK_M7Q67V4_aVpSg,2023-07,
40.95473581200387,-74.03348816532312,HP8_7s02UK0bivIqDO6lSg,2023-07,
40.95482344035234,-74.03381512035867,saVbvPzGz0sn3WP1g8B4lA,2023-07,
40.95491350234213,-74.03415130880047,QzewDaKz6VJQWMeUJZFgnw,2023-07,
40.95497226872556,-74.0343705033447,GnXOHA1qkNZKm2-JijSpsw,2023-07,
40.95505814090264,-74.03469091242054,WV10A7UdB2dec3X2WbB87g,2023-07,
40.95501613904046,-74.03502297542622,XQuBiP42355EfymnHhANXA,2021-10,
40.95522181746043,-74.03530555126409,KjmYEvY5xC4Khf9aqGgL-A,2023-07,
40.95531435436614,-74.03565500519386,NKE8O42HiPRXOVHKxKSWBw,2023-07,
40.95537550641337,-74.03588576277305,6_o7wNqvSZAl-IZbS6MEtQ,2023-07,
40.95502359999994,-74.03644129999999,None,None,ZERO_RESULTS
40.95529494586125,-74.02554120127375,VZtZ1bJoopTAZIGPS-3GAg,2022-12,
40.95529494586125,-74.02554120127375,VZtZ1bJoopTAZIGPS-3GAg,2022-12,
40.95529494586125,-74.02554120127375,VZtZ1bJoopTAZIGPS-3GAg,2022-12,
40.95538432052731,-74.02554048403994,pQ_M-wAnKeHxnwYYdPT2Sg,2022-12,
40.95530760178918,-74.02681652835412,PvUQQLlIiZTRxMylwsDvFA,2022-12,
40.95530760178918,-74.02681652835412,PvUQQLlIiZTRxMylwsDvFA,2022-12,
40.95530760178918,-74.02681652835412,PvUQQLlIiZTRxMylwsDvFA,2022-12,
40.95539606585731,-74.02681733523674,Dmu8dcxy4YGmlA7uWhMLhg,2022-12,
40.95529329999994,-74.0278838,None,None,ZERO_RESULTS
40.95529329999994,-74.0282261,None,None,ZERO_RESULTS
40.95529329999994,-74.0285684,None,None,ZERO_RESULTS
40.95529329999994,-74.0289107,None,None,ZERO_RESULTS
40.95529329999994,-74.029253,None,None,ZERO_RESULTS
40.95529329999994,-74.0295953,None,None,ZERO_RESULTS
40.95481390314692,-74.03036382030652,9LAmfk3GH2B-u-VfetrWUg,2009-06,
40.95481390314692,-74.03036382030652,9LAmfk3GH2B-u-VfetrWUg,2009-06,
40.95481390314692,-74.03036382030652,9LAmfk3GH2B-u-VfetrWUg,2009-06,
40.95535955387834,-74.03127808875416,FtG_xqqYcuDL0-QQuimmHg,2022-12,
40.95526951761006,-74.03129960511897,XiX1j_MI1_oRvQZTkphYrQ,2022-12,
40.95526676942583,-74.03159948920036,fTIpYJ8UxMjjQkkq5LU1Wg,2022-12,
40.9553590786585,-74.03194778446887,_cUYAPyYC3fZ5slcmuPJ4g,2022-12,
40.95544998669354,-74.03229096899054,d1mvxig58wdULopW0TpuoA,2022-12,
40.95550987218461,-74.0325169791488,8CuznzcWKD9Ak3BDTAH6Ng,2022-12,
40.9556001973191,-74.03285765242254,SmcOulrbyC87L4LYeQaC8g,2022-12,
40.95568966418463,-74.03319545626671,mDhzKP8JOzfYie26DXWaFA,2022-12,
40.95485352392583,-74.03392727288886,LXcuLxjh6tN5aj0gnLYkPQ,2023-07,
40.9549432321279,-74.03426202673064,AKOwyHumV1zZWprt9FFqqw,2023-07,
40.95500110310933,-74.03447808339675,Exy6gNBuDeAjB1-xR7bXXg,2023-07,
40.95532335695039,-74.03493978042953,CSk9c2QWngKXLlINAKUX3Q,2022-12,
40.95532335695039,-74.03493978042953,CSk9c2QWngKXLlINAKUX3Q,2022-12,
40.95525278491294,-74.03542236469376,2IGorKZAvU6UAuIv64PVGA,2023-07,
40.95534501880322,-74.03577074261608,NBSpMKzcXAdqqjSPcmRp2w,2023-07,
40.95540605736609,-74.03600123110701,VSNRW5rRAnugmWqVw-CtDw,2023-07,
40.95549739308532,-74.03634593235472,CYQ0jsRE0ZWzSO_K1XRQXw,2023-07,
40.95556208008833,-74.02553895991811,tBbHbUEA-Q39dfB7YqLEdg,2022-12,
40.95556208008833,-74.02553895991811,tBbHbUEA-Q39dfB7YqLEdg,2022-12,
40.95556208008833,-74.02553895991811,tBbHbUEA-Q39dfB7YqLEdg,2022-12,
40.95538432052731,-74.02554048403994,pQ_M-wAnKeHxnwYYdPT2Sg,2022-12,
40.95557328139056,-74.02681885934834,0KyG58XtwL-5WYuhP3rOlQ,2022-12,
40.95557328139056,-74.02681885934834,0KyG58XtwL-5WYuhP3rOlQ,2022-12,
40.95557328139056,-74.02681885934834,0KyG58XtwL-5WYuhP3rOlQ,2022-12,
40.95539606585731,-74.02681733523674,Dmu8dcxy4YGmlA7uWhMLhg,2022-12,
40.955562999999934,-74.0278838,None,None,ZERO_RESULTS
40.955562999999934,-74.0282261,None,None,ZERO_RESULTS
40.955562999999934,-74.0285684,None,None,ZERO_RESULTS
40.955562999999934,-74.0289107,None,None,ZERO_RESULTS
40.955562999999934,-74.029253,None,None,ZERO_RESULTS
40.955562999999934,-74.0295953,None,None,ZERO_RESULTS
40.955562999999934,-74.0299376,None,None,ZERO_RESULTS
40.95481390314692,-74.03036382030652,9LAmfk3GH2B-u-VfetrWUg,2009-06,
40.95563027131104,-74.03121784291976,dqhosKQWu7JQ_1471JHSJQ,2022-12,
40.95563027131104,-74.03121784291976,dqhosKQWu7JQ_1471JHSJQ,2022-12,
40.95559022627245,-74.03128624704277,EVpcs5KMQ10EjLHvc7uwJQ,2021-09,
40.9555025098579,-74.03130928748234,l9dOFTgSloGwof3VIp4l4A,2021-09,
40.95538943190917,-74.03206235868046,pBO-OuVLPgpqzHspiIz_ig,2022-12,
40.95547994802001,-74.03240383962671,7XEJZ0Vx7cm3tV-kuHhglw,2022-12,
40.95554000996838,-74.03263056685807,SsHxYi2g-Tre5bjFHLFXDw,2022-12,
40.95562978023978,-74.03296944691398,cS0yAmYKlEqe8FGLr1zu7A,2022-12,
40.9557196879699,-74.03330877461944,tz3chH8YmADM1XrYU-tKuQ,2022-12,
40.95580922842721,-74.03364657766302,wdU8hSJ_XobgT6ebRRLxNg,2022-12,
40.95586912352609,-74.03387267586204,pWy1-OLLRS-PjbNde_o5SQ,2022-12,
40.95561037124151,-74.0348863491409,SZF99hUJ8n6KLAXMxFh0lg,2022-12,
40.95561037124151,-74.0348863491409,SZF99hUJ8n6KLAXMxFh0lg,2022-12,
40.95552421706714,-74.03490239645903,9Luivq2gUoi3ELcimzmsig,2022-12,
40.95528336179641,-74.03553801260797,LFqkFkF2O-u_o4Vhj25ISQ,2023-07,
40.95537550641337,-74.03588576277305,6_o7wNqvSZAl-IZbS6MEtQ,2023-07,
40.9554365447089,-74.03611625112464,1O65diRRXHHbNSZfOQKIqg,2023-07,
40.95552775411977,-74.03646059356761,kdaa3XCPG9n4Q8v8qv2ASQ,2023-07,
40.95583055263882,-74.02553662890823,2W6Cg2yPMp6jKRCGmzddIQ,2022-12,
40.95583055263882,-74.02553662890823,2W6Cg2yPMp6jKRCGmzddIQ,2022-12,
40.95583055263882,-74.02553662890823,2W6Cg2yPMp6jKRCGmzddIQ,2022-12,
40.95575238725201,-74.02682047311357,RuP3qszjdlDE7YzMKMbZsw,2022-12,
40.95584355519757,-74.02682127999617,mugwL7XNAuBxi1LPhIkAQw,2022-12,
40.95584355519757,-74.02682127999617,mugwL7XNAuBxi1LPhIkAQw,2022-12,
40.95584355519757,-74.02682127999617,mugwL7XNAuBxi1LPhIkAQw,2022-12,
40.95584355519757,-74.02682127999617,mugwL7XNAuBxi1LPhIkAQw,2022-12,
40.95583269999993,-74.0278838,None,None,ZERO_RESULTS
40.95583269999993,-74.0282261,None,None,ZERO_RESULTS
40.95583269999993,-74.0285684,None,None,ZERO_RESULTS
40.95583269999993,-74.0289107,None,None,ZERO_RESULTS
40.95583269999993,-74.029253,None,None,ZERO_RESULTS
40.95583269999993,-74.0295953,None,None,ZERO_RESULTS
40.95583269999993,-74.0299376,None,None,ZERO_RESULTS
40.9562609785368,-74.03024422456032,M1p1rtZHdFV_jGOAt94j1Q,2018-07,
40.95595057504112,-74.03117194131887,NYVSsmn9Eeb236lKJlt0WQ,2022-12,
40.95586047736646,-74.03119354734724,Y1PpMzNABSAjz590ADtnNw,2022-12,
40.95586047736646,-74.03119354734724,Y1PpMzNABSAjz590ADtnNw,2022-12,
40.95577052978878,-74.03121515337315,sITUUcagEIdFzYAn-TSBSQ,2022-12,
40.95541982312346,-74.03217720177642,MkrmQWBPq3qkTbpPgI-o6A,2022-12,
40.95550987218461,-74.0325169791488,8CuznzcWKD9Ak3BDTAH6Ng,2022-12,
40.95556990847802,-74.03274352694375,avbaS4TGNPHiX6WEjiAAaw,2022-12,
40.95565975349186,-74.03308240679856,G1_D_5n2Lt052ky9chGX8A,2022-12,
40.95574950952174,-74.03342119639954,SyZMv2GE-qPzKFsqJOeJZw,2022-12,
40.95583927709153,-74.03376007504788,7FDG4QIBSfT7cF55Q9DbwQ,2022-12,
40.95589876773387,-74.03398438010706,gGWJdNUdgBSJFMsF-grjzg,2022-12,
40.95598589659268,-74.03431312729208,9_9jBocawz_UqlhlSMlQdQ,2022-12,
40.95588128736664,-74.0348359659322,-Gl7PRjZuSBMNlJyL9cS0g,2022-12,
40.955789501083,-74.03485308905267,KIaWRWn34LsK94WP-r44kw,2022-12,
40.95612175705712,-74.03521303282531,2kRA3BkRnP3e1BTXjiFzPQ,2022-12,
40.95621736780811,-74.03555925954272,1qUzNgFvxhkaf71akphM5A,2022-12,
40.9554669313989,-74.03623109177434,NOJIzEjs2uY64bq7zdsZzQ,2023-07,
40.95555796372411,-74.03657471681721,xX-6TXSDW6qDzEuXR9Cwjg,2023-07,
40.95609624426589,-74.0255342978983,XMSv0-rT0jGF4nJiE0Sscg,2022-12,
40.95609624426589,-74.0255342978983,XMSv0-rT0jGF4nJiE0Sscg,2022-12,
40.95609624426589,-74.0255342978983,XMSv0-rT0jGF4nJiE0Sscg,2022-12,
40.95600846106587,-74.02553510478636,OoJFoGeb8rxwgD2HZBSBzA,2022-12,
40.95611991296858,-74.02682370064397,qY85CtflcEprj6Y2WrvrEg,2022-12,
40.95611991296858,-74.02682370064397,qY85CtflcEprj6Y2WrvrEg,2022-12,
40.95611991296858,-74.02682370064397,qY85CtflcEprj6Y2WrvrEg,2022-12,
40.95602716780525,-74.02682289376138,DFOTwYb8x6_LPBHIG8WVMQ,2022-12,
40.95610239999993,-74.0278838,None,None,ZERO_RESULTS
40.95610239999993,-74.0282261,None,None,ZERO_RESULTS
40.95610239999993,-74.0285684,None,None,ZERO_RESULTS
40.95610239999993,-74.0289107,None,None,ZERO_RESULTS
40.95610239999993,-74.029253,None,None,ZERO_RESULTS
40.95610239999993,-74.0295953,None,None,ZERO_RESULTS
40.9562609785368,-74.03024422456032,M1p1rtZHdFV_jGOAt94j1Q,2018-07,
40.9562609785368,-74.03024422456032,M1p1rtZHdFV_jGOAt94j1Q,2018-07,
40.95630147987693,-74.03063672066357,5Sg8Hv6TnhT5wLtTjVL9Lw,2018-07,
40.95612921871022,-74.03112944646755,_w6OYsVFES6D20brK2s3Jw,2022-12,
40.95604081011237,-74.03115024563647,mI2ABLzVgPBd3q4EWKp7tg,2022-12,
40.95604081011237,-74.03115024563647,mI2ABLzVgPBd3q4EWKp7tg,2022-12,
40.95666727370408,-74.032394874527,zLIbLiyOasI9j_HAdTe-1A,2022-12,
40.95554000996838,-74.03263056685807,SsHxYi2g-Tre5bjFHLFXDw,2022-12,
40.95554000996838,-74.03263056685807,SsHxYi2g-Tre5bjFHLFXDw,2022-12,
40.95568966418463,-74.03319545626671,mDhzKP8JOzfYie26DXWaFA,2022-12,
40.9557792431203,-74.03353352846278,WdI_WTuSXbPxQa6rlairTw,2022-12,
40.95586912352609,-74.03387267586204,pWy1-OLLRS-PjbNde_o5SQ,2022-12,
40.95592778118165,-74.03409375338136,ifA_OD2-VgcYicTE2WJ7rQ,2022-12,
40.9560141150464,-74.03441954192597,cETTo5zccJ9fE_KWBl0BHA,2022-12,
40.95609330788737,-74.0347182556435,0LerQ3e5Si1nqN8j3E8eLQ,2022-12,
40.95608895789818,-74.03509442627258,ibF0zt6DCdB_to2J7RmtBA,2022-12,
40.95615397625165,-74.03532966701255,wkGkeS4ahh2PvUN3ykxxGA,2022-12,
40.95624876660843,-74.0356727557868,9JCwbUFaJIN6uFad6q6Jug,2022-12,
40.95634311457029,-74.03601431990441,iI_J8VBbKrrcfjSbXZQUjQ,2022-12,
40.95640502859449,-74.03623826370956,UWgC33TqTcspgcTaj5_lfg,2022-12,
40.95636292399794,-74.0255320565426,sm13VrPeBNhdBvyhaG45AQ,2022-12,
40.95636292399794,-74.0255320565426,sm13VrPeBNhdBvyhaG45AQ,2022-12,
40.95636292399794,-74.0255320565426,sm13VrPeBNhdBvyhaG45AQ,2022-12,
40.95645402488434,-74.02553133930876,3vWgFav9JcAprthQTat1qA,2022-12,
40.95639649479108,-74.02682612129173,c70CteNtT7SoNKdWCDnD2w,2022-12,
40.95639649479108,-74.02682612129173,c70CteNtT7SoNKdWCDnD2w,2022-12,
40.95639649479108,-74.02682612129173,c70CteNtT7SoNKdWCDnD2w,2022-12,
40.95648938961119,-74.02682692817432,6Hx5iwI2doPtms9HG1dx5A,2022-12,
40.956372099999925,-74.0278838,None,None,ZERO_RESULTS
40.956372099999925,-74.0282261,None,None,ZERO_RESULTS
40.956372099999925,-74.0285684,None,None,ZERO_RESULTS
40.956372099999925,-74.0289107,None,None,ZERO_RESULTS
40.956372099999925,-74.029253,None,None,ZERO_RESULTS
40.956372099999925,-74.0295953,None,None,ZERO_RESULTS
40.9562609785368,-74.03024422456032,M1p1rtZHdFV_jGOAt94j1Q,2018-07,
40.9562609785368,-74.03024422456032,M1p1rtZHdFV_jGOAt94j1Q,2018-07,
40.95630147987693,-74.03063672066357,5Sg8Hv6TnhT5wLtTjVL9Lw,2018-07,
40.95633878971983,-74.03099927230701,o5znZ8q6OX3kZy5tDbqXIQ,2018-07,
40.95635054968752,-74.03108228972269,jg-cVgIwznuDYzS8tudnkw,2022-12,
40.95630676881813,-74.03109143418745,Awihsh0V04t_6TYTzmLReg,2022-12,
40.95666727370408,-74.032394874527,zLIbLiyOasI9j_HAdTe-1A,2022-12,
40.95666727370408,-74.032394874527,zLIbLiyOasI9j_HAdTe-1A,2022-12,
40.95668230477192,-74.0326383664852,Aut9FqyZx4xZ1ZTt_vTTtw,2022-12,
40.95671408499276,-74.03299428016419,n3pgfusnMxujqy4TQ1PD2w,2022-12,
40.95675803950463,-74.03322557887338,e-EphfOgkQzq5I9h1zRODQ,2022-12,
40.95690926184768,-74.03378777700594,NxnVZkRdI-UcWsIOjmKIgw,2022-12,
40.95595716061205,-74.03420465064532,hebKur1DBU1pvV0XsHTWvw,2022-12,
40.95641170266872,-74.03471296629903,WjjHyEMSjyviaQtNLQ3KTA,2022-12,
40.95641170266872,-74.03471296629903,WjjHyEMSjyviaQtNLQ3KTA,2022-12,
40.95632234995858,-74.03473188242855,RU2MHbm3WDnqALv3DyPf6A,2022-12,
40.95618574140008,-74.03544468743617,SdXQVDX-FzCmlLRiRRrh6Q,2022-12,
40.95628007745471,-74.03578616231381,RcngoRtL6wIpozYel2raUQ,2022-12,
40.95637423564008,-74.03612691938463,hSSSegTR0nrhiPny98yDeQ,2022-12,
40.95643584681335,-74.03634978726761,0QNDBy_ISySmINm51l2FMw,2022-12,
40.95663462318045,-74.02552972553264,Mw0UvnISi6RA7TwdTm-n2Q,2022-12,
40.95663462318045,-74.02552972553264,Mw0UvnISi6RA7TwdTm-n2Q,2022-12,
40.95663462318045,-74.02552972553264,Mw0UvnISi6RA7TwdTm-n2Q,2022-12,
40.95705875580521,-74.02621504123584,B9iVBtzFt3g5ugjLVmRhqQ,2022-12,
40.95667540417858,-74.02682854193948,Zyf1YsLHHuvEtonHyOuo4g,2022-12,
40.95667540417858,-74.02682854193948,Zyf1YsLHHuvEtonHyOuo4g,2022-12,
40.95667540417858,-74.02682854193948,Zyf1YsLHHuvEtonHyOuo4g,2022-12,
40.95648938961119,-74.02682692817432,6Hx5iwI2doPtms9HG1dx5A,2022-12,
40.95664179999992,-74.0278838,None,None,ZERO_RESULTS
40.95664179999992,-74.0282261,None,None,ZERO_RESULTS
40.95664179999992,-74.0285684,None,None,ZERO_RESULTS
40.95664179999992,-74.0289107,None,None,ZERO_RESULTS
40.95664179999992,-74.029253,None,None,ZERO_RESULTS
40.95664179999992,-74.0295953,None,None,ZERO_RESULTS
40.9562609785368,-74.03024422456032,M1p1rtZHdFV_jGOAt94j1Q,2018-07,
40.95627444844665,-74.03037430958501,JqCNkDBHdqazjeoG80xjFg,2018-07,
40.9567135420975,-74.03103441575306,g_XJTP_TS3pF5vX1RomwZQ,2022-12,
40.95662253762934,-74.03104642907242,AF8rMOgdm7eScUnWDkvf8A,2022-12,
40.95662253762934,-74.03104642907242,AF8rMOgdm7eScUnWDkvf8A,2022-12,
40.95644045310789,-74.03107045570886,2FmIr1_i5W09LgVBrPafHQ,2022-12,
40.95666727370408,-74.032394874527,zLIbLiyOasI9j_HAdTe-1A,2022-12,
40.95666727370408,-74.032394874527,zLIbLiyOasI9j_HAdTe-1A,2022-12,
40.95668230477192,-74.0326383664852,Aut9FqyZx4xZ1ZTt_vTTtw,2022-12,
40.95671408499276,-74.03299428016419,n3pgfusnMxujqy4TQ1PD2w,2022-12,
40.9567837575655,-74.03333979371372,tB0ECABtHMSGuSwkDmPJvQ,2022-12,
40.95684269435698,-74.03356230625923,UV0bzGTiA-_gJa6qT0zFYQ,2022-12,
40.95694402836353,-74.03390010885283,vdngMn13viAIRub3big2JA,2022-12,
40.95668134919914,-74.03465576964952,qcIEK0CL6Avousm_8PJRRw,2022-12,
40.9565906203145,-74.03467504438444,7cBthJqLzwBt11xZsRLtkA,2022-12,
40.9565906203145,-74.03467504438444,7cBthJqLzwBt11xZsRLtkA,2022-12,
40.95702709170416,-74.03521070193383,nAb9PvrR-xEpgiDJlV68EA,2022-12,
40.95631165268549,-74.03590037561733,-X3Ri-CtI-HNuxcTOzIpdA,2022-12,
40.95640502859449,-74.03623826370956,UWgC33TqTcspgcTaj5_lfg,2022-12,
40.9564965750934,-74.03656960682243,kBSg_j2-l_1QpYSINQl0ig,2022-12,
40.95690399219817,-74.02552739452263,uwdAFwCSVwhPocd4JAbThQ,2022-12,
40.95690399219817,-74.02552739452263,uwdAFwCSVwhPocd4JAbThQ,2022-12,
40.95706318920296,-74.02581796366461,I4SeCgOs1Yx0-cZomknh-g,2022-12,
40.95705875580521,-74.02621504123584,B9iVBtzFt3g5ugjLVmRhqQ,2022-12,
40.95705611234963,-74.02645934797802,nFdl3i8g5mcMeY2h6pY-BA,2022-12,
40.95695860705671,-74.0268310522408,cQ7mzzVCA_Acanrhw44uqA,2022-12,
40.95695860705671,-74.0268310522408,cQ7mzzVCA_Acanrhw44uqA,2022-12,
40.95691149999992,-74.0275415,None,None,ZERO_RESULTS
40.95691149999992,-74.0278838,None,None,ZERO_RESULTS
40.95691149999992,-74.0282261,None,None,ZERO_RESULTS
40.95691149999992,-74.0285684,None,None,ZERO_RESULTS
40.95691149999992,-74.0289107,None,None,ZERO_RESULTS
40.95691149999992,-74.029253,None,None,ZERO_RESULTS
40.95691149999992,-74.0295953,None,None,ZERO_RESULTS
40.95691149999992,-74.0299376,None,None,ZERO_RESULTS
40.95691149999992,-74.0302799,None,None,ZERO_RESULTS
40.95689584910644,-74.03101567855941,HbcDmNaN5ZC9sXWMe4zH8A,2022-12,
40.95689584910644,-74.03101567855941,HbcDmNaN5ZC9sXWMe4zH8A,2022-12,
40.95689584910644,-74.03101567855941,HbcDmNaN5ZC9sXWMe4zH8A,2022-12,
40.95733587463373,-74.03145541938821,ODXTaIBY1qS1dgTwQLaaeQ,2022-12,
40.95666727370408,-74.032394874527,zLIbLiyOasI9j_HAdTe-1A,2022-12,
40.95666727370408,-74.032394874527,zLIbLiyOasI9j_HAdTe-1A,2022-12,
40.95669093587884,-74.03276082955412,k_2WP1O1b5BfXm6Vq5PY3w,2022-12,
40.95673409684522,-74.03311010885525,X2n9qrEK4C6wPd5vDyxhZQ,2022-12,
40.95681320115774,-74.0334511396695,QHYOD29oALicx64XvDWNIQ,2022-12,
40.95687493643922,-74.03367696914948,Z0Q22DfKTxOGFVKJuV5JFw,2022-12,
40.95697876935587,-74.03401226133296,Q9Lbihk78VrXQecfMMW8_g,2022-12,
40.95692688905302,-74.03460395198043,IceRsTArB340eeboma7XdQ,2022-12,
40.95689974232788,-74.03473161347885,lSFoYKYVj0aS9xELCQ5oMQ,2022-12,
40.95699623857723,-74.03509469522176,-DByAEI0Fgxo6OCiGK9VGw,2022-12,
40.95705759130644,-74.03532527418128,VTCLMUd11_uuw6gS-7n4_g,2022-12,
40.95714858568065,-74.03566755611836,Y3wgcx1RZ-9Z5lCIVdEaPA,2022-12,
40.95723816640167,-74.03600463778038,iH-yktByGxt8LYpDizFVqg,2022-12,
40.95691773284954,-74.03662312728733,ZSaRVgamq8MxTlIozypxyw,2012-08,
40.95721744869928,-74.02552658763454,ex1PhuJVsB1mouPlDb-Y_A,2022-12,
40.95721744869928,-74.02552658763454,ex1PhuJVsB1mouPlDb-Y_A,2022-12,
40.95706318920296,-74.02581796366461,I4SeCgOs1Yx0-cZomknh-g,2022-12,
40.95705875580521,-74.02621504123584,B9iVBtzFt3g5ugjLVmRhqQ,2022-12,
40.95705611234963,-74.02645934797802,nFdl3i8g5mcMeY2h6pY-BA,2022-12,
40.95705355625979,-74.02669155116011,A2VqM7f6ZvXOYfOFBMjxjw,2022-12,
40.95695860705671,-74.0268310522408,cQ7mzzVCA_Acanrhw44uqA,2022-12,
40.957181199999916,-74.0275415,None,None,ZERO_RESULTS
40.957181199999916,-74.0278838,None,None,ZERO_RESULTS
40.957181199999916,-74.0282261,None,None,ZERO_RESULTS
40.957181199999916,-74.0285684,None,None,ZERO_RESULTS
40.957181199999916,-74.0289107,None,None,ZERO_RESULTS
40.957181199999916,-74.029253,None,None,ZERO_RESULTS
40.957181199999916,-74.0295953,None,None,ZERO_RESULTS
40.957181199999916,-74.0299376,None,None,ZERO_RESULTS
40.95734628122452,-74.03097255611154,t51P-9iwFsa80t3uz5kqKg,2022-12,
40.95716666432136,-74.03098958992787,I6fZcGzhRiclbKPB7KmGVw,2022-12,
40.95716666432136,-74.03098958992787,I6fZcGzhRiclbKPB7KmGVw,2022-12,
40.95729695406803,-74.03132067322382,_OSn4beO7WAC2GB7G0OuLQ,2022-12,
40.95737055907582,-74.03157564193344,2pWQ9TuDU3hD1OGec6fPOA,2022-12,
40.95746170066571,-74.03189130419834,4MeDtW0qec9TS6ESlHCOjA,2022-12,
40.95752402091469,-74.03210745320649,8KHMXvW4qLYd4vQEUhiW6g,2022-12,
40.95765154557038,-74.0325489845323,StMO6NYeSXfX93N5qMvXiw,2022-12,
40.95684269435698,-74.03356230625923,UV0bzGTiA-_gJa6qT0zFYQ,2022-12,
40.95684269435698,-74.03356230625923,UV0bzGTiA-_gJa6qT0zFYQ,2022-12,
40.95690926184768,-74.03378777700594,NxnVZkRdI-UcWsIOjmKIgw,2022-12,
40.9570141154549,-74.0341265653514,hcnYnkRfoGk2m3NQjsTljg,2022-12,
40.95712342880901,-74.0344798763971,cQv_f0SBdAspAU6dUuWJdA,2022-12,
40.95713325379066,-74.03456091999539,qV87UIo-SPq_RNiaRqWAww,2022-12,
40.95699623857723,-74.03509469522176,-DByAEI0Fgxo6OCiGK9VGw,2022-12,
40.95708800295338,-74.03543975671016,0FkUpuX4jxeGyWucsdg2RQ,2022-12,
40.95717869433208,-74.03578096264843,6xLzffvYVkKK4L0In8fbww,2022-12,
40.95726710132229,-74.03611347199798,cjAhL6ahizExy8v9sCyQWg,2022-12,
40.95724183482906,-74.03647565461311,vP1PPKQWSvA67dD3xddOXw,2022-12,
40.95748668405882,-74.0255275738311,2VB7DMQvNGfccKf_VRWaaA,2022-12,
40.95748668405882,-74.0255275738311,2VB7DMQvNGfccKf_VRWaaA,2022-12,
40.95748668405882,-74.0255275738311,2VB7DMQvNGfccKf_VRWaaA,2022-12,
40.95705875580521,-74.02621504123584,B9iVBtzFt3g5ugjLVmRhqQ,2022-12,
40.95705611234963,-74.02645934797802,nFdl3i8g5mcMeY2h6pY-BA,2022-12,
40.95705355625979,-74.02669155116011,A2VqM7f6ZvXOYfOFBMjxjw,2022-12,
40.95745089999991,-74.0271992,None,None,ZERO_RESULTS
40.95745089999991,-74.0275415,None,None,ZERO_RESULTS
40.95745089999991,-74.0278838,None,None,ZERO_RESULTS
40.95745089999991,-74.0282261,None,None,ZERO_RESULTS
40.95745089999991,-74.0285684,None,None,ZERO_RESULTS
40.95745089999991,-74.0289107,None,None,ZERO_RESULTS
40.95745089999991,-74.029253,None,None,ZERO_RESULTS
40.95745089999991,-74.0295953,None,None,ZERO_RESULTS
40.95745089999991,-74.0299376,None,None,ZERO_RESULTS
40.95734628122452,-74.03097255611154,t51P-9iwFsa80t3uz5kqKg,2022-12,
40.95743635239644,-74.0309640392028,xEoVsejZkDvCx3ez-67pJA,2022-12,
40.95743635239644,-74.0309640392028,xEoVsejZkDvCx3ez-67pJA,2022-12,
40.95729695406803,-74.03132067322382,_OSn4beO7WAC2GB7G0OuLQ,2022-12,
40.95740037676416,-74.03167900995228,6SId1ST0WFA-ORvLwg89MA,2022-12,
40.95749284180111,-74.03199924425631,F-aADOx0q97vU46wVEliUQ,2022-12,
40.95758714700587,-74.03232611219818,neiq_9ZVWpbD4mloonqHeQ,2022-12,
40.95765154557038,-74.0325489845323,StMO6NYeSXfX93N5qMvXiw,2022-12,
40.95774849648645,-74.03289136111331,os4ZYUjBDGhNhVnbh8E7XQ,2022-12,
40.95784257768169,-74.0332331095243,m0Cr42V7ZmeYoVSuK5mt-w,2022-12,
40.95793636777128,-74.03357387116685,cx0pTlCu97TGwmuHW2jNAQ,2022-12,
40.95749472128185,-74.03448848279855,hDKxokeGDvkotzlJzNZQyg,2022-12,
40.95749472128185,-74.03448848279855,hDKxokeGDvkotzlJzNZQyg,2022-12,
40.95740420439027,-74.03450659210034,Nk2RhL5aV88lcyDhYDS4xA,2022-12,
40.95776893573243,-74.03496380657455,M7bQFn5uuumCKN6HFBqQ3A,2022-12,
40.957118376381,-74.03555397022164,STOJ9yHQ6VyHWPaNwv_NMA,2022-12,
40.95720857538178,-74.03589329331871,RlzJ31KGwFl0oVvmofKDJQ,2022-12,
40.95729598534296,-74.03622194755653,hDIUb6_iKCVbqdHjmaoNgA,2022-12,
40.95743163459237,-74.03646471742543,5HVIvV8SE_MdlyeuR6YWjQ,2022-12,
40.95767376959025,-74.02552829106494,VqI06eQIZEQgBawibqiBlA,2022-12,
40.95767376959025,-74.02552829106494,VqI06eQIZEQgBawibqiBlA,2022-12,
40.95767376959025,-74.02552829106494,VqI06eQIZEQgBawibqiBlA,2022-12,
40.95757883710473,-74.02552793244801,StO8juKfKlqdy9VZgIih_w,2022-12,
40.95772059999991,-74.0265146,None,None,ZERO_RESULTS
40.95772059999991,-74.0268569,None,None,ZERO_RESULTS
40.95772059999991,-74.0271992,None,None,ZERO_RESULTS
40.95772059999991,-74.0275415,None,None,ZERO_RESULTS
40.95772059999991,-74.0278838,None,None,ZERO_RESULTS
40.95772059999991,-74.0282261,None,None,ZERO_RESULTS
40.95772059999991,-74.0285684,None,None,ZERO_RESULTS
40.95772059999991,-74.0289107,None,None,ZERO_RESULTS
40.95772059999991,-74.029253,None,None,ZERO_RESULTS
40.95772059999991,-74.0295953,None,None,ZERO_RESULTS
40.95772059999991,-74.0299376,None,None,ZERO_RESULTS
40.95779712143553,-74.03093499205855,7V5mnqxj8XBogrPd6b-DXw,2022-12,
40.95770615667603,-74.03094090906978,oIMMcFN7SBLHowFZY73keg,2022-12,
40.95770615667603,-74.03094090906978,oIMMcFN7SBLHowFZY73keg,2022-12,
40.95770930058706,-74.03136827816704,QxlF8ZxYjf1WjHZ8rKcVHw,2018-07,
40.95776891192618,-74.03144968169588,ri6CkTc6knN5ZJCiUZxofw,2018-07,
40.95752402091469,-74.03210745320649,8KHMXvW4qLYd4vQEUhiW6g,2022-12,
40.95761906964702,-74.032436920841,3HXJKyccnvTlJThESSVJZw,2022-12,
40.95768533766203,-74.0326618550155,OVxHfB7GYSv2Mv-fJthe1Q,2022-12,
40.95777991168681,-74.03300548650348,ubMOLFyDZKblFh9R663U-w,2022-12,
40.95787387926867,-74.03334696575793,qoqfXBMdX7-ekknYMEq4jQ,2022-12,
40.95793636777128,-74.03357387116685,cx0pTlCu97TGwmuHW2jNAQ,2022-12,
40.95776155077668,-74.03443424453287,Xq6KJ8LCeKyfyM7KhxyUWA,2022-12,
40.95776155077668,-74.03443424453287,Xq6KJ8LCeKyfyM7KhxyUWA,2022-12,
40.95769916644954,-74.03470669080542,s7q35C9YTf6t7M58-gG3dQ,2022-12,
40.95779878797849,-74.0350738068341,0cdPO6WJcyHT0kQXUMgovg,2022-12,
40.95786020721017,-74.0353000826367,5PcOQihZzu4iz1yi2utVFA,2022-12,
40.95795340740857,-74.03564361971165,7l5ckEvkgrsMNcikgGAKTw,2022-12,
40.95771234660506,-74.03648461952058,pP_tdzrBVivhVtp6p8_MzQ,2022-12,
40.95771234660506,-74.03648461952058,pP_tdzrBVivhVtp6p8_MzQ,2022-12,
40.95777284643575,-74.0255287393361,QxIP_awemJ4DrDcqBnnb3Q,2022-12,
40.95777284643575,-74.0255287393361,QxIP_awemJ4DrDcqBnnb3Q,2022-12,
40.95777284643575,-74.0255287393361,QxIP_awemJ4DrDcqBnnb3Q,2022-12,
40.957990299999906,-74.0261723,None,None,ZERO_RESULTS
40.957990299999906,-74.0265146,None,None,ZERO_RESULTS
40.957990299999906,-74.0268569,None,None,ZERO_RESULTS
40.957990299999906,-74.0271992,None,None,ZERO_RESULTS
40.957990299999906,-74.0275415,None,None,ZERO_RESULTS
40.957990299999906,-74.0278838,None,None,ZERO_RESULTS
40.957990299999906,-74.0282261,None,None,ZERO_RESULTS
40.957990299999906,-74.0285684,None,None,ZERO_RESULTS
40.957990299999906,-74.0289107,None,None,ZERO_RESULTS
40.957990299999906,-74.029253,None,None,ZERO_RESULTS
40.957990299999906,-74.0295953,None,None,ZERO_RESULTS
40.957990299999906,-74.0299376,None,None,ZERO_RESULTS
40.957990299999906,-74.0302799,None,None,ZERO_RESULTS
40.9579809159323,-74.03092306838386,hfsEkEwjFj69GQOiwdRxAg,2022-12,
40.9579809159323,-74.03092306838386,hfsEkEwjFj69GQOiwdRxAg,2022-12,
40.95794931131172,-74.03147424619003,CZrBiQM_8wvO0ng5WX8Meg,2018-07,
40.95794931131172,-74.03147424619003,CZrBiQM_8wvO0ng5WX8Meg,2018-07,
40.95804151093201,-74.03147863911018,T4rUX9ePk-FSbJ7hat4wsA,2018-07,
40.95833679216344,-74.03246274032132,IBwgXdxYIJCU9KNso0ju7A,2019-07,
40.95771699226649,-74.032776608099,uOnbNraLp-AaVktsb3yXbQ,2022-12,
40.95781128866155,-74.03311934287325,u1ja2LOOCZyfpVxkSAaY-A,2022-12,
40.95790525585011,-74.03346082192344,h_fFotQ1pBxwtXfiEc6e7A,2022-12,
40.95796760547855,-74.03368727894467,mJVKyGHYuwQXHrbxSm7R0Q,2022-12,
40.95806363929183,-74.03403646689553,j6ZuABcBjha6EGIx5Ajyhg,2022-12,
40.9580367379687,-74.03437749604994,B-TXfUGa8aUB9vVo4yVwLA,2022-12,
40.95794286886177,-74.03439686046308,x_t-l7YLOYZArKxvhQz77A,2022-12,
40.9578293712233,-74.03518631722125,krW5RYUqyUSQrktUW2TmeQ,2022-12,
40.9578911689759,-74.03541420658243,27574BVkEXYPHf6kgBMj2w,2022-12,
40.95798435608263,-74.03575765380192,WT00TNKzAwj0wNu93TskmA,2022-12,
40.95807984954794,-74.0361094377818,B0K4OwNh84aNB6NkM5T85w,2022-12,
40.95797309960259,-74.03640814884629,NYr3gbXiymVpWK45ZJ1FFw,2022-12,
40.9582599999999,-74.0251454,None,None,ZERO_RESULTS
40.95777284643575,-74.0255287393361,QxIP_awemJ4DrDcqBnnb3Q,2022-12,
40.9582599999999,-74.02583,None,None,ZERO_RESULTS
40.9582599999999,-74.0261723,None,None,ZERO_RESULTS
40.9582599999999,-74.0265146,None,None,ZERO_RESULTS
40.9582599999999,-74.0268569,None,None,ZERO_RESULTS
40.9582599999999,-74.0271992,None,None,ZERO_RESULTS
40.9582599999999,-74.0275415,None,None,ZERO_RESULTS
40.9582599999999,-74.0278838,None,None,ZERO_RESULTS
40.9582599999999,-74.0282261,None,None,ZERO_RESULTS
40.9582599999999,-74.0285684,None,None,ZERO_RESULTS
40.9582599999999,-74.0289107,None,None,ZERO_RESULTS
40.9582599999999,-74.029253,None,None,ZERO_RESULTS
40.9582599999999,-74.0295953,None,None,ZERO_RESULTS
40.9582599999999,-74.0299376,None,None,ZERO_RESULTS
40.9582599999999,-74.0302799,None,None,ZERO_RESULTS
40.9582518054646,-74.03090549665137,CeY2MU_P6umyJ-jdwQcZVg,2022-12,
40.9582518054646,-74.03090549665137,CeY2MU_P6umyJ-jdwQcZVg,2022-12,
40.95822508179245,-74.03146779128676,AO-5xamRU45KEJq9A9yz4g,2018-07,
40.95822508179245,-74.03146779128676,AO-5xamRU45KEJq9A9yz4g,2018-07,
40.95833679216344,-74.03246274032132,IBwgXdxYIJCU9KNso0ju7A,2019-07,
40.95833679216344,-74.03246274032132,IBwgXdxYIJCU9KNso0ju7A,2019-07,
40.95833679216344,-74.03246274032132,IBwgXdxYIJCU9KNso0ju7A,2019-07,
40.95833679216344,-74.03246274032132,IBwgXdxYIJCU9KNso0ju7A,2019-07,
40.95793636777128,-74.03357387116685,cx0pTlCu97TGwmuHW2jNAQ,2022-12,
40.95799860392317,-74.03380005910257,kBHt88zBhzUI9Ki7lgEv7g,2022-12,
40.95809442254512,-74.0341482606946,OVxcyvYRfPzfP_oprTUPGw,2022-12,
40.95830496137526,-74.03432675410613,zP9dGRWL1gq_tfhucgN4tA,2022-12,
40.95842067812963,-74.03461973037253,Nww3_j5NydnQrsu-B2O0PQ,2022-12,
40.95848234668818,-74.0348578404942,byPolLe2lfTPHuNiZLM5Ig,2022-12,
40.95859750657156,-74.03530232387745,mOx0vQGwCNQJpAUGDbHvrg,2018-07,
40.95801569504458,-74.03587285326553,N2I-r-AD0p80poWrQOIujA,2022-12,
40.95833140694494,-74.03623754651606,x011QXZjxSNlZ_1BaN6EMw,2022-12,
40.95819614419747,-74.03654127772603,xhbLOO73Li3dQktGomsZ4w,2022-12,
40.9585296999999,-74.0251454,None,None,ZERO_RESULTS
40.9585296999999,-74.0254877,None,None,ZERO_RESULTS
40.9585296999999,-74.02583,None,None,ZERO_RESULTS
40.9585296999999,-74.0261723,None,None,ZERO_RESULTS
40.9585296999999,-74.0265146,None,None,ZERO_RESULTS
40.9585296999999,-74.0268569,None,None,ZERO_RESULTS
40.9585296999999,-74.0271992,None,None,ZERO_RESULTS
40.9585296999999,-74.0275415,None,None,ZERO_RESULTS
40.9585296999999,-74.0278838,None,None,ZERO_RESULTS
40.9585296999999,-74.0282261,None,None,ZERO_RESULTS
40.9585296999999,-74.0285684,None,None,ZERO_RESULTS
40.9585296999999,-74.0289107,None,None,ZERO_RESULTS
40.9585296999999,-74.029253,None,None,ZERO_RESULTS
40.9585296999999,-74.0295953,None,None,ZERO_RESULTS
40.9585296999999,-74.0299376,None,None,ZERO_RESULTS
40.9585296999999,-74.0302799,None,None,ZERO_RESULTS
40.95852731328167,-74.03088765596212,4vRUzh7RU9q7ZaXgwWW6vQ,2022-12,
40.95854377793647,-74.03091266878728,9151-X-7WYYR3z-wYb4XTA,2012-09,
40.95857716432702,-74.03141722787026,Vo097-byvHIWKeTCLw7GkQ,2018-07,
40.95849654901836,-74.03143255826924,mWLNQz8nzBay0ZZyiKOD7A,2018-07,
40.95879701884709,-74.03187149127407,6g-R71SBOGON4yBhnmciRA,2019-07,
40.95852723332886,-74.03241235647104,WWfWU2XsVIFTH80wzKPlqg,2019-07,
40.95852723332886,-74.03241235647104,WWfWU2XsVIFTH80wzKPlqg,2019-07,
40.95843447818328,-74.032436920841,QAkYexry0XWihdfFw0GydQ,2019-07,
40.95796760547855,-74.03368727894467,mJVKyGHYuwQXHrbxSm7R0Q,2022-12,
40.95860882541969,-74.03426722643752,UOfdgbAbHYeh9IUmeFZ1dA,2022-12,
40.95851873581077,-74.03428515646014,Sfkg0iloCowTiVY0uhyOkw,2022-12,
40.95851873581077,-74.03428515646014,Sfkg0iloCowTiVY0uhyOkw,2022-12,
40.95845218118039,-74.03474138531756,1LPuZtUNXoEM5FyisfBFbw,2022-12,
40.95853951053348,-74.03507846862038,xjRIhBPSwWDCg_WIc4CM-g,2018-07,
40.95862700273929,-74.03541617887312,u9sZRCX4AdJrJEremQdLCw,2018-07,
40.95868579260085,-74.03564299216536,HsH_J0j0Wq_lpqTR9kjOtQ,2018-07,
40.95850624615294,-74.0361522901182,cgEKrdUXr7CN9Glm7dEs7Q,2022-12,
40.95842065929651,-74.03619406665442,AW1KEKsESDB1lebrUpkCYQ,2022-12,
40.9587993999999,-74.0251454,None,None,ZERO_RESULTS
40.9587993999999,-74.0254877,None,None,ZERO_RESULTS
40.9587993999999,-74.02583,None,None,ZERO_RESULTS
40.9587993999999,-74.0261723,None,None,ZERO_RESULTS
40.9587993999999,-74.0265146,None,None,ZERO_RESULTS
40.9587993999999,-74.0268569,None,None,ZERO_RESULTS
40.9587993999999,-74.0271992,None,None,ZERO_RESULTS
40.9587993999999,-74.0275415,None,None,ZERO_RESULTS
40.9587993999999,-74.0278838,None,None,ZERO_RESULTS
40.9587993999999,-74.0282261,None,None,ZERO_RESULTS
40.9587993999999,-74.0285684,None,None,ZERO_RESULTS
40.9587993999999,-74.0289107,None,None,ZERO_RESULTS
40.9587993999999,-74.029253,None,None,ZERO_RESULTS
40.95914838020456,-74.02991789095775,ypSxa9gGGoplopayhP0PHA,2018-07,
40.95914838020456,-74.02991789095775,ypSxa9gGGoplopayhP0PHA,2018-07,
40.95915009223769,-74.03028367144142,5rkW1eJ9tl4oXqdwRTftQw,2018-07,
40.95884782960632,-74.03084390592315,dfiF2OL_Y7QV_HIFzmRa2g,2022-12,
40.95878383991036,-74.0309018209316,MiYCv5SivDqt9-PfXwXiKA,2021-09,
40.95866053976347,-74.03135456148972,pIhWreyZZU0HmANz6KsA6g,2019-07,
40.95873674040741,-74.03164323906573,WpKTLHnAd2ktC3BrOVM8sw,2019-07,
40.95883202759297,-74.03200408542027,DDNSG9wuB0Vowl10BATwAw,2019-07,
40.95879698106045,-74.03233104300485,i1axVubhrXQ8YpaMR-DSDA,2019-07,
40.95870876365844,-74.03236430353381,QuUjcWFJUDbRBgUjACAQ8A,2019-07,
40.95852723332886,-74.03241235647104,WWfWU2XsVIFTH80wzKPlqg,2019-07,
40.9587918705464,-74.03423091813653,r4xX7bjNnUgotdTb_mSPZQ,2022-12,
40.95888283578483,-74.0342128088085,-3N2TFgXuB4IAEA7J3eA4g,2022-12,
40.9587918705464,-74.03423091813653,r4xX7bjNnUgotdTb_mSPZQ,2022-12,
40.9587918705464,-74.03423091813653,r4xX7bjNnUgotdTb_mSPZQ,2022-12,
40.95848234668818,-74.0348578404942,byPolLe2lfTPHuNiZLM5Ig,2022-12,
40.95856804836173,-74.03518873776271,a5bERQpFlh1exBEo5su4CQ,2018-07,
40.9586563347806,-74.035529406254,6ybO5bzqMj6jHM62JIne1Q,2018-07,
40.95873947274483,-74.03585017197588,Cy7wrDudtmpOqTONdLsqqA,2022-12,
40.95880153727564,-74.03608738406517,gzh9wv17K9DFoJ2hD1VqHA,2022-12,
40.95889270075157,-74.03642823024556,jHHbZx1MhioDL_MAjgyhng,2022-12,
