46.72618827850967,-117.1683106345139,qNGU7sn-1YBAmoWCj4ZcCQ,2022-09,
46.7258633565208,-117.168727633004,BMiQMkpVnbPgYansaAawrQ,2022-09,
46.72593423710727,-117.1688178744902,aVTzi_Ap2epwoQuJxnhObg,2022-09,
46.72607824845543,-117.1689883335278,HEx-x_8tbycFw3J8_DYC2w,2022-09,
46.72583876151463,-117.1697439547679,59Enw2isszRKii7agYFvKA,2013-09,
46.72596045362514,-117.1699367105006,hnP8S_6KHevgW8yldr9Tig,2013-09,
46.72607185691614,-117.1701367528312,lCxhjJPSGI6bJS1CHCxHoQ,2013-09,
46.72617907481022,-117.1703391761903,gLF7DDoIRQFNVR9mfekgIA,2013-09,
46.72621067431127,-117.1710811903584,ObSYD5L94xbtIqwXu7KCMg,2023-07,
46.72608823577244,-117.1714412646096,Ar9Oq9Bhjo_e8oc6hZUrdQ,2023-07,
46.72600851069534,-117.1716758564433,7MMqeGR8LLxcEuzgsIAqIA,2023-07,
46.72593545845839,-117.1719287509834,tBDzsPQ8vJD-g09RZLtwVQ,2023-07,
46.72594769335037,-117.1723245065767,ee2FqX3svxrbWazbRgt10w,2023-07,
46.72595906979488,-117.1726929032371,m1IWi8F47On-baKIS3pCMQ,2023-07,
46.72596717354272,-117.1729549757723,7fa7fOeABRbMjKIVYz0f1A,2023-07,
46.72597990361266,-117.1733481638437,wdvW9WgOG4JrCsHBuhTUmg,2023-07,
46.72598997515841,-117.1736165057105,NBp1Rfr2GjvKSvg1kTB1rw,2023-07,
46.72600520318357,-117.1740231945182,5zUbOjv0m0kLgIiiyf7uqQ,2023-07,
46.72601557545142,-117.1743005903563,jnO6J9f8gevlAJwcKz1WSg,2023-07,
46.72596233897425,-117.1746268351678,3D1QnEZNdDFGOp3-1zjiwA,2023-07,
46.72604553430133,-117.1750423856121,dtNhRFxkRKYrCdKgbGbqnQ,2023-07,
46.72605735266409,-117.1753190894523,RltVrl0y3uYqBtImjfx6Ig,2023-07,
46.72607009856891,-117.1757174545441,4QaWtepacfM35uP9XqIGKQ,2023-07,
46.72594890481227,-117.1761541531773,Vo6PBHtVEbSkLYI813IAZg,2023-07,
46.7260909343863,-117.1764365174875,1lbTq3eXlfmOwvX0wgyGLg,2023-07,
46.72610194896235,-117.1767045608188,FIOq2QbRFQyQyG0OQExCXQ,2023-07,
46.72611946618693,-117.1771063027494,ByYS-qfbCrPGKndoFI5FIw,2023-07,
46.72613043098635,-117.1773686423192,5CNsvGRqoCe7bpw9rvaFug,2023-07,
46.72614698013177,-117.1777583383669,DJr-gElHrsTFpLc3DWHlPA,2023-07,
46.72589307570868,-117.1781845018673,s_J_FDinwdydGVd2zUroag,2023-07,
46.72589307570868,-117.1781845018673,s_J_FDinwdydGVd2zUroag,2023-07,
46.72618961848674,-117.1788136623241,SXEDomSaFqYtdeGy4kxpCA,2023-07,
46.72620003990893,-117.1790768661923,cO7sb4oKDn4uIzzD_IUwug,2023-07,
46.72621384332853,-117.1794192705678,yHv0CHhQ67hUmxGDo2q9Yg,2023-07,
46.72625080945671,-117.1682147886419,aKr6QKdik9t5rd7KM04x1Q,2022-09,
46.7262578067584,-117.16850976315,SV9RxujPE57IXuOT_RYnaA,2022-09,
46.72607824845543,-117.1689883335278,HEx-x_8tbycFw3J8_DYC2w,2022-09,
46.72621768036756,-117.1691596113816,8pqf0gRUKjTp90ra-PIwKA,2022-09,
46.72636634198919,-117.1693175032775,Bo0XUAFpsjiy7AK1nosuaQ,2022-09,
46.72607185691614,-117.1701367528312,lCxhjJPSGI6bJS1CHCxHoQ,2013-09,
46.72617907481022,-117.1703391761903,gLF7DDoIRQFNVR9mfekgIA,2013-09,
46.72625542804056,-117.1704846661793,5DiUgE3nKIKRrbpk-YS3AA,2013-09,
46.7262679351641,-117.1709125707796,J1dJ3ER0DH5TMtwWPRDNnw,2023-07,
46.72617084590229,-117.1711982000972,IJ1Ypj_VWlpMZHAkIqeqPA,2023-07,
46.7260484070047,-117.1715582739248,7YamvIH2MkAzt9LRicvRYA,2023-07,
46.72596725732405,-117.1717971847261,V4_Tp00TdsdOcokmYmkmMA,2023-07,
46.72594769335037,-117.1723245065767,ee2FqX3svxrbWazbRgt10w,2023-07,
46.72595906979488,-117.1726929032371,m1IWi8F47On-baKIS3pCMQ,2023-07,
46.72596717354272,-117.1729549757723,7fa7fOeABRbMjKIVYz0f1A,2023-07,
46.72597990361266,-117.1733481638437,wdvW9WgOG4JrCsHBuhTUmg,2023-07,
46.72598997515841,-117.1736165057105,NBp1Rfr2GjvKSvg1kTB1rw,2023-07,
46.72600520318357,-117.1740231945182,5zUbOjv0m0kLgIiiyf7uqQ,2023-07,
46.72625234212207,-117.1745952890942,0nes6JsCR73F75lpxgYIIQ,2023-07,
46.72617058009101,-117.1746048973283,TnKzgvGbmJQKSggqLpShLA,2023-07,
46.72604553430133,-117.1750423856121,dtNhRFxkRKYrCdKgbGbqnQ,2023-07,
46.72617481092239,-117.1753050664543,leovjsIhianuFriTbkCCUA,2023-07,
46.72607009856891,-117.1757174545441,4QaWtepacfM35uP9XqIGKQ,2023-07,
46.72608265672255,-117.1761081739078,ijqXAXTiqKfSH9Ee-8566g,2023-07,
46.72619292571797,-117.1764592919249,qloHv87ddZlhX1yd3gbqPg,2021-10,
46.72610194896235,-117.1767045608188,FIOq2QbRFQyQyG0OQExCXQ,2023-07,
46.72611946618693,-117.1771063027494,ByYS-qfbCrPGKndoFI5FIw,2023-07,
46.72613596135687,-117.1774983836423,vggaM0MZz_U1P4XbGgr4eQ,2023-07,
46.72614698013177,-117.1777583383669,DJr-gElHrsTFpLc3DWHlPA,2023-07,
46.72616548938716,-117.1781571244608,cSgID25nkWm3sG0a9J3IiA,2023-07,
46.72617360105865,-117.1784017508059,vaHwiulFgpHS5XWQ3fIj3w,2023-07,
46.72618961848674,-117.1788136623241,SXEDomSaFqYtdeGy4kxpCA,2023-07,
46.72620003990893,-117.1790768661923,cO7sb4oKDn4uIzzD_IUwug,2023-07,
46.72621384332853,-117.1794192705678,yHv0CHhQ67hUmxGDo2q9Yg,2023-07,
46.72644394510149,-117.1682452775463,iDLToq1wphGJUrLNzih4tQ,2022-09,
46.72640742618569,-117.1685038587428,-tsE0ixFIa-eSYCJDqigGA,2022-09,
46.72633873178152,-117.1685843699775,ZrwF1n3IdkkHPR7LcfSGyg,2022-09,
46.72644249999454,-117.1693942798941,kllIpp84V_bSSX0-I2msbg,2022-09,
46.72651825012611,-117.1694714085288,qXACfOjTBILU__ZH5uB2xQ,2022-09,
46.72659366883804,-117.1695470397982,q0YWQjwYFmVrHsAwogUz_g,2022-09,
46.72625542804056,-117.1704846661793,5DiUgE3nKIKRrbpk-YS3AA,2013-09,
46.7263852163415,-117.1706951371718,-VsDslq1bBHLGfVZ-eYLAw,2023-07,
46.72655583627234,-117.1708346189073,7DGtPqnFu5m1lMnyLgYo9w,2023-07,
46.72621067431127,-117.1710811903584,ObSYD5L94xbtIqwXu7KCMg,2023-07,
46.72612989047276,-117.1713186780448,PgSe4j_IsTDvg67aDul4rw,2023-07,
46.72647119999999,-117.1719553,None,None,ZERO_RESULTS
46.72595906979488,-117.1726929032371,m1IWi8F47On-baKIS3pCMQ,2023-07,
46.72595906979488,-117.1726929032371,m1IWi8F47On-baKIS3pCMQ,2023-07,
46.72595906979488,-117.1726929032371,m1IWi8F47On-baKIS3pCMQ,2023-07,
46.72595906979488,-117.1726929032371,m1IWi8F47On-baKIS3pCMQ,2023-07,
46.72686165523388,-117.1737181741524,Xn9qp9gh834ifmUuicVBGg,2013-09,
46.72651589067819,-117.1745640380448,O_qDWaDicOiW_0GBb8yEHw,2023-07,
46.72651589067819,-117.1745640380448,O_qDWaDicOiW_0GBb8yEHw,2023-07,
46.72642435094782,-117.1745749015154,xmBhhbLACbGKlVzVc5FDTA,2023-07,
46.72646107949696,-117.1752750807635,HHrsaEYVM_zhuN4QrSJEbg,2023-07,
46.72646107949696,-117.1752750807635,HHrsaEYVM_zhuN4QrSJEbg,2023-07,
46.72646107949696,-117.1752750807635,HHrsaEYVM_zhuN4QrSJEbg,2023-07,
46.72648643661352,-117.1764264798379,855MpdAey9RU_i7ahA5PPA,2021-10,
46.72648643661352,-117.1764264798379,855MpdAey9RU_i7ahA5PPA,2021-10,
46.72648643661352,-117.1764264798379,855MpdAey9RU_i7ahA5PPA,2021-10,
46.72611946618693,-117.1771063027494,ByYS-qfbCrPGKndoFI5FIw,2023-07,
46.72613596135687,-117.1774983836423,vggaM0MZz_U1P4XbGgr4eQ,2023-07,
46.72652373627788,-117.1781216313734,gixjg5PzRsrKbWQb1PKV5g,2023-07,
46.7264333725769,-117.1781309976205,hNKl6rR-rFmNuH5AnsF5SA,2023-07,
46.7264333725769,-117.1781309976205,hNKl6rR-rFmNuH5AnsF5SA,2023-07,
46.72648764583281,-117.1791886649218,WXbk1BffiEQqNiCOu2gykg,2023-07,
46.72648764583281,-117.1791886649218,WXbk1BffiEQqNiCOu2gykg,2023-07,
46.72648764583281,-117.1791886649218,WXbk1BffiEQqNiCOu2gykg,2023-07,
46.72669462514565,-117.1682778725316,uPu_t-0sV9ySbPTlLMKSqg,2023-07,
46.72682965516189,-117.16847006901,qZcx1RG8R3m9BqlzuolTVQ,2023-07,
46.72689835846743,-117.1685638551595,SuXrr5vtLoptz-V0Rhv7lQ,2023-07,
46.72659366883804,-117.1695470397982,q0YWQjwYFmVrHsAwogUz_g,2022-09,
46.7266700348258,-117.1696177329068,AJWVU2N68GGpCTWYXV6ttQ,2022-09,
46.72682685509225,-117.1697400592881,BxP1TF-SUJ7qcqi6Gs-lng,2022-09,
46.72690368910885,-117.1697983807652,ip1nWuiexIxxr9PjuQkcGA,2022-09,
46.72663961748719,-117.170899317355,lO1Ub4Z-CprV1ukKoYY8VA,2023-07,
46.72672843332478,-117.1709437433372,j6udYQwQIQUNDKy26sJWTw,2023-07,
46.72681469860365,-117.17098696017,AF7-MCSZQfxWtQb_eTDv0w,2023-07,
46.72690111585398,-117.171030204805,q6gXyGljhDykfs7H5x811w,2023-07,
46.72674089999999,-117.1719553,None,None,ZERO_RESULTS
46.72674089999999,-117.1722976,None,None,ZERO_RESULTS
46.72595906979488,-117.1726929032371,m1IWi8F47On-baKIS3pCMQ,2023-07,
46.72595906979488,-117.1726929032371,m1IWi8F47On-baKIS3pCMQ,2023-07,
46.72686165523388,-117.1737181741524,Xn9qp9gh834ifmUuicVBGg,2013-09,
46.72686165523388,-117.1737181741524,Xn9qp9gh834ifmUuicVBGg,2013-09,
46.72687469446686,-117.1740214554974,vqyMXnGfmSm9ONlZFTE-4Q,2013-09,
46.72670566525294,-117.1745416127619,r9TJIiRGE-JR2j12adOXfw,2023-07,
46.72670566525294,-117.1745416127619,r9TJIiRGE-JR2j12adOXfw,2023-07,
46.72672422465467,-117.175247273846,TVF-qPWYuvN6x172NFAl9w,2023-07,
46.72672422465467,-117.175247273846,TVF-qPWYuvN6x172NFAl9w,2023-07,
46.72695694705406,-117.1756539048418,VzM0sc5orFaBTjTQwO7T9w,2023-07,
46.72676749719368,-117.1763951269237,2xtabwEvzOlDkiZ1YSHKzg,2021-10,
46.72676749719368,-117.1763951269237,2xtabwEvzOlDkiZ1YSHKzg,2021-10,
46.72676749719368,-117.1763951269237,2xtabwEvzOlDkiZ1YSHKzg,2021-10,
46.72702466416361,-117.1770530445921,ZX-yEZtMOJbhQ-O2qlToyg,2023-07,
46.7270419266373,-117.17744772275,YLiT4cVaItd8JMVIQjFl0Q,2023-07,
46.72679663814075,-117.1780920516364,ZQevcY94Gv72r-SMuAOS9g,2023-07,
46.72670570338754,-117.1781014738905,ohqRZFBJt12GKkQA3bP2VQ,2023-07,
46.72670570338754,-117.1781014738905,ohqRZFBJt12GKkQA3bP2VQ,2023-07,
46.7267613941951,-117.1791523781695,G5_cwb-WLuH4w5L9wGzTtw,2023-07,
46.7267613941951,-117.1791523781695,G5_cwb-WLuH4w5L9wGzTtw,2023-07,
46.7267613941951,-117.1791523781695,G5_cwb-WLuH4w5L9wGzTtw,2023-07,
46.72682965516189,-117.16847006901,qZcx1RG8R3m9BqlzuolTVQ,2023-07,
46.72696003671771,-117.1686531166951,959s6LK4gfMk5mg52gZ5JA,2023-07,
46.72707648833507,-117.1688316094729,m73DxlFMs_Qpz8ONMf3z0w,2023-07,
46.72719955661718,-117.1690239773019,Kxb4NfxmKVjSmt4Pg0YYAw,2023-07,
46.72690368910885,-117.1697983807652,ip1nWuiexIxxr9PjuQkcGA,2022-09,
46.72698309546481,-117.1698584480289,22Jj6xQXFicfy5j4sfutzQ,2022-09,
46.72706637270304,-117.1699158123758,_7uT3l4l17F7WboPVBor1g,2022-09,
46.72690111585398,-117.171030204805,q6gXyGljhDykfs7H5x811w,2023-07,
46.7269882403165,-117.1710737912029,a3LhN9B6kgF2kV3rBxBmrA,2023-07,
46.72707521307071,-117.1711173501615,gBNkmlWNGBDS6w24sdliPQ,2023-07,
46.72716163071591,-117.1711605953403,_D84FWlRdloP-7eGaeZcfQ,2023-07,
46.727010599999986,-117.1719553,None,None,ZERO_RESULTS
46.727010599999986,-117.1722976,None,None,ZERO_RESULTS
46.727010599999986,-117.1726399,None,None,ZERO_RESULTS
46.727010599999986,-117.17298219999999,None,None,ZERO_RESULTS
46.72686165523388,-117.1737181741524,Xn9qp9gh834ifmUuicVBGg,2013-09,
46.72686165523388,-117.1737181741524,Xn9qp9gh834ifmUuicVBGg,2013-09,
46.72687469446686,-117.1740214554974,vqyMXnGfmSm9ONlZFTE-4Q,2013-09,
46.72701854824661,-117.174509170764,QNdnZqKn_CMDFNdZ8U9OpQ,2023-07,
46.72690356006053,-117.1746577571157,hn28Gh3FohYoYs-KNTZlsg,2023-07,
46.7269253642899,-117.1750601724973,siIW5Ron-E52h5-uH2XnIA,2023-07,
46.72694336548776,-117.1753971042739,_BLt5LYhZ_7l_f3JAwp7fg,2023-07,
46.7269640768566,-117.1757888890644,0iLvWzDdzEDL1pqj1B0cVg,2023-07,
46.72697810096879,-117.1760545027936,i5K7a7rZ49vGyRyIVztJEQ,2023-07,
46.72699612332855,-117.1764003334876,gVod9ppf4nW7W7C0px7uGw,2023-07,
46.72701294670434,-117.1767877413227,24BIe8eyn4-i92YgwvFI-Q,2023-07,
46.72702466416361,-117.1770530445921,ZX-yEZtMOJbhQ-O2qlToyg,2023-07,
46.7270419266373,-117.17744772275,YLiT4cVaItd8JMVIQjFl0Q,2023-07,
46.72705332153144,-117.1777117979218,5nsy9BsQJR4C1BndW8RdtA,2023-07,
46.72697778578711,-117.1780732351284,LomLAQlsT96geRCdpsgLSA,2023-07,
46.72697778578711,-117.1780732351284,LomLAQlsT96geRCdpsgLSA,2023-07,
46.72697954709495,-117.1791234283229,6aK9aysV7VZbtxG6jNtc5Q,2023-07,
46.72697954709495,-117.1791234283229,6aK9aysV7VZbtxG6jNtc5Q,2023-07,
46.72715406750797,-117.1795149714514,Z-fljkhC06aGL2oi-Q654w,2023-07,
46.72735963294396,-117.1680385980039,UE-gsT7wMDIu6i7yFXb5Xw,2023-07,
46.72751936858734,-117.1683601834827,1ZDYnoToNu114o6AdIsdGQ,2023-07,
46.72719955661718,-117.1690239773019,Kxb4NfxmKVjSmt4Pg0YYAw,2023-07,
46.72732065494079,-117.1692243465776,ZUT-eHaMwN56y69OZqHp-w,2023-07,
46.72743235475419,-117.1694279058719,ADcCKc_B_Tpb-4uaYVyXAw,2023-07,
46.72723607529726,-117.1700225962838,_54Egfk4IQuDdFbvhyO9BA,2022-09,
46.72731817885111,-117.1700739980936,t8NQrSewzYL8DGgWWS-gmw,2022-09,
46.72739898334289,-117.1701245781865,rqkjtjkJz0GxFDDI5yf3ZA,2022-09,
46.72724813066413,-117.1711976267451,LLiPDpB4KQ6Fz2Bp1ZDu0g,2023-07,
46.72724813066413,-117.1711976267451,LLiPDpB4KQ6Fz2Bp1ZDu0g,2023-07,
46.72733574861171,-117.171232465925,3ljGxPb1NP_xN6yq1_AsSQ,2023-07,
46.72728029999998,-117.1719553,None,None,ZERO_RESULTS
46.72595507848116,-117.1725648861746,Dzc8VFNyr73Q5gjuDy1axA,2023-07,
46.72595507848116,-117.1725648861746,Dzc8VFNyr73Q5gjuDy1axA,2023-07,
46.72595507848116,-117.1725648861746,Dzc8VFNyr73Q5gjuDy1axA,2023-07,
46.72728029999998,-117.17332449999999,None,None,ZERO_RESULTS
46.72686165523388,-117.1737181741524,Xn9qp9gh834ifmUuicVBGg,2013-09,
46.72729978855375,-117.1744867276054,XkGILVGaOPr5NORXW77Xag,2023-07,
46.72729978855375,-117.1744867276054,XkGILVGaOPr5NORXW77Xag,2023-07,
46.72729978855375,-117.1744867276054,XkGILVGaOPr5NORXW77Xag,2023-07,
46.72730116859125,-117.1751834683089,2Ze2vBPHAgPbQuHJGy7TMg,2021-10,
46.72730116859125,-117.1751834683089,2Ze2vBPHAgPbQuHJGy7TMg,2021-10,
46.7269640768566,-117.1757888890644,0iLvWzDdzEDL1pqj1B0cVg,2023-07,
46.72731846854568,-117.1763331570589,i9jCbLIBmkYCF_1Y1ZwuOw,2021-10,
46.72731846854568,-117.1763331570589,i9jCbLIBmkYCF_1Y1ZwuOw,2021-10,
46.72751121781256,-117.176772989192,uEzofc5AzSS37lGJ7hliyQ,2023-07,
46.72752016084425,-117.1770382696734,3hd8Wes3yMhaGacGCikktQ,2023-07,
46.7270419266373,-117.17744772275,YLiT4cVaItd8JMVIQjFl0Q,2023-07,
46.72733840774237,-117.1780148514388,gTWYHHcp4zQqhLPTMfzroA,2023-07,
46.72724842153035,-117.1780314216776,vm1MRw3wXHI11cYi31ufRw,2023-07,
46.72757185341597,-117.1784375649006,tC2IvYJmye5f-wYrH4ZUtQ,2023-07,
46.72710408298637,-117.1791069237523,gsezO3HWtptKvoEsai49cQ,2023-07,
46.7271376533341,-117.1792360804728,HORozs2K9khxflSzwv3YBw,2023-07,
46.72715406750797,-117.1795149714514,Z-fljkhC06aGL2oi-Q654w,2023-07,
46.72746652744421,-117.1682537890101,ubrGEhQfu4lMXuccKASKQA,2023-07,
46.72757216205012,-117.1684661437462,ZMtQjgWNqntiGea71pqhCg,2023-07,
46.72769360343509,-117.168657736827,5pueLINDGxvIdVS5ELryMA,2023-07,
46.72743235475419,-117.1694279058719,ADcCKc_B_Tpb-4uaYVyXAw,2023-07,
46.72753785028829,-117.1696308705418,j7lAqqSHw444g0tP0hcJsw,2023-07,
46.72764677697398,-117.169850219197,bv5j5Jsb79qjlCT8H9Nhcw,2023-07,
46.7275731322821,-117.1701708950282,DoxCHG-gfny01ivE5FHx2A,2022-09,
46.7275731322821,-117.1701708950282,DoxCHG-gfny01ivE5FHx2A,2022-09,
46.72751199571087,-117.171302541548,zVXgbBEX8aDI0JSSkVtD6A,2023-07,
46.72751199571087,-117.171302541548,zVXgbBEX8aDI0JSSkVtD6A,2023-07,
46.72760004355669,-117.1713375657626,64Ipo5UWr0sc3v7qoYsrhQ,2023-07,
46.72768776010582,-117.1713710923664,LL1RPaLLwUvF4NMWzdOxpA,2023-07,
46.72595507848116,-117.1725648861746,Dzc8VFNyr73Q5gjuDy1axA,2023-07,
46.72595507848116,-117.1725648861746,Dzc8VFNyr73Q5gjuDy1axA,2023-07,
46.72595507848116,-117.1725648861746,Dzc8VFNyr73Q5gjuDy1axA,2023-07,
46.72754999999998,-117.17332449999999,None,None,ZERO_RESULTS
46.72748597780618,-117.1744717938812,6PPDrdPvRZlzMlGKAXIdvQ,2023-07,
46.72757693698455,-117.1744644440123,RP4Rkdt6pIanDv238BfcVA,2023-07,
46.72757693698455,-117.1744644440123,RP4Rkdt6pIanDv238BfcVA,2023-07,
46.72757693698455,-117.1744644440123,RP4Rkdt6pIanDv238BfcVA,2023-07,
46.72757878893869,-117.1751519048534,byqtiSMT6_biRpZpBE2GqQ,2021-10,
46.72757878893869,-117.1751519048534,byqtiSMT6_biRpZpBE2GqQ,2021-10,
46.72748590662108,-117.1751624170552,-vAKDogfKBj-Elb7KYUqiA,2021-10,
46.72752823101258,-117.1763084142008,O6J6qBB7qp1MFrJ8Hvgq7Q,2023-07,
46.72749733180757,-117.176361088065,Yd0iee0wW9qS88wJsSI69g,2013-09,
46.72751121781256,-117.176772989192,uEzofc5AzSS37lGJ7hliyQ,2023-07,
46.72752016084425,-117.1770382696734,3hd8Wes3yMhaGacGCikktQ,2023-07,
46.7275332776122,-117.1774280448169,pPbjoEIy_wy5xsPqPrNruQ,2023-07,
46.72754714331797,-117.1778403196101,IMtUnYad_NygI4mfq3D_Hg,2023-07,
46.72756057737648,-117.1781801613869,FZs94rkVlSxvdVTPcdfwBg,2023-07,
46.72757185341597,-117.1784375649006,tC2IvYJmye5f-wYrH4ZUtQ,2023-07,
46.72758976038962,-117.178849249094,_12pf2PimLnGwvZE--weVQ,2023-07,
46.72760127535587,-117.1791119158239,2jEVpuzf8-5MoAPgzt_OPw,2023-07,
46.72761862065715,-117.1794991155299,AHvrZisC4cRywHPfH3oKxw,2023-07,
46.7277896990138,-117.1681733918604,tWI2Go9QFjqvMpmxFRsJ1w,2023-07,
46.72780271388765,-117.1685866483739,qmGl0pwCUF0HBdcBEDEDJg,2023-07,
46.72785870236578,-117.1688104211673,xGadLDVfbsrXvLSc1QsGzw,2023-07,
46.72785870236578,-117.1688104211673,xGadLDVfbsrXvLSc1QsGzw,2023-07,
46.72759260993558,-117.1697362862715,q2rO4gISGebrjTtJLldu5A,2023-07,
46.72773118923491,-117.170028162904,UDgBenI6DbiYmRNabtBiBQ,2023-07,
46.72783252251217,-117.1702408624908,nry2JWNA--a9eL57Ga4xcQ,2023-07,
46.72793836268684,-117.1704629547729,yd1Mw0h3_djJG2D3pVAt2Q,2023-07,
46.72804236620362,-117.1706813604173,-tUaPpPHR7rSroG71WGgxg,2023-07,
46.72777476801753,-117.1714027332645,uy_G9y2xS9PUpJwKIK7p9Q,2023-07,
46.72786208829856,-117.1714278826433,UKYP7dCVuZqX3h37Cyaeew,2023-07,
46.72786208829856,-117.1714278826433,UKYP7dCVuZqX3h37Cyaeew,2023-07,
46.72595507848116,-117.1725648861746,Dzc8VFNyr73Q5gjuDy1axA,2023-07,
46.72595507848116,-117.1725648861746,Dzc8VFNyr73Q5gjuDy1axA,2023-07,
46.72595507848116,-117.1725648861746,Dzc8VFNyr73Q5gjuDy1axA,2023-07,
46.727819699999976,-117.17332449999999,None,None,ZERO_RESULTS
46.72775531754979,-117.1744502181886,1M4ys9zN1XIuaKT2AHSBcQ,2023-07,
46.72783717451928,-117.1744436605123,b4FDfaGbgLgYOLGf2VPQ5Q,2023-07,
46.72783717451928,-117.1744436605123,b4FDfaGbgLgYOLGf2VPQ5Q,2023-07,
46.72790957562218,-117.1746380700612,Lhghhf-v0th57KEAwAWAGQ,2023-07,
46.72787738471095,-117.1751178760496,y7IUmrTAksbjrW43z5f2GA,2021-10,
46.72793421199049,-117.1753885699713,_WfSLPM2xcrbCC2f_QPHhg,2023-07,
46.72794954248138,-117.1756506465421,ahdUgf37kJ0xkqoN8Am-tA,2023-07,
46.72782838146853,-117.1762642946025,ta6xieRFgabfM7M-yjxKBQ,2023-07,
46.72782838146853,-117.1762642946025,ta6xieRFgabfM7M-yjxKBQ,2023-07,
46.7279946720141,-117.1766855242088,WV6EsTwhg8-Mr341j37crg,2013-09,
46.72800199406424,-117.1769878352734,C_Zs6EDRRbIMePbmmFGvVQ,2013-09,
46.7275332776122,-117.1774280448169,pPbjoEIy_wy5xsPqPrNruQ,2023-07,
46.72783341229861,-117.1778944176543,eW7JcS-mW7-S8XDfqClKIA,2023-07,
46.72783341229861,-117.1778944176543,eW7JcS-mW7-S8XDfqClKIA,2023-07,
46.72757185341597,-117.1784375649006,tC2IvYJmye5f-wYrH4ZUtQ,2023-07,
46.72758976038962,-117.178849249094,_12pf2PimLnGwvZE--weVQ,2023-07,
46.72760127535587,-117.1791119158239,2jEVpuzf8-5MoAPgzt_OPw,2023-07,
46.72761862065715,-117.1794991155299,AHvrZisC4cRywHPfH3oKxw,2023-07,
46.72794759903704,-117.1681761242639,CunCZwmp2Dm2qcngeqBwcA,2011-07,
46.72806676037256,-117.1685540626685,qoHTl95SPdkC8LtE5kEdSA,2011-07,
46.72805994970631,-117.1688378090911,BVBr2I2-7y4w9BNc8G9eNQ,2023-07,
46.72805994970631,-117.1688378090911,BVBr2I2-7y4w9BNc8G9eNQ,2023-07,
46.7285338643187,-117.1695906026881,lUBHTpnap7tfAu5sMOmQ5Q,2013-09,
46.72783252251217,-117.1702408624908,nry2JWNA--a9eL57Ga4xcQ,2023-07,
46.72793836268684,-117.1704629547729,yd1Mw0h3_djJG2D3pVAt2Q,2023-07,
46.72804236620362,-117.1706813604173,-tUaPpPHR7rSroG71WGgxg,2023-07,
46.72814764420047,-117.1709022354473,o9tRNJavepi_sqqa0gOd8A,2023-07,
46.72813024385821,-117.1713271698065,5IZcn4Znsnw7s4n0URtC1Q,2023-07,
46.72804110456687,-117.1713671211852,Wxii4VfHizckFnyFqa5esg,2023-07,
46.72795344081469,-117.1714062760014,zS2hXb8_WCDJkYsS0z2wEQ,2023-07,
46.72866159697278,-117.1719980881523,Q5vBZUTuFSm1Ghjky3Nsdg,2023-07,
46.72866159697278,-117.1719980881523,Q5vBZUTuFSm1Ghjky3Nsdg,2023-07,
46.72808939999997,-117.17298219999999,None,None,ZERO_RESULTS
46.72808939999997,-117.17332449999999,None,None,ZERO_RESULTS
46.72808939999997,-117.17366679999999,None,None,ZERO_RESULTS
46.72807024917714,-117.1744228307873,SNFXiWf-RKmWEnhXI92_tg,2013-09,
46.72807024917714,-117.1744228307873,SNFXiWf-RKmWEnhXI92_tg,2013-09,
46.72790957562218,-117.1746380700612,Lhghhf-v0th57KEAwAWAGQ,2023-07,
46.72791681110786,-117.1750402925075,I7H1_rPcw-GNtngQKAuCyA,2023-07,
46.72793421199049,-117.1753885699713,_WfSLPM2xcrbCC2f_QPHhg,2023-07,
46.72795747457783,-117.1757868449041,DisgLQ06IzjVysOF58jRfg,2023-07,
46.72797220217977,-117.1760391761987,P4EvNsoNFj9fQLBYKEg1hA,2023-07,
46.72798827697586,-117.1764199068138,N5XqnJ9-wpR_SMRTqT1O9A,2013-09,
46.7279946720141,-117.1766855242088,WV6EsTwhg8-Mr341j37crg,2013-09,
46.72800199406424,-117.1769878352734,C_Zs6EDRRbIMePbmmFGvVQ,2013-09,
46.72821340193682,-117.1777052775377,W04gIc3exXOxMv0mnCT5Nw,2023-07,
46.72814126418371,-117.1777821223057,TrPKzXdJ1_Zw0Qu8r3ZVUw,2023-07,
46.72808344252849,-117.1780831170676,SUPDW9Cab_6LyS4cyEEkhg,2023-07,
46.72809685416225,-117.1784894073815,FWjitrbkyOR895TZj8FpuQ,2023-07,
46.7281054929709,-117.1787540018019,p1G3ilFfQUMAXyLoy3dBWw,2023-07,
46.72811645549665,-117.179075884093,SD6qRoWM4Xtz3EOy0Youww,2023-07,
46.72813344077888,-117.1794796881995,RCNIxJigcWWrFc3b6LMeug,2023-07,
46.72846942198882,-117.1681236481453,9XxhMFT6lRm42xSkcRNz6w,2023-07,
46.72837177978295,-117.1685327601671,IFcqKBeio2VdE6kQVFNkeQ,2011-07,
46.7283274359256,-117.168813516253,IQMpWZFkfIAekRMhvQMd3A,2023-07,
46.72852092578631,-117.1692226551835,Q4dZ4BS5QZpx6Mw8Wbi__w,2023-07,
46.7285338643187,-117.1695906026881,lUBHTpnap7tfAu5sMOmQ5Q,2013-09,
46.72854338313658,-117.1698599155893,Oq7TIVGUtVGTJ-DiklBwag,2013-09,
46.72855643513891,-117.1702239997402,QEBarieS6DmUmjc1cm46Gw,2013-09,
46.72856766587436,-117.1703625493468,_c-7m2Ej2gBlePNkIwSAlQ,2013-09,
46.72819919324215,-117.1710118097581,8OH-6Yn_gZZJMQ7xZE4HaA,2023-07,
46.72840021251957,-117.1712888630115,YbV1Grv_VUo15apOm8pHqg,2023-07,
46.72845648045816,-117.1715633303642,t6Nv9-Q1fVC7UFJn1A7TgA,2023-07,
46.7285592091438,-117.1717808193953,gbroCqhjmIu-JBzI2xdwtA,2023-07,
46.72866159697278,-117.1719980881523,Q5vBZUTuFSm1Ghjky3Nsdg,2023-07,
46.72886618294353,-117.1724324358037,OiTx__D3iuJePQfLM7gwIg,2023-07,
46.72886618294353,-117.1724324358037,OiTx__D3iuJePQfLM7gwIg,2023-07,
46.72835909999997,-117.17332449999999,None,None,ZERO_RESULTS
46.72835909999997,-117.17366679999999,None,None,ZERO_RESULTS
46.72834499535851,-117.174396913369,JSSMiBh-hwUSFuM8x2t67A,2013-09,
46.72834499535851,-117.174396913369,JSSMiBh-hwUSFuM8x2t67A,2013-09,
46.72834499535851,-117.174396913369,JSSMiBh-hwUSFuM8x2t67A,2013-09,
46.72860617762794,-117.175077709335,MU8NcOe_TB9S5fTWAIrn-Q,2013-09,
46.72861639107133,-117.1753414667704,3FQa1Lf1WcK63wnPj7KOpw,2013-09,
46.72861639107133,-117.1753414667704,3FQa1Lf1WcK63wnPj7KOpw,2013-09,
46.72797220217977,-117.1760391761987,P4EvNsoNFj9fQLBYKEg1hA,2023-07,
46.72798827697586,-117.1764199068138,N5XqnJ9-wpR_SMRTqT1O9A,2013-09,
46.72864209767351,-117.1770395302393,FbJBGosqLgCqXHNMxMi9Mw,2023-07,
46.72852429325398,-117.1772369101334,BOJP0tFYfs3zr-0fbd-PlA,2023-07,
46.72840606541561,-117.1774350106946,yoT0xBKGGlLiUX99y5t7sQ,2023-07,
46.72838407654516,-117.1775964861388,jMbQufEZTH09zuJ7Yd6Khw,2023-07,
46.72808344252849,-117.1780831170676,SUPDW9Cab_6LyS4cyEEkhg,2023-07,
46.72809685416225,-117.1784894073815,FWjitrbkyOR895TZj8FpuQ,2023-07,
46.72833480586655,-117.1790185882177,W81Wd5Kx62ZMxnS7riQsSw,2022-09,
46.72833480586655,-117.1790185882177,W81Wd5Kx62ZMxnS7riQsSw,2022-09,
46.72813344077888,-117.1794796881995,RCNIxJigcWWrFc3b6LMeug,2023-07,
46.72858211200506,-117.1681843879497,QoCrX8_F9VxD001Z2pht3w,2011-07,
46.72863425330983,-117.1684024061316,LNrt8JFVWjfKjH_p5zEhPQ,2011-07,
46.72864858586438,-117.1687779522019,UHnSzGgY5U_m7Z2gJvu2uQ,2023-07,
46.72868157929832,-117.1692466019656,uxrXMuH2ATzUxJCApQSn7A,2011-07,
46.7285338643187,-117.1695906026881,lUBHTpnap7tfAu5sMOmQ5Q,2013-09,
46.72854338313658,-117.1698599155893,Oq7TIVGUtVGTJ-DiklBwag,2013-09,
46.72855643513891,-117.1702239997402,QEBarieS6DmUmjc1cm46Gw,2013-09,
46.7286542521656,-117.1704324441039,wAs7_kJg1OSQMkdKZEwnKA,2013-09,
46.72858412117971,-117.1713101278337,6gdOita9gdDP4dgK5-Ty4Q,2023-07,
46.72858412117971,-117.1713101278337,6gdOita9gdDP4dgK5-Ty4Q,2023-07,
46.72850794456093,-117.1716723058077,cUVJOa25SEQBCHovtTvFxQ,2023-07,
46.72866159697278,-117.1719980881523,Q5vBZUTuFSm1Ghjky3Nsdg,2023-07,
46.72876277877734,-117.1722138611549,SoIxc-RIP9Q4adjazguDaw,2023-07,
46.72886618294353,-117.1724324358037,OiTx__D3iuJePQfLM7gwIg,2023-07,
46.72897001624411,-117.1726511964984,rZo6hJesI1YsYzo6-7QkUQ,2023-07,
46.72886618294353,-117.1724324358037,OiTx__D3iuJePQfLM7gwIg,2023-07,
46.72862879999997,-117.17366679999999,None,None,ZERO_RESULTS
46.72860904523617,-117.1743733609973,pwCW_XTwKQaWo07aHWtlgA,2013-09,
46.72860904523617,-117.1743733609973,pwCW_XTwKQaWo07aHWtlgA,2013-09,
46.72858964292839,-117.1746488169404,nzMPwB9Wem-wpDZljMw0MQ,2013-09,
46.72860617762794,-117.175077709335,MU8NcOe_TB9S5fTWAIrn-Q,2013-09,
46.72861639107133,-117.1753414667704,3FQa1Lf1WcK63wnPj7KOpw,2013-09,
46.72861639107133,-117.1753414667704,3FQa1Lf1WcK63wnPj7KOpw,2013-09,
46.72870148601601,-117.1769401830678,tYI1avMOX3a4ID5Xnx9nyg,2023-07,
46.72888130720457,-117.17663908741,_QWiaxiMBQG5UhZuWE1o9w,2023-07,
46.72876123473215,-117.1768400493938,PxnyEdtOZnDG4hb3sUXfXA,2023-07,
46.72864209767351,-117.1770395302393,FbJBGosqLgCqXHNMxMi9Mw,2023-07,
46.72852429325398,-117.1772369101334,BOJP0tFYfs3zr-0fbd-PlA,2023-07,
46.72861509114184,-117.1778770813897,3rhPnaCFDFUEUXc2vI-hvA,2023-07,
46.72867924188518,-117.177965060889,8RLfEBxv-XDtj2xe3pkFfA,2023-07,
46.72882936962872,-117.1784307557016,GZytrQ8npVHdYfmVJGvsHg,2023-07,
46.72860935795553,-117.1789953271232,GUvjqrzTFD-CY_1IuUICdQ,2022-09,
46.72860935795553,-117.1789953271232,GUvjqrzTFD-CY_1IuUICdQ,2022-09,
46.72887184820276,-117.1794123298063,8OZ7vmbz1W94W05HOe2dUw,2023-07,
46.72893166062375,-117.1683776406426,B5egZb35tbhqyqgdbnKMXA,2011-07,
46.72893166062375,-117.1683776406426,B5egZb35tbhqyqgdbnKMXA,2011-07,
46.72892369593804,-117.1687474841009,Uabd_h65yY0x8VySCyZbzQ,2023-07,
46.72888322470975,-117.1692057575898,N08RFuYJCiANvRWUUQEz2Q,2011-07,
46.72888322470975,-117.1692057575898,N08RFuYJCiANvRWUUQEz2Q,2011-07,
46.72924738506285,-117.1699025113109,RaLRiiYBYy5cNbQE8NHGAg,2023-07,
46.72889318533267,-117.1704845837896,O17MGK-VvE7apBT5oKEYmA,2013-09,
46.72889318533267,-117.1704845837896,O17MGK-VvE7apBT5oKEYmA,2013-09,
46.72899144492672,-117.1705058112593,uIz9Gna9ipWvIiJjj04LzQ,2013-09,
46.728840110132,-117.1714492300042,m3FZPzfyzIpUz18t7VGV9A,2023-07,
46.72891960962029,-117.171516081871,b_B1K_mMj9riM00c7Le8nA,2023-07,
46.72871210661315,-117.1721058265874,EwpqaJNGOW4bNtAtskpP0Q,2023-07,
46.72881440497979,-117.1723231344881,aA7BhJ-bKATgDQTv2OK0TQ,2023-07,
46.72891804977822,-117.1725417004186,dA5GxBH0e48jVaKUdb7OVA,2023-07,
46.72907503958036,-117.172871825711,3bWd9-ELWhMbxoPvUtT03w,2023-07,
46.72918039854237,-117.1730933161391,wcOG31R_uR5cF5wWAZMTgA,2023-07,
46.728898499999964,-117.17366679999999,None,None,ZERO_RESULTS
46.72888411423426,-117.1743576700291,l1Mp6LsiEBhvbgLnqqtN0A,2013-09,
46.72888411423426,-117.1743576700291,l1Mp6LsiEBhvbgLnqqtN0A,2013-09,
46.72888411423426,-117.1743576700291,l1Mp6LsiEBhvbgLnqqtN0A,2013-09,
46.72860617762794,-117.175077709335,MU8NcOe_TB9S5fTWAIrn-Q,2013-09,
46.72861639107133,-117.1753414667704,3FQa1Lf1WcK63wnPj7KOpw,2013-09,
46.72861639107133,-117.1753414667704,3FQa1Lf1WcK63wnPj7KOpw,2013-09,
46.7290632184888,-117.1763344834457,ihpjUyNr-y0pvZlxNYKQLA,2023-07,
46.72894173524016,-117.1765378521349,uuucM5qZNHboPuXiVd_zEw,2023-07,
46.72888130720457,-117.17663908741,_QWiaxiMBQG5UhZuWE1o9w,2023-07,
46.72876123473215,-117.1768400493938,PxnyEdtOZnDG4hb3sUXfXA,2023-07,
46.72911850048598,-117.1777155204352,uP3S_TNHEmin2xXOmv3h6w,2023-07,
46.72900053236497,-117.1779141502627,lRPWxWM-N_i6XtVgcZF-Vg,2023-07,
46.72887749980011,-117.1781210681725,0lrTIHt9EPOiAvRDETd9-Q,2023-07,
46.72882936962872,-117.1784307557016,GZytrQ8npVHdYfmVJGvsHg,2023-07,
46.72884611991061,-117.1788165781273,18M7xVmAzUqkQ5y7VWYu_A,2023-07,
46.72886037844701,-117.1791470001535,tr9hOE5JF_QgzuNbxsFwiA,2023-07,
46.72887764262011,-117.1795472420435,NGuhEX0OBACx80OttT0HAw,2023-07,
46.72917890470003,-117.1682118246731,RTeZwdq8eRmUuPzijiGE3w,2023-07,
46.72918933433586,-117.1684819426742,8niHztVmEMvrDFgkak2MnA,2023-07,
46.72920241954075,-117.1688332028485,-QNAYkp05gj-WfFa9aukIQ,2023-07,
46.7291735393144,-117.1691522354485,F__yhVWN5fsYD8HLEbnK3A,2011-07,
46.72923142243483,-117.1695162772367,LfC_89aFfqgSsq1zOw8gjg,2023-07,
46.72924738506285,-117.1699025113109,RaLRiiYBYy5cNbQE8NHGAg,2023-07,
46.72925835513974,-117.1701689525098,sr6BzUn043kiCB_cQIz5zw,2023-07,
46.72922357936953,-117.1705485155957,keIkdt28T47d72xop2OrQg,2013-09,
46.72928753978024,-117.1708838549114,BHVw-eDBXVSpPMc6p8H5Rw,2023-07,
46.72930840710173,-117.1712797718493,YaUEqZ8m3XuzMn2gyhJFzw,2023-07,
46.72915473391574,-117.1717136825787,y6kTGklY9AGrnMXYxu6mbA,2023-07,
46.72923273506574,-117.1717792513097,H_JCTLW4CmrkUsC2_endSQ,2023-07,
46.72891804977822,-117.1725417004186,dA5GxBH0e48jVaKUdb7OVA,2023-07,
46.72902245968483,-117.1727613121555,5lONiAMbKch08VJVVbnLBQ,2023-07,
46.7291277191048,-117.1729825707424,Ri4ZlBxlYETPfX6iSfHnwg,2023-07,
46.72923370224952,-117.1732053468405,IQDHvGGWcR-vCL0aYTkMhA,2023-07,
46.72934040911183,-117.17342964048,YjfSwbOXDkmlz9KW14Xnjw,2023-07,
46.72913054974379,-117.1743526333622,l0jExFW28y1IpKgw7yGNxg,2013-09,
46.72913054974379,-117.1743526333622,l0jExFW28y1IpKgw7yGNxg,2013-09,
46.72936685849809,-117.174715258663,aMvAYESG5-o8XtbymTFVHw,2013-09,
46.72932957619886,-117.1751343104425,JR-hJ2uJ1wD7_3bgNErnwg,2013-09,
46.7292881971113,-117.175257969539,veK9aektdXffIqOt0kZvSQ,2013-09,
46.72932554088045,-117.1759247711294,4t1m5DHGl6znlLkXa-3h1A,2023-07,
46.72918895143901,-117.1761250723114,NE7nPbijf2iLTHXzLs3gBQ,2023-07,
46.7290632184888,-117.1763344834457,ihpjUyNr-y0pvZlxNYKQLA,2023-07,
46.72894173524016,-117.1765378521349,uuucM5qZNHboPuXiVd_zEw,2023-07,
46.72935684579364,-117.1773144372279,xLGSNMoeMXm3113x6W-TzA,2023-07,
46.72923624916325,-117.1775174354508,6yBo4nD8Qbki402epzHE_Q,2023-07,
46.72911850048598,-117.1777155204352,uP3S_TNHEmin2xXOmv3h6w,2023-07,
46.72900053236497,-117.1779141502627,lRPWxWM-N_i6XtVgcZF-Vg,2023-07,
46.72917841201242,-117.1789379533822,KOgSm-KY6JoIERAkjGVFEQ,2013-09,
46.72917841201242,-117.1789379533822,KOgSm-KY6JoIERAkjGVFEQ,2013-09,
46.72917841201242,-117.1789379533822,KOgSm-KY6JoIERAkjGVFEQ,2013-09,
46.72887764262011,-117.1795472420435,NGuhEX0OBACx80OttT0HAw,2023-07,
46.72943901784925,-117.1682312256711,joD5LREZJYyCtqXUCVRPIQ,2011-07,
46.72944885863188,-117.168675812754,4cW8nuA86Fl33_QZFJwjYA,2022-09,
46.72944885863188,-117.168675812754,4cW8nuA86Fl33_QZFJwjYA,2022-09,
46.72922064877581,-117.1692540264023,hkCi2djAdmDWmcq-CrXUoA,2023-07,
46.72923142243483,-117.1695162772367,LfC_89aFfqgSsq1zOw8gjg,2023-07,
46.72924738506285,-117.1699025113109,RaLRiiYBYy5cNbQE8NHGAg,2023-07,
46.72926385376312,-117.1703028946224,IKh3umsrvIH6A3YlboPeyA,2023-07,
46.72948829182686,-117.1706659869038,8DnqeIs3cQLKNYasZ68vfw,2011-07,
46.72928753978024,-117.1708838549114,BHVw-eDBXVSpPMc6p8H5Rw,2023-07,
46.72930840710173,-117.1712797718493,YaUEqZ8m3XuzMn2gyhJFzw,2023-07,
46.72931926090538,-117.1716688641486,QHAe_ptaTEGK2k8HuTGCzQ,2023-07,
46.72943365797089,-117.1719757437985,9NBJ1lv-aql_kHCBIiRP2Q,2023-07,
46.7295113820244,-117.1720606963761,-am5yR7ClGemzsn7dLWFYw,2023-07,
46.729662417048,-117.1722258065008,VtkYxzDBP3Zgvxnzs3Eqeg,2023-07,
46.72923370224952,-117.1732053468405,IQDHvGGWcR-vCL0aYTkMhA,2023-07,
46.72934040911183,-117.17342964048,YjfSwbOXDkmlz9KW14Xnjw,2023-07,
46.72944521227919,-117.1736756316624,FeIFFy1F7vd8I2U_kzFbYQ,2023-07,
46.72952457685683,-117.1739210415214,dK29sA3thk8puF6HLCGnYw,2023-07,
46.72936899654212,-117.174455077102,vGdrJ3sWx6D9FaBdjGaeDQ,2013-09,
46.72936685849809,-117.174715258663,aMvAYESG5-o8XtbymTFVHw,2013-09,
46.7293490497233,-117.1750139583333,YALj3Uof_FUxXTg0x8qMpg,2013-09,
46.72957174255631,-117.1754287939494,9poa-cXJ2aizADgs4-GFtw,2023-07,
46.72950148027611,-117.175792329682,r8OGbITY7rhqZ560e8dM2Q,2023-07,
46.72950470945313,-117.1760172864591,3nO2RuFeqfhOgg9nUZWA3Q,2023-07,
46.7294880384191,-117.1764076702134,_Xpi4nyBUp6jaHYX_dzt-Q,2023-07,
46.72949958333125,-117.1768085697772,Zqe2YBWg5VbbIA6XLeY3Qw,2023-07,
46.72943046350201,-117.1771480888383,K_wMzTOTj6wrs3XEyxXvHw,2023-07,
46.72949445532809,-117.1774261747617,nFnTE7dcz6Ycg5FON76t6Q,2021-10,
46.72953022150564,-117.1777071093783,kE59OfGLI3WUOlGEn28c8w,2023-07,
46.72954866396913,-117.1781012304642,FWp-JRPHt4OrfVQxm1yhmA,2023-07,
46.72956499706389,-117.1784148886929,n2r3eL2lA1erFC5ZaBUskw,2023-07,
46.72948889945091,-117.1789062725513,HXKO1LBxmYa_6aesx-ZnTg,2013-09,
46.72959659908003,-117.179080457865,ZhgpQiqh1kCAck_dHVigHw,2023-07,
46.72960981281282,-117.1794713964235,z8V1gcJo6wyDhL4NSlxTTQ,2023-07,
46.72957268654336,-117.1681477206287,FDzdnYYzjAtKj7dM-xhtoQ,2011-07,
46.72972298679234,-117.1686433000944,nkxJrL2vTNf7EgYf3UTg8w,2022-09,
46.72972298679234,-117.1686433000944,nkxJrL2vTNf7EgYf3UTg8w,2022-09,
46.72972298679234,-117.1686433000944,nkxJrL2vTNf7EgYf3UTg8w,2022-09,
46.72923142243483,-117.1695162772367,LfC_89aFfqgSsq1zOw8gjg,2023-07,
46.72979021547363,-117.1706394481721,EFcjLmBWELi_ENZLvE3adQ,2011-07,
46.72970091632271,-117.1706462048308,Vq0FFe1EJNvc2yJdZ1AWMg,2011-07,
46.72970091632271,-117.1706462048308,Vq0FFe1EJNvc2yJdZ1AWMg,2011-07,
46.72970091632271,-117.1706462048308,Vq0FFe1EJNvc2yJdZ1AWMg,2011-07,
46.72930840710173,-117.1712797718493,YaUEqZ8m3XuzMn2gyhJFzw,2023-07,
46.7295113820244,-117.1720606963761,-am5yR7ClGemzsn7dLWFYw,2023-07,
46.72958740803433,-117.1721439028291,xR8IbhfDo0qqPqjM3nNVJg,2023-07,
46.72973656258771,-117.1723079793352,CjbIb_FmT6DdihxY2rRphA,2023-07,
46.72980493093026,-117.1723971941981,Yq1QHcmyRH8xXlk29fK6jw,2023-07,
46.72999432478397,-117.1726790198296,zVI5TDyElZQ2HDIJp4MRCQ,2023-07,
46.7293928569034,-117.1735443916853,cGRj6hVnJnNK0wvKIGCaQg,2023-07,
46.72948517062032,-117.1737969490944,u9kICElFPOjHzGlLhvWkVQ,2023-07,
46.72955547982304,-117.1740488578407,6xqudDGbULIHBs6h0FujQA,2023-07,
46.72960532385899,-117.1743151992654,YknerTc4Qfm8r0MSnta9uA,2023-07,
46.72963650809582,-117.1747439985919,-So7B_Pso7YSSHlEllyAMw,2023-07,
46.72962373193291,-117.1750246084582,O6L927AiBY8eC4LIfCikmw,2023-07,
46.72968477492437,-117.1752996477761,IkKgFdYRuJIWL9iPQNrOxQ,2023-07,
46.72954142893766,-117.1756916236755,GsPwaTb03gzOKuo4UuVUig,2023-07,
46.72950470945313,-117.1760172864591,3nO2RuFeqfhOgg9nUZWA3Q,2023-07,
46.7294880384191,-117.1764076702134,_Xpi4nyBUp6jaHYX_dzt-Q,2023-07,
46.72949958333125,-117.1768085697772,Zqe2YBWg5VbbIA6XLeY3Qw,2023-07,
46.72950579014031,-117.1770349227203,UNLKOy8LiNmIWLRI9OuH2g,2023-07,
46.72970424120568,-117.1775883797361,YlmyRKH3xDqrFg9QF60mbQ,2022-09,
46.72974019214584,-117.1777994393653,U-2pW3XTfdTueH4d_gLEDg,2022-09,
46.7297479255494,-117.1780827797641,EP56o69XanGbChx9g8Zphg,2022-09,
46.72956499706389,-117.1784148886929,n2r3eL2lA1erFC5ZaBUskw,2023-07,
46.72958892989593,-117.1788678903671,p98ESIV75FIn_0WcqI_Csg,2023-07,
46.72960125444914,-117.1792170281773,DK4lZBp8BwFfLhaD1Vnkvg,2023-07,
46.72960981281282,-117.1794713964235,z8V1gcJo6wyDhL4NSlxTTQ,2023-07,
46.72999163874441,-117.1686185222198,eHWA0sUz6FB3u4uOqs9zlA,2022-09,
46.72999163874441,-117.1686185222198,eHWA0sUz6FB3u4uOqs9zlA,2022-09,
46.72999163874441,-117.1686185222198,eHWA0sUz6FB3u4uOqs9zlA,2022-09,
46.72999163874441,-117.1686185222198,eHWA0sUz6FB3u4uOqs9zlA,2022-09,
46.73033639256324,-117.1699953790432,FIVnPBjkQTOuOipEl_fqEg,2011-07,
46.73033639256324,-117.1699953790432,FIVnPBjkQTOuOipEl_fqEg,2011-07,
46.7298685872396,-117.1706406066804,WLHAwK0HgLcNpAKXGvdy0w,2011-07,
46.72998322941485,-117.1706710970554,UQfCYkc4RpyPDBwcXzaNIQ,2011-07,
46.72998322941485,-117.1706710970554,UQfCYkc4RpyPDBwcXzaNIQ,2011-07,
46.73006728291606,-117.170701879985,1XYTA0kZD2eU689haGUWxw,2011-07,
46.72997729999995,-117.171613,None,None,ZERO_RESULTS
46.72973656258771,-117.1723079793352,CjbIb_FmT6DdihxY2rRphA,2023-07,
46.72987146965727,-117.1724888983618,Y5AeHLMm0Q7S80ZeVFka5Q,2023-07,
46.72999432478397,-117.1726790198296,zVI5TDyElZQ2HDIJp4MRCQ,2023-07,
46.73011068749432,-117.1728733921159,qYKlkU-2ZbSnW_iIxY4OFg,2023-07,
46.73024706961124,-117.173106868661,wyC-LbWHhRTDuxt6ML7hLg,2023-07,
46.72992853592725,-117.1741466739373,T7sJdEh2H4PMC4EQsvGZKA,2018-08,
46.72992853592725,-117.1741466739373,T7sJdEh2H4PMC4EQsvGZKA,2018-08,
46.72996622527594,-117.1744241700385,VOiZzSoF4JLKv7Dbf659RQ,2018-08,
46.7300097371857,-117.1747183275217,ckxBbJHUVWLS_pmrQX3ZwA,2023-07,
46.72990571536891,-117.1749376070258,BtToW_bZWbcrjySEFAuZug,2023-07,
46.729790387783,-117.1751343290626,3etyksmEWmcLPj94jyI6Wg,2023-07,
46.72968477492437,-117.1752996477761,IkKgFdYRuJIWL9iPQNrOxQ,2023-07,
46.72955621697324,-117.1755604078744,FeKHZlytml4flAMFm2MjLA,2023-07,
46.72997729999995,-117.17640519999999,None,None,ZERO_RESULTS
46.72997729999995,-117.17674749999999,None,None,ZERO_RESULTS
46.72970424120568,-117.1775883797361,YlmyRKH3xDqrFg9QF60mbQ,2022-09,
46.72970424120568,-117.1775883797361,YlmyRKH3xDqrFg9QF60mbQ,2022-09,
46.72974019214584,-117.1777994393653,U-2pW3XTfdTueH4d_gLEDg,2022-09,
46.7297479255494,-117.1780827797641,EP56o69XanGbChx9g8Zphg,2022-09,
46.73028026713566,-117.1783488802847,ygtH1oj2He0O-mY3ctJcSA,2022-09,
46.72958892989593,-117.1788678903671,p98ESIV75FIn_0WcqI_Csg,2023-07,
46.72960125444914,-117.1792170281773,DK4lZBp8BwFfLhaD1Vnkvg,2023-07,
46.73006376821056,-117.179879944588,osHcy1Li7J_ukPnAgSwajA,2023-07,
46.73045107693694,-117.1681976364038,IKyuUEy8nJZqPgnqQiW4SA,2011-07,
46.7302602293102,-117.1685936791876,icDIBdjFR-_YPGJymjmnCA,2022-09,
46.7302602293102,-117.1685936791876,icDIBdjFR-_YPGJymjmnCA,2022-09,
46.73048015346315,-117.1687224140488,23EyP5LCv9bXQjFyIlmbzQ,2011-07,
46.73033639256324,-117.1699953790432,FIVnPBjkQTOuOipEl_fqEg,2011-07,
46.73033639256324,-117.1699953790432,FIVnPBjkQTOuOipEl_fqEg,2011-07,
46.73033639256324,-117.1699953790432,FIVnPBjkQTOuOipEl_fqEg,2011-07,
46.73027359177381,-117.1707492580315,EdROH815DER5cj5nsbwsXg,2011-07,
46.73027359177381,-117.1707492580315,EdROH815DER5cj5nsbwsXg,2011-07,
46.73027359177381,-117.1707492580315,EdROH815DER5cj5nsbwsXg,2011-07,
46.73054702924757,-117.1717877707163,i15rvGLhgpI0CHBYeAIIBw,2022-09,
46.73054702924757,-117.1717877707163,i15rvGLhgpI0CHBYeAIIBw,2022-09,
46.72999432478397,-117.1726790198296,zVI5TDyElZQ2HDIJp4MRCQ,2023-07,
46.73011068749432,-117.1728733921159,qYKlkU-2ZbSnW_iIxY4OFg,2023-07,
46.73016827358659,-117.1729696451897,C-186m_CfrVXpLjvgAcuFQ,2023-07,
46.73030048746312,-117.1732901093031,jUxXnj83wBlUa0VSAJ_hZQ,2023-07,
46.73031162820674,-117.1736963620569,7GJEZctKb8QRv6XIaiwGhw,2023-07,
46.73025460535266,-117.174078657393,dmgUH212XNcsYZPQt8xQ8Q,2023-07,
46.73017834971382,-117.1743204561001,ykfLzEpeyr66MpZCxo5Z5Q,2023-07,
46.73008469795218,-117.1745532313992,K2dvZdpvwJ_mtcKEDsRkZw,2023-07,
46.7300097371857,-117.1747183275217,ckxBbJHUVWLS_pmrQX3ZwA,2023-07,
46.73024699999995,-117.17537829999999,None,None,ZERO_RESULTS
46.73024699999995,-117.17572059999999,None,None,ZERO_RESULTS
46.7306524779715,-117.1760344959726,BWXov3V0kDxmvrLFgv7TpA,2013-08,
46.73024699999995,-117.17640519999999,None,None,ZERO_RESULTS
46.73024699999995,-117.17674749999999,None,None,ZERO_RESULTS
46.73021624288747,-117.1777087096634,wXD_pyboSMHlXOabEiHlGg,2022-09,
46.73021624288747,-117.1777087096634,wXD_pyboSMHlXOabEiHlGg,2022-09,
46.73021861019291,-117.1778377819145,J7UVCoDoEKDPISXdS-OwpQ,2022-09,
46.73023540002895,-117.1780950871254,c4W5Zhntu5GG3VWrPA7O3A,2022-09,
46.73031534668368,-117.1784712381004,d0kp8MXsXdvo_NIOFVj99A,2022-09,
46.7303999430076,-117.1787045802019,zittMyQcFEakmGDlY0Ra2Q,2022-09,
46.73047470119214,-117.1789580162933,ypKre6J2g1pPKtLQ0d2FEQ,2022-09,
46.73033245906296,-117.1796392767192,J87e8t-OADVJ4TUvP_-gyw,2022-09,
46.73045107693694,-117.1681976364038,IKyuUEy8nJZqPgnqQiW4SA,2011-07,
46.73053705308763,-117.168565860288,VzxFaOYR6y1MRVpshWCn7g,2022-09,
46.73048015346315,-117.1687224140488,23EyP5LCv9bXQjFyIlmbzQ,2011-07,
46.73048015346315,-117.1687224140488,23EyP5LCv9bXQjFyIlmbzQ,2011-07,
46.73052674330737,-117.1699884186476,-4tirc4S64njKgrTtGa-rA,2011-07,
46.73052674330737,-117.1699884186476,-4tirc4S64njKgrTtGa-rA,2011-07,
46.73052674330737,-117.1699884186476,-4tirc4S64njKgrTtGa-rA,2011-07,
46.7304938095794,-117.1707901151948,N4nNlWCHIa7PXI9yKnUFtQ,2011-07,
46.7304938095794,-117.1707901151948,N4nNlWCHIa7PXI9yKnUFtQ,2011-07,
46.73062713276523,-117.1708398173453,vikSwqFn_pdTE9oXf4Ogdg,2018-08,
46.73054702924757,-117.1717877707163,i15rvGLhgpI0CHBYeAIIBw,2022-09,
46.73054702924757,-117.1717877707163,i15rvGLhgpI0CHBYeAIIBw,2022-09,
46.73063208050583,-117.1718208676669,4EzaV1LqCU3UtekHzvM1ag,2022-09,
46.73064343663454,-117.1731189883076,GowrEd_I_5JzzRKVGZpLYA,2023-07,
46.73055445861741,-117.1731533257095,B-m9R6ao5L0zXUwGwPL2Ww,2023-07,
46.73046869404397,-117.1731865971131,eZU3mokWXRa3Fwwauoco2Q,2023-07,
46.73031162820674,-117.1736963620569,7GJEZctKb8QRv6XIaiwGhw,2023-07,
46.73028338759205,-117.1739498808182,VjjwcbbFrCns7kwtLVN6eA,2023-07,
46.7302190323452,-117.1742019917825,RsstirMtQ_8Vb4a-QYN31g,2023-07,
46.73013234146458,-117.1744376848093,Z2xVwAk70WOuGtbz2MdIeQ,2023-07,
46.7308512545322,-117.1753074094656,-DAidkQT8eQKjC4eLvJMFw,2022-09,
46.73077015550172,-117.1754676110378,b7sGoOW8OsYUCsgZIPK8bQ,2022-09,
46.73069559690835,-117.1759353756281,GgM0cxNNy8E-FwDuIObBtw,2013-08,
46.7306524779715,-117.1760344959726,BWXov3V0kDxmvrLFgv7TpA,2013-08,
46.7306524779715,-117.1760344959726,BWXov3V0kDxmvrLFgv7TpA,2013-08,
46.730516699999946,-117.17674749999999,None,None,ZERO_RESULTS
46.73076938826527,-117.1775984159056,i9Uqzt0pRF1zi6S2VLpOUg,2021-09,
46.73062224583195,-117.1777462174321,-YJ0dLEg_CsKHznHAMbmNw,2021-09,
46.73055254751307,-117.1778163237451,Yqk5DVKGlW2Gans5t4-yKw,2021-09,
46.73050671762189,-117.1781443336235,lQsAKg7OTOi_R64EvcenzQ,2021-09,
46.73060502928642,-117.1783858703378,MZr-ZQUZQomIp1AON67NAg,2021-09,
46.73044591386501,-117.1788294017498,Zc7AlcPCZwrKv1FQ--Byqg,2022-09,
46.73050817270621,-117.1790906790517,AKWz0EmeqwcSQaL_D-kxxQ,2022-09,
46.73048329392547,-117.1794857637766,AtKbl9gLWFv6RfsGizr18Q,2022-09,
46.73081492924461,-117.1683032303705,JChamAsVbKEcn0SwrfZflQ,2011-07,
46.73081224316493,-117.168536359189,fAbr8GNHjeM8O6eveRUnvg,2022-09,
46.73088045283078,-117.1690951262365,jhSy_X9V1KON5RjoMZNcdA,2011-07,
46.73088519584703,-117.1691688503845,09oEF2bfnguKDY_Ul9CnIA,2011-07,
46.73090250821643,-117.1692148527152,y3cab6P7WmwNMnI6HkLGfw,2011-07,
46.73070547148241,-117.1700088403437,nmYjyRc0QZYiXoLnwiRdHg,2011-07,
46.73079493448657,-117.1700631806691,E5_apGsGmB0KLXGxuhyxag,2011-07,
46.73080777763537,-117.1705279830178,7xz7A5bnBG4HbsZN58NnBg,2018-08,
46.73073565541755,-117.1709311167329,7MkAJH4_tCOEFiL47JQ2fA,2018-08,
46.73088185134195,-117.1710701605337,XnsanZB1rZjPyxcw-OX8rQ,2018-08,
46.73072343151703,-117.1718554303109,J7UIW2luWjGJxjkTOzdcrw,2022-09,
46.73081335883674,-117.1718853148447,x6x9uVSbDcbquFSovybxcg,2022-09,
46.73081335883674,-117.1718853148447,x6x9uVSbDcbquFSovybxcg,2022-09,
46.73101649199729,-117.1727010177845,FfEO2OWZxI6yy4_ALDQ35Q,2023-07,
46.73082785466378,-117.1731001538825,cFo4SBmUzdvgTYM3qLJr0g,2023-07,
46.73082785466378,-117.1731001538825,cFo4SBmUzdvgTYM3qLJr0g,2023-07,
46.73082785466378,-117.1731001538825,cFo4SBmUzdvgTYM3qLJr0g,2023-07,
46.73078639999994,-117.17400909999999,None,None,ZERO_RESULTS
46.73078639999994,-117.17435139999999,None,None,ZERO_RESULTS
46.73109891814366,-117.1749868535374,vAHN6o7XmZ-SOO_CSc-7_w,2023-07,
46.7308512545322,-117.1753074094656,-DAidkQT8eQKjC4eLvJMFw,2022-09,
46.73077015550172,-117.1754676110378,b7sGoOW8OsYUCsgZIPK8bQ,2022-09,
46.73078943386017,-117.1757198819737,5_e7OFSFGeWugsDaFr58lg,2023-07,
46.73069559690835,-117.1759353756281,GgM0cxNNy8E-FwDuIObBtw,2013-08,
46.7306524779715,-117.1760344959726,BWXov3V0kDxmvrLFgv7TpA,2013-08,
46.73130896824775,-117.1768650042038,mUozHUQChibyafxmS4_2rw,2023-07,
46.73091986232218,-117.1774472265197,xAMQJM7Ne2jpMkU8A0mpFg,2021-09,
46.73084428016306,-117.1775232377186,ydA2p0YtfhjMlK5GlBixrQ,2021-09,
46.73069531240562,-117.1776728904829,IP7pHSYFID8w-867u1LTAA,2021-09,
46.73055688129885,-117.1782676813849,QWs8PNkMl1wFfo78lwi_Mw,2021-09,
46.73065286115157,-117.1785021917354,vXPwA-oHT_eJ8j6AE7i0MA,2021-09,
46.73081156144563,-117.1788792727313,yZNTMhijfJzUs3Sl0zG8Sg,2021-09,
46.73080088395689,-117.1791727419292,oByhVlpW3nLGeKgFolB3gg,2022-09,
46.73066518116318,-117.179308140313,RuWD1DucwiJiLoMuYOIabg,2021-09,
46.73106713322952,-117.1682857974206,nOIIfzVh1SZ35n5oL1mHVg,2011-07,
46.73109632338993,-117.1685059714758,dAVoXDS1860JPL5PgH65_w,2022-09,
46.7309129824252,-117.1690705046184,IrIvtuYZ7Enb7OvRuZqFLg,2011-07,
46.73100133251572,-117.1692292399899,JVhweNzVZCdcHI6Bms840g,2011-07,
46.73128735171774,-117.1695073429274,YlLB26b6DK-KoLUes0w3rw,2011-07,
46.73097797342153,-117.1701744203244,ELC9r7MvMwHIVPtdQXWNGw,2011-07,
46.73105881905724,-117.1702236266294,X1yofdWMHPF6vV3WY-Heww,2011-07,
46.73094302195042,-117.1703536678118,vurhqQLiX4UpLxxdJQTV_w,2018-08,
46.73095186132637,-117.1711356070247,u5zLnCXPiCTuCbwyQzqewA,2018-08,
46.73105184256922,-117.1712289214699,ks07AZRGzC-Cn8iAthrvGQ,2018-08,
46.73120158967992,-117.1716615078667,a6KTgxMFTcnfH4LaYrDIgA,2018-08,
46.73110786211671,-117.1719839391595,dCqI9zkJUK-K3uLzm-mqyA,2022-09,
46.73108602420392,-117.1722962353024,4ycbPyju1V7PqpAuelrWfA,2023-07,
46.73103849603852,-117.1725701540689,V9_wk2q-6c2xqhZajZOEeQ,2023-07,
46.73097499612733,-117.172947974519,579J1F-hPQ3EEo5XO8pl8w,2023-07,
46.73092320157554,-117.1731020628489,0rH-DpbW5X4tRSH5uqTj_Q,2023-07,
46.73092320157554,-117.1731020628489,0rH-DpbW5X4tRSH5uqTj_Q,2023-07,
46.73139577654911,-117.1743232418864,wgpzMwst0WePCcaFUFiW8A,2023-07,
46.73129622698126,-117.1745458464767,tFGVTj9PWsiNPGKHtsQCqw,2023-07,
46.73119745003569,-117.1747666741488,e3Kqx7XUaPksPcuGIVZybw,2023-07,
46.73104908539539,-117.175098224183,f1PmHDRkdYwuYN36eLHqvg,2023-07,
46.73095581805766,-117.1753068481463,bXuvSr-mZhwbJKHx_6DIQQ,2022-09,
46.73087137238181,-117.1755309743059,S3QKkELuQsin9W2SAHuBaw,2022-09,
46.7307442154886,-117.1758237852288,r3GpPam29gdy835NWEw5hA,2023-07,
46.73135669145697,-117.1767566036435,zRYRLvtHd_TY6mzOlK6lkQ,2023-07,
46.73130896824775,-117.1768650042038,mUozHUQChibyafxmS4_2rw,2023-07,
46.73115047433554,-117.1772155821718,oAxV5RbPG5oGroL7WuN_0w,2021-09,
46.73099651666276,-117.177370132362,8uILFN24HSvHEzIPEhTsMw,2021-09,
46.73091986232218,-117.1774472265197,xAMQJM7Ne2jpMkU8A0mpFg,2021-09,
46.73108386172494,-117.178919119056,z3wNrsEPZxTSjhixj0k-kA,2022-09,
46.73123996360695,-117.1787698614324,OneYvJ8SBi3CytkyNxC8cA,2022-09,
46.73108386172494,-117.178919119056,z3wNrsEPZxTSjhixj0k-kA,2022-09,
46.73100586840806,-117.1789936780809,uf9LYaqeVUHSCaWKdtPSWQ,2022-09,
46.73088100912707,-117.1790994770593,_lxepJyOyatR2dsZwPvtgA,2022-09,
46.73125680329096,-117.1681983381275,qfY8uSGQiXVGUqCeqAwumQ,2011-07,
46.73129844444176,-117.1684834670207,EkHN_sFLY01qQOljKTe8yA,2022-09,
46.73127538407719,-117.1688449195204,JyTsKV4nOEypdt8WWo6nHg,2011-07,
46.73128479086745,-117.1692100333539,ub7D_U0Sh2qoyo_cZ3jAAw,2011-07,
46.73128735171774,-117.1695073429274,YlLB26b6DK-KoLUes0w3rw,2011-07,
46.73129113953909,-117.169933469683,sYjcMUYm2bx71e-JIsY41A,2011-07,
46.73130089013683,-117.1702412791091,7PUMfFHrV3JQ3X0D06TJMA,2011-07,
46.73131726861476,-117.1703761533034,FlweBs_m-yLsz2Ri0R2wrQ,2011-07,
46.73114652484647,-117.1713261708366,dapVpElKKfzZLLOg56Y5_A,2018-08,
46.7311942582092,-117.1714007169009,stzPy-g-bxL-68N8gkxH5g,2013-08,
46.73121449231257,-117.1715345257915,vaQNteynAtZCnfr6RzjP9A,2018-08,
46.73119756500196,-117.1721006243594,ZZCay_vZAi3g3mKXAQtACA,2023-07,
46.73131500865544,-117.1723128194628,0eLEzquJLpaiCK7EpKiNqg,2023-07,
46.73143052553811,-117.1725250915003,BbnKxyfhT4Z4BjhDklwCIQ,2023-07,
46.73154411730094,-117.1727389848484,_fwr7pX5QBxp0KsaidJHjw,2023-07,
46.73165454546363,-117.1729469263245,JZsk4cLUDClC0JLjLA7Bvw,2023-07,
46.7316081613508,-117.1738823119541,1Rb0xKz-CkD2VP99nHuhdQ,2023-07,
46.73144638786651,-117.1742110000376,HoFpwYMhI9gzAZ51Fu-ctw,2023-07,
46.73134584001569,-117.1744350206632,G6TYnMnPdRwDtdZCRrqpfw,2023-07,
46.73124675496473,-117.1746564315534,Sswg1IMdY2Dqxc_czZVKIA,2023-07,
46.73114836433337,-117.1748763707732,tnYckpGCOHCgQP8bYnry0g,2023-07,
46.73104908539539,-117.175098224183,f1PmHDRkdYwuYN36eLHqvg,2023-07,
46.73165708486372,-117.1760950709227,1yspYmj9GY6JmVToRxPRPg,2023-07,
46.7315519607128,-117.1763133601575,DIQKoyDSZivtsJmWysz9_g,2023-07,
46.73145379865102,-117.1765361108918,nR-k3TDizu659RbGSw0E-Q,2023-07,
46.73135669145697,-117.1767566036435,zRYRLvtHd_TY6mzOlK6lkQ,2023-07,
46.73129416088097,-117.1771274762431,uTh_sBf9hdLcNrLOIaAgBQ,2023-07,
46.73138573003787,-117.1773398302667,9CtFKmdypkiypIiIcIywZg,2023-07,
46.73147991731589,-117.1775580935158,Z_jvoe4K7QKTk9xzCPuG_Q,2023-07,
46.731537303865,-117.1784856221657,rLDJLz5ttlmWuZaXjX6PAQ,2022-09,
46.73138846105282,-117.1786279504621,MTyynkSjzuos94_39uLNIg,2022-09,
46.73131456277823,-117.1786986237835,nj0EkPOT7B-WCRN2I7-vDQ,2022-09,
46.73116342421498,-117.178843088368,HnX02Q-g2Uyt5NE4klhJ4A,2022-09,
46.73155150021717,-117.1801478948072,w3Yu4L6aEItvxgqSJ32Kpw,2023-07,
46.73160494132409,-117.1681646508726,uSUy_B3ENupJZp8H7qOkPA,2011-07,
46.73156238098993,-117.1684476577947,SQcTekYQJWhW6p0OvfYW2A,2022-09,
46.73158138347127,-117.1686997943185,vNGAFFw5qIRyQjvzKflsEA,2011-07,
46.73128479086745,-117.1692100333539,ub7D_U0Sh2qoyo_cZ3jAAw,2011-07,
46.73128966484293,-117.1696347612286,etto9A-1yLan7nGhqxeLBA,2011-07,
46.7314416202111,-117.1702182871893,24vuYJdBw8Q_HmRmwjkYHA,2023-07,
46.7314917330434,-117.1703130178568,zCw6xoIh6BEyd3e3qH8j-Q,2023-07,
46.73159652274462,-117.1705110306287,8FZQAelyQ78cl_PO7pxfJA,2023-07,
46.73176225301034,-117.1708241690323,qNpxLdvsswOA-v5wNE2abw,2023-07,
46.73187746234907,-117.1710429291557,6F1WMiGlJT1aSBkwJlDqbg,2023-07,
46.73121449231257,-117.1715345257915,vaQNteynAtZCnfr6RzjP9A,2018-08,
46.73131500865544,-117.1723128194628,0eLEzquJLpaiCK7EpKiNqg,2023-07,
46.73143052553811,-117.1725250915003,BbnKxyfhT4Z4BjhDklwCIQ,2023-07,
46.73154411730094,-117.1727389848484,_fwr7pX5QBxp0KsaidJHjw,2023-07,
46.73165454546363,-117.1729469263245,JZsk4cLUDClC0JLjLA7Bvw,2023-07,
46.73176282255891,-117.173150857146,3qxJ-wvAT0Lm2tUdZqdvXQ,2023-07,
46.73166020853269,-117.1737765603715,EWy1HhLYrMl_6hz0bR3UTQ,2023-07,
46.7315544685034,-117.1739913845518,cqEqe-lO8TnB-yAQznw1cQ,2023-07,
46.73144638786651,-117.1742110000376,HoFpwYMhI9gzAZ51Fu-ctw,2023-07,
46.73134584001569,-117.1744350206632,G6TYnMnPdRwDtdZCRrqpfw,2023-07,
46.73124675496473,-117.1746564315534,Sswg1IMdY2Dqxc_czZVKIA,2023-07,
46.73188610208626,-117.1756243144865,zyYfh74v_tgv7YQ0Qv_BpA,2022-09,
46.73176910320358,-117.1758712735849,MOWGvjyOYEOEFnL1XSzngQ,2023-07,
46.73165708486372,-117.1760950709227,1yspYmj9GY6JmVToRxPRPg,2023-07,
46.7315519607128,-117.1763133601575,DIQKoyDSZivtsJmWysz9_g,2023-07,
46.73160196497189,-117.1768005128132,MPJpH6X4EExPBSi3KSzVIA,2023-07,
46.73152105343929,-117.1768722015327,jM0TnwYmCVl1z4HgKFYFRg,2023-07,
46.73147991731589,-117.1775580935158,Z_jvoe4K7QKTk9xzCPuG_Q,2023-07,
46.7315788272854,-117.1777873883301,vhfyOugw5z3N5XL7AHR9hQ,2023-07,
46.73168080168453,-117.17802395188,LQK-S22a-BjFbf9e8r0cKw,2023-07,
46.73161059033033,-117.1784154756639,JcFuFFjF9id8z4jw3HWVPw,2022-09,
46.73146311250011,-117.1785565088453,jSvWghfaxYnTYHrRM4Aj6w,2022-09,
46.73138846105282,-117.1786279504621,MTyynkSjzuos94_39uLNIg,2022-09,
46.73180742024906,-117.1799434428278,SJan3chvOewjh5AtCpx1-g,2023-07,
46.7318621049227,-117.1681178794901,rmIhYCb2rkuyj4ir2yMFMQ,2011-07,
46.73187016378993,-117.1684150288127,qKe8fhHPvME0f7rWCFINNA,2022-09,
46.73192672453534,-117.1688468807384,fs6ZhsWTgPJbr9q342IE1A,2011-07,
46.73199995344036,-117.1689502718403,BKn04RrKXl93BN46GfV1lA,2011-07,
46.73215685540829,-117.1693585161352,2CI6dcnZIB9x7Cqg7GkMDA,2023-07,
46.73221629071299,-117.1696005115993,3W4UxNbgYc-n407mxNesEA,2023-07,
46.73159652274462,-117.1705110306287,8FZQAelyQ78cl_PO7pxfJA,2023-07,
46.73170587639813,-117.1707175952919,-HHVbhQ4XOFUQW6CfmbKXg,2023-07,
46.73181999342463,-117.1709331742549,brRe_viW4fmrtMW-YIEnmA,2023-07,
46.73193482862973,-117.1711546358348,CRvQZ7sr-x0PTNvFUZrzhA,2023-07,
46.73208406942224,-117.1714468376393,Fo_hfgCspBj-29Qz9vz2Lw,2023-07,
46.73215347271848,-117.1715835245009,UeWyOKZC6qBAC7UGbac0sA,2023-07,
46.73154411730094,-117.1727389848484,_fwr7pX5QBxp0KsaidJHjw,2023-07,
46.73165454546363,-117.1729469263245,JZsk4cLUDClC0JLjLA7Bvw,2023-07,
46.73176282255891,-117.173150857146,3qxJ-wvAT0Lm2tUdZqdvXQ,2023-07,
46.73181699783936,-117.1732529894994,r--LYWnx6V8TzuAftavTLw,2023-07,
46.7317690462514,-117.1735555369362,XnMiKkXZzgJsiO5W89YgmQ,2023-07,
46.73166020853269,-117.1737765603715,EWy1HhLYrMl_6hz0bR3UTQ,2023-07,
46.7315544685034,-117.1739913845518,cqEqe-lO8TnB-yAQznw1cQ,2023-07,
46.73217811718996,-117.174935900101,F1VmpHPQgWWs3bbGQ_UaAg,2022-09,
46.73208110485178,-117.1751647216358,SxnED2oP-djxl8J-rmVkPg,2022-09,
46.73193480729456,-117.1755095946163,Qom8R_Zx7TVsQAhWE_hxMg,2022-09,
46.7318757974972,-117.1757433087704,jyyhuYtF_WUURARLGTuPgg,2023-07,
46.73198971832911,-117.175927993419,PVE6FMuSoT45bR5Y7TJjww,2023-07,
46.73191196559332,-117.176526073648,xmAfJCsEPsAKKSqfbl8mqQ,2023-07,
46.73183341274319,-117.1765956902342,ixLTQ7qAfColHS4FN8fEEw,2023-07,
46.73168160046287,-117.1767300824144,ANiC3I3AVAch9IhxUCJ2kQ,2023-07,
46.73152877410663,-117.1776713538771,HAQlRHzzqi31Pzzgr17YgQ,2023-07,
46.73197810635697,-117.1780586536052,eT9H1JZTSt5WtqzeY-FZOQ,2023-07,
46.73189851402927,-117.1781369714393,F-71zlsiIKR2BuTOCpxVrw,2023-07,
46.73185066550457,-117.1784440185795,ctjFxeabPh5HBOAGFw7wig,2023-07,
46.73195032136685,-117.1787032741024,ao7f86zAhi4Bd144ptnS7Q,2023-07,
46.73205028582122,-117.1789160484627,qqxP6d95tUZKv9kDzEys-Q,2023-07,
46.73197507645008,-117.1798371840191,HCLx6U6YxqK_s3qoQcbQHg,2023-07,
46.73208328490294,-117.1681116404485,XreWPwzX_39LesMgV5QriQ,2023-07,
46.73206765358857,-117.1684797984068,IW6aj_muPj8axWYCadGaow,2023-07,
46.73208343942279,-117.1688487721183,6uU1T9YSlbv9QIpHrJo5CA,2023-07,
46.73213114862173,-117.1692311668323,3o9Snn4KDzrbD13xjovitw,2023-07,
46.73218409589856,-117.1694857719633,NH3k4MbOmffAraFSYlGFWw,2023-07,
46.73226945200165,-117.1697140598078,MUYes2WbFrdKvPs-jOZ9PA,2023-07,
46.73238105007412,-117.1699208723133,YiHuIxSbu1QCQsl_6ewHbA,2023-07,
46.73236585117913,-117.1709977006463,5GeoAwDDJJejBET784w4MQ,2023-07,
46.73221685908447,-117.1711391182005,eT--BOsGbEyMCgKun5uozQ,2023-07,
46.73213541759517,-117.1712163102734,o04dG1Y8IWaQhEXibfoEHQ,2023-07,
46.73215347271848,-117.1715835245009,UeWyOKZC6qBAC7UGbac0sA,2023-07,
46.73225878943718,-117.1717909594462,b82qCvbz1M7PyHGKV3bZvg,2023-07,
46.73236810393846,-117.1720063645206,8WgSqtECmzhUaka9GEH6Nw,2023-07,
46.73247778020737,-117.172222529117,yoQEez-FLsxPD728AaActw,2023-07,
46.73181699783936,-117.1732529894994,r--LYWnx6V8TzuAftavTLw,2023-07,
46.73181699783936,-117.1732529894994,r--LYWnx6V8TzuAftavTLw,2023-07,
46.73182326639348,-117.1734453348464,wXuDXpEKkrPVrSSeKf2frQ,2023-07,
46.73243819158333,-117.1743600341746,sNNCR7lXCYDsIS8ED1YldQ,2023-07,
46.73234364235879,-117.1745457499422,yRofYqSbyKgiY79b2don1w,2022-09,
46.73222618997198,-117.1748227147436,2N_JeUw8vmuNaf8uPReSng,2022-09,
46.73212964251371,-117.1750503433091,Vs6JDN6RpDpoGoycUkOR4w,2022-09,
46.73203218060942,-117.1752799878672,j-mOZiw0uYqp-YH2_yILhw,2022-09,
46.73198971832911,-117.175927993419,PVE6FMuSoT45bR5Y7TJjww,2023-07,
46.73207498033956,-117.1761528820695,c7spkSPnwcVJ0ffvD9Yv6g,2023-07,
46.73215983048208,-117.1763697632317,xNO3I---gjyT2PpLaV-gJg,2021-10,
46.73224560124056,-117.1765659934639,wNV1VxqPwDhHCisbqcuMQg,2021-10,
46.73239626079573,-117.176910619388,iUdONJzDEIUIMGmDdzjw9Q,2021-10,
46.73228345864661,-117.1777583446549,X8IuM9s5Hc9JCFAf8MP3Ag,2023-07,
46.73220769451871,-117.1778328878228,ultZOQdcJkml9bc_ADyZDA,2023-07,
46.73205619252611,-117.1779818716558,M2kj1FuaIWnek41UkZyZVQ,2023-07,
46.7319058923259,-117.1785928933989,uwfzLNyqoKZEtPSf-6uBuQ,2023-07,
46.73205028582122,-117.1789160484627,qqxP6d95tUZKv9kDzEys-Q,2023-07,
46.73214824051625,-117.1791245710426,C6LV_UZI3J-a6PestfHPaw,2023-07,
46.73225218476457,-117.1793388717266,QJC9SVhOoJrqjTWf_UZMhQ,2023-07,
46.73236006317707,-117.1679555950513,jNBevKuXRRnCh8iucZF8pQ,2022-09,
46.73207275736097,-117.1686000985346,dPNV4-26HqmfApj4oRbTag,2023-07,
46.73209447487315,-117.1689741447221,vP3YDfbWqMmtZMixizYPPg,2023-07,
46.73215685540829,-117.1693585161352,2CI6dcnZIB9x7Cqg7GkMDA,2023-07,
46.73226945200165,-117.1697140598078,MUYes2WbFrdKvPs-jOZ9PA,2023-07,
46.73238105007412,-117.1699208723133,YiHuIxSbu1QCQsl_6ewHbA,2023-07,
46.73249379423442,-117.170132207556,mEuyd1d4EWpr30SxTKV4Bg,2023-07,
46.7325232116517,-117.1708484331706,YWvNfTmGbYl_23jSO6a0_Q,2023-07,
46.73244511189969,-117.1709225070751,8_mLM3nd5_5qAYCQdGHTGg,2023-07,
46.73229013654625,-117.1710695988694,pyxhcBtwiZn2a6nh9n_aZg,2023-07,
46.73225878943718,-117.1717909594462,b82qCvbz1M7PyHGKV3bZvg,2023-07,
46.73236810393846,-117.1720063645206,8WgSqtECmzhUaka9GEH6Nw,2023-07,
46.73247778020737,-117.172222529117,yoQEez-FLsxPD728AaActw,2023-07,
46.73258323755768,-117.1725221629605,zQKVB6XT_u_IuadZwRTojQ,2023-07,
46.7326475617793,-117.1729801772442,iFzaeJ7eU9OVvWWn1i4zVw,2023-07,
46.73267294316963,-117.1733069904417,UBYF3bXakVZ4Nec_1MKgTQ,2023-07,
46.73264436652326,-117.1737122690565,3aVH8Fku3mifeanIyEW_Ow,2023-07,
46.73255454509103,-117.1741090650474,5KVUNi53erqxKNqEtrgexA,2023-07,
46.73243819158333,-117.1743600341746,sNNCR7lXCYDsIS8ED1YldQ,2023-07,
46.73242611119193,-117.1746301932949,b_g6y9F3Q_L0UWzS88HaFA,2023-07,
46.73253237822262,-117.1748615110005,StbN4iUac0JHA7tjN09dsA,2023-07,
46.73263656156045,-117.1750882445224,_9VfidLnGbIX9jJZ1nbMag,2023-07,
46.73249600489538,-117.1759990708515,DaBwmHiJ1kNy_adv6MTSeA,2022-09,
46.73237492474247,-117.1761096692316,HcvYw4m7Z8FAafZvdkM16Q,2022-09,
46.73229485150048,-117.1761827379237,DsAeOgwNfwwvb6TkC6g99Q,2022-09,
46.73234424982085,-117.1767916725019,P8Lxep22opmBIPgnUePv3Q,2021-10,
46.73244567917065,-117.1770235568645,7tPWdwzVyoiB29Tx6jlU-w,2021-10,
46.73250463750292,-117.1775408954617,koPrDRe4naESW3TBRrXR-A,2023-07,
46.73235687452358,-117.1776861425585,s88jU7hBy-LV0xPCYwtDgw,2023-07,
46.73228345864661,-117.1777583446549,X8IuM9s5Hc9JCFAf8MP3Ag,2023-07,
46.73205619252611,-117.1779818716558,M2kj1FuaIWnek41UkZyZVQ,2023-07,
46.73214824051625,-117.1791245710426,C6LV_UZI3J-a6PestfHPaw,2023-07,
46.73225218476457,-117.1793388717266,QJC9SVhOoJrqjTWf_UZMhQ,2023-07,
46.73235960300754,-117.1795616342143,QVSZ8xUmNbLpkBHqAJm3og,2023-07,
46.73263172850386,-117.167929651036,dBn2481bLvG9qeEfh4Pmjg,2022-09,
46.73306059877377,-117.1684478051151,vlPZ04LUrpiTQ2QF7TgMPQ,2021-09,
46.73307684556481,-117.168844771863,G3mYvZd6Rfo6hTopaoWasw,2021-09,
46.73308832687309,-117.1691111151564,yneXVIcsC8iegI8fa9Jppg,2021-09,
46.73238105007412,-117.1699208723133,YiHuIxSbu1QCQsl_6ewHbA,2023-07,
46.73249379423442,-117.170132207556,mEuyd1d4EWpr30SxTKV4Bg,2023-07,
46.73260736090993,-117.1703490184177,RGa_iKVNisYAi3Gh9-RUXQ,2023-07,
46.73272785278636,-117.1705791239574,25UoY2QiIrNZ3oyQJLXO_A,2023-07,
46.73259512434396,-117.170780208697,eXDkeARPXAkcV1N_JEfaMw,2023-07,
46.7325232116517,-117.1708484331706,YWvNfTmGbYl_23jSO6a0_Q,2023-07,
46.73236810393846,-117.1720063645206,8WgSqtECmzhUaka9GEH6Nw,2023-07,
46.73279166285174,-117.1722809147576,eyq3wRNa7VKKPPps71yCsA,2023-07,
46.73268466475747,-117.1723772046691,3dOggT_-Xlo7YxsPbAvI6A,2023-07,
46.7326037753733,-117.1726523061985,_jP0aeNxecC9OAAsPaFdjA,2023-07,
46.7326475617793,-117.1729801772442,iFzaeJ7eU9OVvWWn1i4zVw,2023-07,
46.73267294316963,-117.1733069904417,UBYF3bXakVZ4Nec_1MKgTQ,2023-07,
46.73264436652326,-117.1737122690565,3aVH8Fku3mifeanIyEW_Ow,2023-07,
46.73269203514989,-117.1740956956111,2VhIrw6KmI3g1wYFSwXFpQ,2023-07,
46.73260762851567,-117.1741742089423,F6JBld-hNdry1FSN5dvhOg,2023-07,
46.73253237822262,-117.1748615110005,StbN4iUac0JHA7tjN09dsA,2023-07,
46.73263656156045,-117.1750882445224,_9VfidLnGbIX9jJZ1nbMag,2023-07,
46.7327366515839,-117.1753061408959,DvNn7kUfeEH_7H6z_2fw0w,2023-07,
46.7327275271072,-117.1757877567268,a_4VAaSAeFjCevq2H5fpgg,2022-09,
46.73257677930119,-117.175925436875,FrJjqHdoJT6_I5ZkVbUzxw,2022-09,
46.73249600489538,-117.1759990708515,DaBwmHiJ1kNy_adv6MTSeA,2022-09,
46.73244567917065,-117.1770235568645,7tPWdwzVyoiB29Tx6jlU-w,2021-10,
46.73276680581653,-117.1772779246968,dwPPZXehO15IC9GSqbAApg,2023-07,
46.73269843396327,-117.177378203343,h8Dvx2Yq8u2ChDB5fG_Hbw,2023-07,
46.73250463750292,-117.1775408954617,koPrDRe4naESW3TBRrXR-A,2023-07,
46.73243145158148,-117.1776128204354,UJ_1LhugW5Qpqa-fumCpXg,2023-07,
46.73243145158148,-117.1776128204354,UJ_1LhugW5Qpqa-fumCpXg,2023-07,
46.73286028260264,-117.1792096266153,cxJEbNltXz5_wquqFZZt4Q,2023-07,
46.73278971475487,-117.1792837312423,c8n1GL1LiCrn6RD5fXaIWQ,2023-07,
46.73263475272459,-117.1794375155335,UsrNWY6Q2SL_oyMhCrvbJg,2023-07,
46.73304954150278,-117.1681785591763,jtYkhVVwV1UNjhz6vn6fHQ,2021-09,
46.73306610642478,-117.1685826641692,CyrZlGy1Li8pB6f8KoGI-g,2021-09,
46.73307684556481,-117.168844771863,G3mYvZd6Rfo6hTopaoWasw,2021-09,
46.73309413271182,-117.1692466683653,WmovRTqmwDR19rgYsznpzw,2021-09,
46.73310595572022,-117.1695200501332,kG3uOpdogmIVdHWK4NFavQ,2021-09,
46.73312334124206,-117.1699237246393,6ISQPBcsasLkkZfoqlNwiQ,2021-09,
46.73304663539162,-117.1703494224162,f5HqID7YS8g_9dLMsrwAKg,2021-09,
46.73288206855122,-117.1705069669895,i3vpIvOSa15T_xZ_M7CHwQ,2021-09,
46.73290613984543,-117.1709195800932,Towy8ZKZ5ACfBRRFP7_wdQ,2021-09,
46.73301344129564,-117.1711245544594,Pkut52YlHr5unSSMlHlsXA,2021-09,
46.73312175506678,-117.1713314715016,-AZdc93rnDVi_8xhOeUMRg,2021-09,
46.73301918432121,-117.1720752462006,2qTmwa8sfqyah3xetAF_Bg,2023-07,
46.7328679900161,-117.1722122166312,oOcPi0MKYapCtCKPj9jL9g,2023-07,
46.73279166285174,-117.1722809147576,eyq3wRNa7VKKPPps71yCsA,2023-07,
46.73282569424757,-117.1731366549167,QH8MQm_n5WTjR0mH0O-qcQ,2023-07,
46.73292708675195,-117.1733680923178,3nC3i0S9_icZwZnLctO5Jw,2023-07,
46.73303707019357,-117.1736190389487,mU7rMh3ISsT4vpuRqSYM2A,2023-07,
46.73293207305996,-117.17388027843,JCBrVGkPc_b-KnIB2QJCHA,2023-07,
46.73277085283101,-117.1740244181534,KzXBNTNWH8oNA0J0crZgDg,2023-07,
46.73258440704542,-117.1749748128803,RIFmmQ9fM8fnSVyzQ9doQw,2023-07,
46.7327366515839,-117.1753061408959,DvNn7kUfeEH_7H6z_2fw0w,2023-07,
46.73299415448417,-117.1755368239764,gF7MYLtB7lTorSZuAFbBDg,2023-07,
46.73291706727104,-117.1757024510266,QcPG5WDbY8C6VEVMWqBX8A,2023-07,
46.73303767527124,-117.1759817011878,3WjIvuPoPTfv7kW_-7RWUw,2023-07,
46.73313309167525,-117.1762026397779,ByJVxvhg4x271-7Nt7Dy0w,2023-07,
46.7330738873389,-117.1769612526147,ApNX4a7K8ZsXnQgelhoHmw,2023-07,
46.73291887166403,-117.1771211577621,CH411V93z6zVAupbJzc-bg,2023-07,
46.73283221411686,-117.177315126857,FLVuvTqHzep09SnXxNglCg,2022-09,
46.73283221411686,-117.177315126857,FLVuvTqHzep09SnXxNglCg,2022-09,
46.73260621807396,-117.1774409664346,Nnlhz_W3TPTcrSyFYVuf3g,2023-07,
46.73320236804567,-117.1788227640204,HoK9qxI9VrRnIOIgftbVLw,2023-07,
46.73306998154797,-117.1789824199966,tMcCAPdgL7F_CXyAV041Dw,2023-07,
46.73293206994691,-117.1791351048482,zxTH_4RGSoHwQGNZ4r10wQ,2023-07,
46.73286028260264,-117.1792096266153,cxJEbNltXz5_wquqFZZt4Q,2023-07,
46.73304954150278,-117.1681785591763,jtYkhVVwV1UNjhz6vn6fHQ,2021-09,
46.73306610642478,-117.1685826641692,CyrZlGy1Li8pB6f8KoGI-g,2021-09,
46.73307684556481,-117.168844771863,G3mYvZd6Rfo6hTopaoWasw,2021-09,
46.73309413271182,-117.1692466683653,WmovRTqmwDR19rgYsznpzw,2021-09,
46.73310595572022,-117.1695200501332,kG3uOpdogmIVdHWK4NFavQ,2021-09,
46.73312334124206,-117.1699237246393,6ISQPBcsasLkkZfoqlNwiQ,2021-09,
46.73322494305518,-117.1701751541183,gXARkBhfuvuvwNw_3tFxkA,2023-07,
46.73327765257933,-117.1705575697303,xTasFGHv1om-wRHFMe-OVw,2023-07,
46.73338144301094,-117.1707771871601,d-_wOOyCefxetzCt2nis0Q,2023-07,
46.73312175506678,-117.1713314715016,-AZdc93rnDVi_8xhOeUMRg,2021-09,
46.73323287001911,-117.1715435852475,AocI68vIH1u4ucnj4yREcw,2021-09,
46.73317595421072,-117.171932952802,ICmHSZ9tak4D4Wyn3dxMhw,2023-07,
46.73309735219924,-117.1720043263758,jabviZeW7l7vwrRbyUr-Xw,2023-07,
46.7335356330322,-117.1723548264334,47k5Zfb4mnvE6g5jVf-h9Q,2021-09,
46.73341931880901,-117.1734251824669,YqmolpDVdHQVzKzCoFQ0Fg,2023-07,
46.7333401280682,-117.1735007073201,fAfNJx30MfDQniElZNar6w,2023-07,
46.73317837856196,-117.1736549770999,wP7fNYJdDsmDMDrCiNawdQ,2023-07,
46.73320361180654,-117.1740022170306,0jSoOesm72mR2SbcmALA3w,2023-07,
46.73329825111836,-117.1742209297599,KKEs6QpI0liFX5F4NPwSzA,2023-07,
46.73339603351148,-117.1744466056879,N3elrXWUzYiesmE76PLWqQ,2023-07,
46.73333314696854,-117.1752047569298,saMi9AOumsbsloie9uQdnQ,2023-07,
46.73317711449866,-117.1753565484684,9MHwvx6s0HuMswNi4yoV1w,2023-07,
46.73307252248568,-117.1754595553266,mQZUv1GzEwmNofKBY3JG-A,2023-07,
46.73313309167525,-117.1762026397779,ByJVxvhg4x271-7Nt7Dy0w,2023-07,
46.73323123680186,-117.1764299871729,3f8OC6zwjXTB1glyzz1u8A,2023-07,
46.73324732333151,-117.1767824950581,7nTJIObAbB_8mJIKmVWBbg,2023-07,
46.73314624682633,-117.1770116476576,ykj61iTbY2Sgz9OX_oJRKg,2022-09,
46.73305804009816,-117.177078922922,uhh0ooL6TD6nbmDPu0N00A,2022-09,
46.73305804009816,-117.177078922922,uhh0ooL6TD6nbmDPu0N00A,2022-09,
46.73347323854656,-117.1784960929116,YfuFEQJyBDuBoc_K6lNsKg,2023-07,
46.73333725948177,-117.1786601552899,HPgmuKr6TF4dgYG8-Fk2bw,2023-07,
46.73320236804567,-117.1788227640204,HoK9qxI9VrRnIOIgftbVLw,2023-07,
46.73306998154797,-117.1789824199966,tMcCAPdgL7F_CXyAV041Dw,2023-07,
46.73300126354366,-117.1790635717042,n7caEBi0l1sbAtJoYrFtxw,2023-07,
46.73350108660384,-117.1681502874329,pMaJQBie1RMsVbOfvLzriQ,2021-09,
46.7335156869003,-117.1685204948855,eLYTlADR5pOQ5Q11uoUMxg,2021-09,
46.73353169220321,-117.1689264741796,HSMdZc3GCbtiMczL2l-U9w,2021-09,
46.73354455709166,-117.1691942436711,AU9S8ZgWO1Bf-TjyrODhOg,2021-09,
46.73356376136369,-117.16959361955,8oRVjOuEJAzBt1Dt_W0VRg,2021-09,
46.7334762398463,-117.1699864716307,gAbv7bfWUVDXwi_cOaaB8A,2023-07,
46.73359577526242,-117.170182168285,heJFjPRr5BNz7yrjv4lrQA,2023-07,
46.73332944810836,-117.170667147141,7T0dhSrZ9sBv_rZZEHg1-w,2023-07,
46.733484907844,-117.1709962143886,NCwYk1MUq5M7j9FHQaxxHw,2023-07,
46.7335868242678,-117.1712119796065,qhGEeB98vG--n6sdl_i-eg,2023-07,
46.73347667228675,-117.1716428886843,Dk0Rwq1MZFom8r9_ORjNHw,2023-07,
46.73339975162793,-117.1720138699241,eHiFBoZJL2OaCsH_Lpkdmg,2021-09,
46.73349036899427,-117.1722411615721,laj8kLAFp040aRPjndkXcQ,2021-09,
46.73362781928356,-117.1725859200175,l1YKKUqCy7FjieoeBIqwmQ,2021-09,
46.7335727217753,-117.1732792962474,7BzsFspQyUrlqLdhzjkvBA,2023-07,
46.73349633929036,-117.1733519248021,XD8XYC4Z7GSxxOVdLVcV9Q,2023-07,
46.73341931880901,-117.1734251824669,YqmolpDVdHQVzKzCoFQ0Fg,2023-07,
46.73329825111836,-117.1742209297599,KKEs6QpI0liFX5F4NPwSzA,2023-07,
46.73339603351148,-117.1744466056879,N3elrXWUzYiesmE76PLWqQ,2023-07,
46.73349841335477,-117.1746831837896,gsAZBtPGau_0pKFv7Ra3Jw,2023-07,
46.73348753400183,-117.1750562856941,uzYYCSrCZzgyoJwq7lKLYQ,2023-07,
46.7334130446155,-117.175128031723,3GDD8Jxbii8sM3xk6pif1Q,2023-07,
46.73325090109641,-117.175283823341,Uz3FNZvFc5-YDClPWdzvAw,2023-07,
46.7336173660352,-117.1764576822693,ivgpKjKTLlQAwXyDvvEsNQ,2022-09,
46.7335366136712,-117.1765243995334,2s10hQdOWUzadIDy0d5nyw,2022-09,
46.73350703111945,-117.1767356854085,r8fEmuNa_pw0Qge3VeEdpQ,2022-09,
46.73342503461605,-117.1767991935852,LthUXiBDd57TaEchXAtKhA,2022-09,
46.73330812257161,-117.1768882410245,wBlSL7LIgI0_Tb61iXTBDQ,2022-09,
46.73368715643763,-117.1782514897506,S3b-R3PNZOPxH0e4SL4Bjg,2023-07,
46.73361486102074,-117.1783314064605,VFvOwByPXUUvOG8jKCgjtQ,2023-07,
46.73347323854656,-117.1784960929116,YfuFEQJyBDuBoc_K6lNsKg,2023-07,
46.73340478883483,-117.1785786794222,LN2AxjNt1PWGvUehEGYg-A,2023-07,
46.73326998631271,-117.1787412515722,QqhG1rEpTSjvemItImAUTg,2023-07,
46.73365886588201,-117.1798368286225,22HNaSq3ZGr8FDqpUtWgTg,2022-09,
46.73371082664979,-117.1678743829264,oSWePhqbqU-X1edQ262h4A,2023-07,
46.7335156869003,-117.1685204948855,eLYTlADR5pOQ5Q11uoUMxg,2021-09,
46.73353169220321,-117.1689264741796,HSMdZc3GCbtiMczL2l-U9w,2021-09,
46.73354455709166,-117.1691942436711,AU9S8ZgWO1Bf-TjyrODhOg,2021-09,
46.73356376136369,-117.16959361955,8oRVjOuEJAzBt1Dt_W0VRg,2021-09,
46.73379744686628,-117.1699567163642,vTY9fp-VUrg_O35Ug77PxQ,2023-07,
46.73364168519831,-117.1702855634383,eB26q1zyZHmy65k7j7f-RQ,2023-07,
46.73379873793581,-117.1705994252793,oIGAMYQBTwRe6x_1avZvUg,2023-07,
46.73391214600522,-117.1708227649906,gBc2dDwUPTRAwG2f6nVHpA,2023-07,
46.73376861513722,-117.1713467513798,C0TAHKXuOHJD8Uq36NhwIw,2023-07,
46.73374848041085,-117.1716744457444,gxKf-7WZQ5lnioxgGvcDTw,2023-07,
46.73384600794591,-117.171899587028,G0-5musPsc8UsxfaO9uq2w,2023-07,
46.73358128510274,-117.1724691479738,1WsuMuICchLjD3_1WCJAYQ,2021-09,
46.73367491487179,-117.1727039127873,cTX8KD2BIA7sj2d0pUbB7g,2021-09,
46.73377263909675,-117.1729490620067,v0n6Typ2oM2TdcGjrnSubQ,2021-09,
46.73371770435438,-117.1731414614132,62rMI5LkRRchfmrbvBv2EQ,2023-07,
46.73398365920888,-117.1734269699543,MR1Twj3PFywoT5dlTFU53g,2023-07,
46.73408528128743,-117.1736513210526,MJjfUYtIgi2b7Wy7WvoIlA,2023-07,
46.73388379710784,-117.1746861779721,IIXn4w5B4t4I1NfUBWjKsw,2022-09,
46.73380096151311,-117.1747625831379,56oO7QQYMrLeYqAGRnNHCQ,2022-09,
46.73372347145675,-117.1748339438175,22N9AnhxhMoVfKlnqaMeNw,2022-09,
46.73358455559528,-117.1749629746768,hGxhE5hqEMEXqTcdPBaGYw,2023-07,
46.73392066867086,-117.1760285925645,cxwI22ssPy2iO93bLNVm-Q,2022-09,
46.73385686305357,-117.1761299730042,R_t3VmyehExETfp--twopQ,2022-09,
46.73371910634934,-117.1763692257941,jC69a2noSfzy0H6yFTJQFQ,2022-09,
46.73366641945861,-117.1766058597486,Ep75yDCw9sShDZXhRF9y6A,2022-09,
46.73358665468775,-117.1766708929765,WcCptZ3DS7s5HZuOh9GwvQ,2022-09,
46.73397635544059,-117.1779329949895,_xgcjJRUPyV9_W3xIbPfkg,2023-07,
46.73390400154309,-117.1780122098291,g1LF0aAy5uGw8mVo4bECtw,2023-07,
46.73375991206492,-117.1781710175786,3mPt3Zph0i6imdKcVp4mUA,2023-07,
46.73368715643763,-117.1782514897506,S3b-R3PNZOPxH0e4SL4Bjg,2023-07,
46.73354226349325,-117.1784128121529,ZTJ9U-enN670Xr-Vs-ffMA,2023-07,
46.73392497264638,-117.1795935860095,absQ9WLEdf-1TJ8ii9X7AQ,2022-09,
46.73385408990689,-117.179658369556,tvrPX_E1tzjKYigcMqZ2TA,2022-09,
46.73397413079731,-117.1678510150069,34jy_9G-V5Ih4E9Co26BJA,2023-07,
46.73379599605724,-117.1678667069074,p2FC95pw5IrxU2mqmps-0w,2023-07,
46.734022799999906,-117.1688746,None,None,ZERO_RESULTS
46.734022799999906,-117.1692169,None,None,ZERO_RESULTS
46.73399321891014,-117.1699395022114,wAUZPJQfXP90T04Hh3su1Q,2023-07,
46.73399321891014,-117.1699395022114,wAUZPJQfXP90T04Hh3su1Q,2023-07,
46.73399321891014,-117.1699395022114,wAUZPJQfXP90T04Hh3su1Q,2023-07,
46.73385414296335,-117.1707057735645,5NJM2Zs3Zn4SQO2GjGWm4w,2023-07,
46.73396327657933,-117.1709368028197,mrJTvEVdLdwM5wCjmlGItg,2023-07,
46.73409395443983,-117.1712779283196,q9UYQTz3gzubJTVg5mL_cw,2023-07,
46.73418704681193,-117.1714961924885,629KpQmJvkkS6V9kAJ8ElA,2023-07,
46.73389206051054,-117.1720058343594,5pTVuo8rYMpIvSZ1HnirmA,2023-07,
46.73404235827051,-117.172352878591,Kvdq7T21ElK4HIZ0IgV_8A,2023-07,
46.73408129980232,-117.172793669568,EWQJh-ZIWlUbMiK7Rnw0HQ,2023-07,
46.73400766859051,-117.1728642445575,BPw7NKthjDbllAxZwb1Niw,2023-07,
46.73398365920888,-117.1734269699543,MR1Twj3PFywoT5dlTFU53g,2023-07,
46.73408528128743,-117.1736513210526,MJjfUYtIgi2b7Wy7WvoIlA,2023-07,
46.73418319792513,-117.1738674912577,R7RupXvNvkxxBpbbXa3PzQ,2023-07,
46.73406422588594,-117.1745216753474,T3WqDZIaIlOFgRmdGwp6zA,2022-09,
46.73398696402064,-117.1745912147356,22Va3Vl-DD95wU7BofEKYg,2022-09,
46.73388379710784,-117.1746861779721,IIXn4w5B4t4I1NfUBWjKsw,2022-09,
46.73421324491788,-117.1757012223492,lzkSA07LozYvWNpgfnuiqA,2022-09,
46.73406356403102,-117.1758573679411,QtWqtC69bp6aPpE8YSC8mg,2022-09,
46.73399002320531,-117.1759415343685,B-xGXGxahR_L7YYRWRImMQ,2022-09,
46.73397937391437,-117.1762994571491,0_0R_SseFJUpVQaamzowKw,2022-09,
46.73382472204072,-117.1764737586701,uUopeZ7dT4FIWv-Bfb3-ug,2022-09,
46.73430718998011,-117.1775745240516,wPh4gtMXhvf3vj5JZ9jEnA,2023-07,
46.73415834631701,-117.1777335872742,pqlTbEzFaik-jp_aVhX0WA,2023-07,
46.73404899161559,-117.1778532987846,cM7rqBNEGKLNnbitIGquiw,2023-07,
46.73397635544059,-117.1779329949895,_xgcjJRUPyV9_W3xIbPfkg,2023-07,
46.73383177347583,-117.1780915538245,m3EKqD_qqzwVcwXoBFmL-w,2023-07,
46.7342365153763,-117.1793088783529,kkAn7iRzu2Mi8igg0XuI6Q,2022-09,
46.7341612959366,-117.1793775591704,21fZt4atdDuA-9QGEytXwQ,2022-09,
46.73400664663576,-117.1795189458478,fKplrhpUO9HHpy7K2QzYjw,2022-09,
46.73425263924262,-117.1678263108891,pLyyXbniP_i0XPB9uOq4Eg,2023-07,
46.73475719680192,-117.1687226122705,ARBsEnj8iPNmJTaiNLuyCQ,2021-09,
46.73475719680192,-117.1687226122705,ARBsEnj8iPNmJTaiNLuyCQ,2021-09,
46.7342924999999,-117.1692169,None,None,ZERO_RESULTS
46.73434429233273,-117.1699085745373,FOeUpMB7A6Ij14BVaECcvw,2023-07,
46.73425719522572,-117.169916322164,DUyfyAPoB1pRA5jAl8tr5Q,2023-07,
46.73446485599813,-117.1701703817695,wantWVOCG_gCVc-GbPMnPQ,2023-07,
46.73434763864541,-117.170791758922,vVP2ZWL8nmtHxn-rRwJ7UQ,2023-07,
46.73427168296799,-117.1708614880586,ISTjzY4nGUrc5K3Woi8roA,2023-07,
46.73414018306915,-117.1713862836206,XPxCOsWFvn_7Rdx6LtsvTg,2023-07,
46.73423397335679,-117.1716061663786,9TzTjTRnfZUjXJy1BR6Vhw,2023-07,
46.73437861575741,-117.1719452061138,Dq9nuV1hgK-rPoPPA7Kmvg,2023-07,
46.73435070253714,-117.1725337400667,Elc8GAAHdWo_D-3rvsB32Q,2023-07,
46.73427266295106,-117.1726094244332,V5MdGLG5zRPrWL4BzlxZaQ,2023-07,
46.73415708611603,-117.1727211967787,Ddh2gyPF3x8BycvL0ZDvvQ,2023-07,
46.73403486918959,-117.1735400698864,vWRFLDXiFo5vChnHuFcZew,2023-07,
46.73413476971417,-117.1737605940464,FQtrYwwkvyxVf18c-hIOzg,2023-07,
46.7342775088844,-117.1740757115614,sHOiy83eBcTqiyLz1xZxdg,2023-07,
46.73430450645724,-117.1743053362846,anZrJ_DSI9fS-5fFjClVUQ,2022-09,
46.73414264895316,-117.1744510158079,h-inf2K80-1v1WJC_EKugw,2022-09,
46.73447468523477,-117.175338733297,TQTHpDjVWhIKJHPji1d9wQ,2022-09,
46.73434776634401,-117.1755226671004,s9YHxiUkazmqmzu-jnzd6g,2022-09,
46.73428232058271,-117.1756177333266,FJJAvpiQ4ZXu_J3Y6lshYg,2022-09,
46.73421192610404,-117.1760286286859,raBzlJNsm91z082hEk70eQ,2022-09,
46.73413740327963,-117.1761153855368,iTE_pVfnFUVh06NET9MHwA,2022-09,
46.73397937391437,-117.1762994571491,0_0R_SseFJUpVQaamzowKw,2022-09,
46.73445659531019,-117.1774166802895,FhTyXYQmeYBWrzlpbzDc5g,2023-07,
46.73430718998011,-117.1775745240516,wPh4gtMXhvf3vj5JZ9jEnA,2023-07,
46.7342326208458,-117.1776533899674,4t-galX5_7si8Sc1gSlkQQ,2023-07,
46.73412134560249,-117.1777740834446,aIuc6TrjqWvwa2SejkXHWg,2023-07,
46.7343984099002,-117.1791609283709,pNBj15x-fH6e_CHOPqs5ng,2022-09,
46.7343984099002,-117.1791609283709,pNBj15x-fH6e_CHOPqs5ng,2022-09,
46.73431914685696,-117.1792332931781,MelLWeRkjXlc2GDFrOMWyg,2022-09,
46.7342365153763,-117.1793088783529,kkAn7iRzu2Mi8igg0XuI6Q,2022-09,
46.73473390853353,-117.1681781333188,E8b8jVomtTRWZpi9UqWLXg,2021-09,
46.73474573223291,-117.1684537063515,qFHH8VPWVomfX8iqSg6fMA,2021-09,
46.73476279240162,-117.1688521685517,FOWcH3oCNqkCrfl8hPtCVA,2021-09,
46.73478026824685,-117.1692400053662,9V5tcPjrRuFxbHXbAHDq3Q,2021-09,
46.7345251934579,-117.169892648199,M6Ap-HThHlL1UQUL9cSTDw,2023-07,
46.7345251934579,-117.169892648199,M6Ap-HThHlL1UQUL9cSTDw,2023-07,
46.73451475489101,-117.170272481,rX-amXGiV2fIyhrDnAUhuQ,2023-07,
46.73457805041755,-117.1705776015921,yIKBSC9EopyVIP4DQ5Xq3g,2023-07,
46.7344220666772,-117.1707230296036,2AD9xqpbWaPGsWSQW-kpyw,2023-07,
46.73434763864541,-117.170791758922,vVP2ZWL8nmtHxn-rRwJ7UQ,2023-07,
46.73432942181704,-117.1718298133257,rAk5q3HhtfnY1mwvYWkZCg,2023-07,
46.73442933158386,-117.1720639645701,aIH8wlm1BVoV1GrfsuvxQw,2023-07,
46.7345361328957,-117.1723143340893,t-lUDrMytU_XiBMFWGle4w,2023-07,
46.73462526741653,-117.1725151645672,Ydf-W-wC7qJOJRYPOiXcSg,2023-07,
46.73476931392938,-117.1728379170779,qTGbqGyprWM4igWcfa61IA,2023-07,
46.73487009247001,-117.1730637133794,snMKiUOABKZ5VSf6zZGg1Q,2023-07,
46.73469219689511,-117.1739100647046,cogc-W0MFP-VDdxeVj5YxQ,2023-07,
46.73458185612991,-117.174024652701,uROEa-p-OtoXjl1s7d6SVw,2023-07,
46.73442726546162,-117.1741853950463,ziimm7P0-1j_ZkmgoFHOQw,2023-07,
46.73473231609978,-117.17493837841,YtFmRoP25q9D9a2dMmCeqQ,2022-09,
46.73461401892424,-117.175135811438,Oskv80H-xBcF9tUsnPAKRQ,2022-09,
46.73447468523477,-117.175338733297,TQTHpDjVWhIKJHPji1d9wQ,2022-09,
46.73449392377276,-117.1756870292313,xLm6uCnjmkKRemKoBFlTWA,2022-09,
46.73443044811605,-117.175768822323,CO3kIeZYQaHFKnAGc6lf_A,2022-09,
46.73428826352963,-117.1759397523702,MKvFfkI8H53QtVHBbQz0Ow,2022-09,
46.73475171413464,-117.1770946195204,bOxjHiiqmWPpb7HYFC96XQ,2023-07,
46.7346050343585,-117.1772557839682,KWPW12jPXXucDzwcgrWDUw,2023-07,
46.7345309436807,-117.177336814858,SKbIvqUWwzk9OZgte_3lxQ,2023-07,
46.73438196317709,-117.1774954820197,WI_7ukMxVECShvAQeXrp2g,2023-07,
46.73438196317709,-117.1774954820197,WI_7ukMxVECShvAQeXrp2g,2023-07,
46.73471325551479,-117.1788735674107,NlHujcfdaRRt4UZ3kWKa5Q,2022-09,
46.73462519347252,-117.1789535967201,LrDj4-Dkor9nhXsIWtFn1g,2021-09,
46.73455669539066,-117.1790162073716,1xVM-_brrDBcOcZcPJIpxw,2022-09,
46.73477053456151,-117.1793800956279,d8C_Fv8HtnI9vud5Tz4qmw,2022-09,
46.73473390853353,-117.1681781333188,E8b8jVomtTRWZpi9UqWLXg,2021-09,
46.73475153916086,-117.1685892643497,9OCURzcz-TwvrEpV7Jclcg,2021-09,
46.73476279240162,-117.1688521685517,FOWcH3oCNqkCrfl8hPtCVA,2021-09,
46.73478026824685,-117.1692400053662,9V5tcPjrRuFxbHXbAHDq3Q,2021-09,
46.73479237300725,-117.1695076456208,HfSAJeeZbwTZKhiDkkwWOA,2021-09,
46.73485730005578,-117.1698743498972,ri7tZDENdF-Tculpr2buqg,2021-09,
46.73484986069483,-117.1702297579614,Xwb9ydU44dfc2KgX7lxQcA,2023-07,
46.73473829406077,-117.1704301251929,9L8JiMJwGOGUctmlfRB-yw,2023-07,
46.73465893747647,-117.1705022721663,VkgXWmCgSXOhxG4S8tvaJQ,2023-07,
46.7350121748873,-117.171947954352,_jMuKWV3S_ZxUtZ-VfLbBQ,2023-07,
46.73492948780345,-117.1720017621295,Jead9g1bQcMwdlT8GEm4_g,2023-07,
46.73485121211304,-117.1720678207539,A3XnkibHcESm4FD7agcdUA,2023-07,
46.73477409020445,-117.1721355800043,Rq-S_c7ohy3zvE0dL3c5iw,2023-07,
46.73471772778848,-117.172722245774,m8-dl8Cyo9rNEv7J0jes8g,2023-07,
46.73481900516156,-117.1729491970478,B-nWrHUR4ZpylfYKFokDXg,2023-07,
46.73494824520727,-117.1732388539901,1K5x1x3BKJwzuEKsLZsgwg,2023-07,
46.73488468957363,-117.1737102631505,GNpdoUb7Su_iPQtqzQW-WA,2023-07,
46.73476354535232,-117.1739411536146,usq7rFoQe19MLPKqqYULEA,2021-09,
46.734724661093,-117.1739669856847,rTkmG_gXMmo2tHaAfWOYyg,2021-09,
46.73480195728399,-117.174949456117,W8IRc6dr0KnBAFxystmlYQ,2022-09,
46.73483855988599,-117.175093823301,9ngXcTsCYhWn1TeCDE3xvQ,2022-09,
46.7347446722408,-117.1753225378331,Oq_m53PbbNR9q9v_wC55zg,2022-09,
46.73468231287004,-117.1754254091188,khVQOQPYkp86kTaak8qjkw,2022-09,
46.73455702825188,-117.1756057541079,1tixW1eC2RlcwP3WKmczRA,2022-09,
46.73504066081027,-117.1767674901994,qE_1KSpQNP4G_KvRr0N-GA,2023-07,
46.73489809952299,-117.1769321223842,I9yNP90zMAcpK0hIH5v-Iw,2023-07,
46.73482495049752,-117.1770125802676,S_Sn2lT95Ukzyyesqg6H6Q,2023-07,
46.73467907293533,-117.177174956327,vHZ6hFknFYUUIeGX1OCUcw,2023-07,
46.7346050343585,-117.1772557839682,KWPW12jPXXucDzwcgrWDUw,2023-07,
46.73506350132131,-117.1785553720209,MBryZuFgb820_KBa_Bh6dA,2022-09,
46.73494407427632,-117.1786638256012,3EsSGrIf4eIn0HLIu57i3w,2022-09,
46.7347916614787,-117.1788023764625,2GayWzYXMIsqmjbTr9hzyw,2022-09,
46.73473624484733,-117.1792586661433,83Fug1htzavXj5zobpQRmw,2022-09,
46.73480004738867,-117.179504968884,_ziV_akdfhyJZfSFxyTZkw,2022-09,
