47.29464757158332,-122.5014677343537,7hUZqdvH0W7lU4KIn9ZOAA,2021-07,
47.29472830873737,-122.5017047297344,m43VOF3O75mibeKxiJvYiA,2021-07,
47.29479884189949,-122.5019442531107,_PKmRUtomzLUzSL7Dg8D0w,2021-07,
47.29484431474155,-122.5023323877367,Tuua7tEtzPkHBGp0mAAXUw,2021-07,
47.29483715366797,-122.5025168545119,UD2zNAt5sTnE4eLOyGItfg,2021-07,
47.29476203364624,-122.502739009004,lu6wxwzkZKuxfzD6iF4xHA,2021-07,
47.29470324184183,-122.5028345497596,0-37lv0qUY4WmAtCh04aig,2021-07,
47.29434988988667,-122.5030132903978,MQ_pYJcd0YeXKgS6-OSnzQ,2021-07,
47.29490802277197,-122.5051760726435,xrHM4Ejns6fLhsD7mwcuvg,2015-06,
47.29498398776294,-122.5051750077878,gzOdCIYjrVBucZ0TmMapdg,2015-06,
47.29498398776294,-122.5051750077878,gzOdCIYjrVBucZ0TmMapdg,2015-06,
47.29498398776294,-122.5051750077878,gzOdCIYjrVBucZ0TmMapdg,2015-06,
47.29498398776294,-122.5051750077878,gzOdCIYjrVBucZ0TmMapdg,2015-06,
47.29485011781015,-122.5057421965122,Ronsco93dcfc62KTILpE3Q,2018-10,
47.29485112669084,-122.5059981087843,r-jhmnNPi1paOrldr_wvtQ,2018-10,
47.29485255309727,-122.5063988819085,XAhKeZng7mQuWtqAjx55qg,2018-10,
47.2949999581004,-122.5068615844052,acy3rPN3QGfjZj943ww7Sw,2018-10,
47.2949999581004,-122.5068615844052,acy3rPN3QGfjZj943ww7Sw,2018-10,
47.29486815772059,-122.5074452742433,ADO-qSOs0zt1uj12uYoQNA,2018-10,
47.29487339378375,-122.507715106987,6W3FLf6U9EkBcXvRLLuHaA,2018-10,
47.29503057614576,-122.508103527178,3NI1B_fSWbSFGx9OaLrrSA,2018-10,
47.29488573979786,-122.5084838354913,NKhnTvm01cORFo0hNzAI4g,2018-10,
47.29488913137623,-122.5087573713212,6GnPUS7a0L6MWR2JreGrvQ,2018-10,
47.29489390963248,-122.5091428424671,zKPrKoho7M-iDA2Tc6oIZw,2018-10,
47.29501752850296,-122.5095473351993,NLmmKYtRmeDZDCCoHEeOLw,2018-10,
47.29489885687895,-122.5097616894614,A29QN4WgWgBluaC_bL9ZEg,2018-10,
47.29489856269106,-122.5101568315055,6UiieHNO32GUJiVW-GaEwA,2018-10,
47.2948988835459,-122.5104730241077,V8xF-K1U5BPk5IBWXWNbXA,2018-10,
47.29490061759994,-122.5107755970301,BUN6LQVah3-9BTUeCCX8iw,2018-10,
47.29490283411003,-122.5111567982454,sHKdnLA-RyUk21wpu6sjUg,2018-10,
47.29490502236487,-122.5115378219792,gRiZBYB04dZt3JvamtoGqA,2018-10,
47.29490649297048,-122.5117969493927,qINnwK1-jsLSqIffkxPWng,2018-10,
47.29490700660052,-122.5121908329288,rolfdwPUhw5rBxzaFCxKGA,2018-10,
47.29490551680968,-122.5125902325321,l1s_WnqRL-C-LPNXtjT6zQ,2018-10,
47.29553708463389,-122.5010118851014,3DF34Y4BrrQQVHyhWIgTBQ,2022-10,
47.29553708463389,-122.5010118851014,3DF34Y4BrrQQVHyhWIgTBQ,2022-10,
47.29481810720277,-122.502071961795,vzcDQlbSqRSHSPtVj4H3Cw,2021-07,
47.29484431474155,-122.5023323877367,Tuua7tEtzPkHBGp0mAAXUw,2021-07,
47.29483715366797,-122.5025168545119,UD2zNAt5sTnE4eLOyGItfg,2021-07,
47.2952601,-122.50295349999999,None,None,ZERO_RESULTS
47.2952601,-122.50329579999999,None,None,ZERO_RESULTS
47.2952601,-122.50363809999999,None,None,ZERO_RESULTS
47.29490802277197,-122.5051760726435,xrHM4Ejns6fLhsD7mwcuvg,2015-06,
47.29498398776294,-122.5051750077878,gzOdCIYjrVBucZ0TmMapdg,2015-06,
47.29524605623448,-122.5051710955548,1qB3o2_P84bQB05GT30ATg,2015-06,
47.29524605623448,-122.5051710955548,1qB3o2_P84bQB05GT30ATg,2015-06,
47.29524605623448,-122.5051710955548,1qB3o2_P84bQB05GT30ATg,2015-06,
47.29524605623448,-122.5051710955548,1qB3o2_P84bQB05GT30ATg,2015-06,
47.29485112669084,-122.5059981087843,r-jhmnNPi1paOrldr_wvtQ,2018-10,
47.29516833529931,-122.5068791917587,dFtWVmHvV631cvHHEU1W4g,2018-10,
47.29525655691431,-122.5069005772365,-0veh52ldqIykIEUh_jgww,2018-10,
47.29525655691431,-122.5069005772365,-0veh52ldqIykIEUh_jgww,2018-10,
47.29537974202438,-122.506991322015,xmUVDNtKnKi2VZdo-zJvEw,2018-10,
47.29530294510057,-122.5081025664752,ir92QcTDD7sqz_KYrImMQw,2018-10,
47.29530294510057,-122.5081025664752,ir92QcTDD7sqz_KYrImMQw,2018-10,
47.295372397065,-122.5083692997347,FZ4Wy7iUg8YAgtcX7IJFtw,2018-10,
47.29537993954646,-122.5087620559389,qsJVjHz07NzhjjkD2Of6kw,2018-10,
47.29538763334234,-122.5091590461082,4QIzRghDYtm-_R6h3DdQbw,2018-10,
47.29529606770845,-122.5095434597831,_SUs1vFNRDEUoesEhhkGHg,2018-10,
47.29539372102392,-122.5098314127647,3SFEk9T8RZb-2JaciDavcw,2018-10,
47.29539257530057,-122.5100880542294,0uN5WwR8IU4C4-bKNBUFgA,2018-10,
47.29533876771487,-122.5106029473742,zjcdjXL1hyHjOuXp4PmTwg,2018-10,
47.29532727698171,-122.5108615039121,EOvArrCOcOgphhxNRZA0vg,2018-10,
47.29532760292732,-122.5111273860133,AcDJC0x19rvS4eyvrB7_fg,2018-10,
47.29532803436966,-122.5115181352587,xcAohNWeg-uVZNNB742YFQ,2018-10,
47.29532850529335,-122.5119098031439,tXFj3hM1kGGCtWmObYCc-w,2018-10,
47.29532888123912,-122.5121760429858,YoVayzMPOHhbs2zKL5facw,2018-10,
47.29532985492276,-122.5125040453789,TTeR0jHIL2m_j7nk3OIPhw,2018-10,
47.29559571941781,-122.5011246100276,qfnrmFkE3ndKk3_Yv7dSqA,2022-10,
47.29570706257039,-122.5013385929051,j1I49SJzaQ35qV_73xyHtA,2022-10,
47.29586030663335,-122.5016532845584,Om5nxzJuN3rXUgfKUy6WKQ,2022-10,
47.29481810720277,-122.502071961795,vzcDQlbSqRSHSPtVj4H3Cw,2021-07,
47.29619161057345,-122.5022946502371,IPxa86t1j5ZCgiSFhbTKTA,2022-10,
47.29619161057345,-122.5022946502371,IPxa86t1j5ZCgiSFhbTKTA,2022-10,
47.29619161057345,-122.5022946502371,IPxa86t1j5ZCgiSFhbTKTA,2022-10,
47.2955298,-122.50363809999999,None,None,ZERO_RESULTS
47.2955298,-122.50398039999999,None,None,ZERO_RESULTS
47.2955298,-122.50432269999999,None,None,ZERO_RESULTS
47.29554381419318,-122.5051666724088,lo88lIJY4ZMYSJ5vAuxelQ,2015-06,
47.29554381419318,-122.5051666724088,lo88lIJY4ZMYSJ5vAuxelQ,2015-06,
47.29554381419318,-122.5051666724088,lo88lIJY4ZMYSJ5vAuxelQ,2015-06,
47.29554381419318,-122.5051666724088,lo88lIJY4ZMYSJ5vAuxelQ,2015-06,
47.29516833529931,-122.5068791917587,dFtWVmHvV631cvHHEU1W4g,2018-10,
47.29537974202438,-122.506991322015,xmUVDNtKnKi2VZdo-zJvEw,2018-10,
47.29545711787362,-122.507052621372,TXfBQkorW9ut1IIAvJsr-A,2018-10,
47.2955423999988,-122.5071008157952,6_haTdLys9NOZxt1MY9FCg,2018-10,
47.2956293322537,-122.5071385758756,YtS21-7QRQxNZzS6re6vvg,2018-10,
47.29553044632782,-122.5080951327026,3PzwosH4-RwQmmx0GDxeYA,2018-10,
47.29553044632782,-122.5080951327026,3PzwosH4-RwQmmx0GDxeYA,2018-10,
47.29537490925744,-122.5085012729954,gKeT43-UPCjFBWacdsFoGQ,2018-10,
47.29537993954646,-122.5087620559389,qsJVjHz07NzhjjkD2Of6kw,2018-10,
47.29538763334234,-122.5091590461082,4QIzRghDYtm-_R6h3DdQbw,2018-10,
47.29552096488453,-122.5095355879227,8-i7mFfdubZ_W6DdINWLeA,2018-10,
47.29539372102392,-122.5098314127647,3SFEk9T8RZb-2JaciDavcw,2018-10,
47.29539257530057,-122.5100880542294,0uN5WwR8IU4C4-bKNBUFgA,2018-10,
47.29537716419389,-122.5104823296437,15tLYQVho7O8HtzY-47ebw,2018-10,
47.29532727698171,-122.5108615039121,EOvArrCOcOgphhxNRZA0vg,2018-10,
47.29532760292732,-122.5111273860133,AcDJC0x19rvS4eyvrB7_fg,2018-10,
47.29532803436966,-122.5115181352587,xcAohNWeg-uVZNNB742YFQ,2018-10,
47.29532850529335,-122.5119098031439,tXFj3hM1kGGCtWmObYCc-w,2018-10,
47.29532888123912,-122.5121760429858,YoVayzMPOHhbs2zKL5facw,2018-10,
47.29532985492276,-122.5125040453789,TTeR0jHIL2m_j7nk3OIPhw,2018-10,
47.29574616586306,-122.5013074108272,cKlLSIczgwwjkPkDho3l8A,2021-07,
47.29581068212556,-122.5015499128519,RP1SW7Q1e88qMf6xXPlgGg,2022-10,
47.29591446105927,-122.5017623032118,RbLysj4F274hFkGi8aMk5Q,2022-10,
47.29602329661965,-122.5019784200205,WLEjaQF8CNIHrJOvQm5Ing,2022-10,
47.29613536686657,-122.5021895906256,YW8bGSiJBUxqfuujauu8DA,2022-10,
47.29619161057345,-122.5022946502371,IPxa86t1j5ZCgiSFhbTKTA,2022-10,
47.29619161057345,-122.5022946502371,IPxa86t1j5ZCgiSFhbTKTA,2022-10,
47.295799499999994,-122.50363809999999,None,None,ZERO_RESULTS
47.295799499999994,-122.50398039999999,None,None,ZERO_RESULTS
47.295799499999994,-122.50432269999999,None,None,ZERO_RESULTS
47.29565647151065,-122.5051650816055,lUgmy9hxRFKb-2633iDydg,2015-06,
47.29565647151065,-122.5051650816055,lUgmy9hxRFKb-2633iDydg,2015-06,
47.29565647151065,-122.5051650816055,lUgmy9hxRFKb-2633iDydg,2015-06,
47.29565647151065,-122.5051650816055,lUgmy9hxRFKb-2633iDydg,2015-06,
47.295799499999994,-122.50603419999999,None,None,ZERO_RESULTS
47.29545711787362,-122.507052621372,TXfBQkorW9ut1IIAvJsr-A,2018-10,
47.29571973108904,-122.5071690891438,4jq4LpA8Hnm0VGuHdNUI8A,2018-10,
47.29571973108904,-122.5071690891438,4jq4LpA8Hnm0VGuHdNUI8A,2018-10,
47.29579537025509,-122.5073364531689,tLUDRrA1aed2y3vh6RWikA,2018-10,
47.29579891262144,-122.5077174580118,rABnLs_4A31kjSBoPEWcQQ,2018-10,
47.29586640196271,-122.5080823259921,c8xulu7i58CDDpDS1L09VQ,2018-10,
47.29580745859868,-122.508406221313,EkV9HmSPSexYZGr4CKDuRA,2018-10,
47.29581419597491,-122.5088311165749,KwJmSdmDT2Mj-AQZE46SdQ,2018-10,
47.29581846312433,-122.5091005890622,i_vPovrjAbGL876_KceesQ,2018-10,
47.29582453772876,-122.5094921991354,4lpaFCbEzC2k4eykvWAOLg,2018-10,
47.29582261224027,-122.5097612546452,aD6O0Dw1CodoNA7-GScLKQ,2018-10,
47.29582717092915,-122.5101568434092,SUip7aTci0Mi8b7CxHNySA,2018-10,
47.29580811743729,-122.5105466101656,fb9AkPi2PHbqCRgw63-DFA,2018-10,
47.29578125782163,-122.5107990707788,VkuvjHG__lLJZvBx0BwdcA,2018-10,
47.29578259696628,-122.5112000671533,79i7MEzZAjBnGiLrSuyWSg,2018-10,
47.29578349208484,-122.5114562994863,XhWEtrSK-DwxhlQmbmciWg,2018-10,
47.29578478952468,-122.5118448464396,FpSiUXEY95cqX3-Ua0vqMg,2018-10,
47.29578478952468,-122.5118448464396,FpSiUXEY95cqX3-Ua0vqMg,2018-10,
47.29585324697533,-122.5130505362111,xbfgZZDuvgoey1B7UQn5KQ,2018-10,
47.29585672516342,-122.5015167889786,Do66_1P_yzXlO1K5PgHtCw,2021-07,
47.29596293202378,-122.5017178656453,Yh61iSmz8WVxUBKE5FoQMg,2021-07,
47.29607670982814,-122.5019330914409,ZrqZ7a51oLZkA5Y4Uxj6jQ,2021-07,
47.29613536686657,-122.5021895906256,YW8bGSiJBUxqfuujauu8DA,2022-10,
47.29624733352504,-122.5023984678475,sMG6YEwzV6t31ivAswQ1AQ,2022-10,
47.29636090644939,-122.502610409355,x_CYUqayiMIE2uPKCBM0FQ,2022-10,
47.29636090644939,-122.502610409355,x_CYUqayiMIE2uPKCBM0FQ,2022-10,
47.29664282366526,-122.5031413709875,FoMiHVOZCiOvhSffpPcOmQ,2022-10,
47.29606919999999,-122.50398039999999,None,None,ZERO_RESULTS
47.29606919999999,-122.50432269999999,None,None,ZERO_RESULTS
47.29606919999999,-122.50466499999999,None,None,ZERO_RESULTS
47.29565647151065,-122.5051650816055,lUgmy9hxRFKb-2633iDydg,2015-06,
47.29565647151065,-122.5051650816055,lUgmy9hxRFKb-2633iDydg,2015-06,
47.29606919999999,-122.50569189999999,None,None,ZERO_RESULTS
47.29606919999999,-122.50603419999999,None,None,ZERO_RESULTS
47.29606919999999,-122.50637649999999,None,None,ZERO_RESULTS
47.29674003412566,-122.5075384434212,_d5PuaC6bgu6mJ-TNdQJJA,2018-10,
47.29579537025509,-122.5073364531689,tLUDRrA1aed2y3vh6RWikA,2018-10,
47.29579537025509,-122.5073364531689,tLUDRrA1aed2y3vh6RWikA,2018-10,
47.29605720445917,-122.5080801609785,RiRq9wVbAclIKffXYMHevg,2018-10,
47.29605720445917,-122.5080801609785,RiRq9wVbAclIKffXYMHevg,2018-10,
47.2962555898039,-122.5084389422136,Cfgn9s62cPLAvQTmN_bSRg,2018-10,
47.29625979398355,-122.5088314760899,_ZOhrDJdDd2pqjJBLY2Gww,2018-10,
47.29626262311303,-122.509099977854,yKtX67rxZ6y-BMHUQ_S60g,2018-10,
47.29626736553896,-122.5094942145064,ygRn_wLoAqjJWv1sGC2aKw,2018-10,
47.29627168225873,-122.5097569796257,PVocSi71RG9QGfC_zgjsWg,2018-10,
47.29627714688699,-122.510017176495,jyCjSwtOCVLG2YzqP_eM5A,2018-10,
47.29582688993632,-122.5104199302684,iqfXFXME539AQ6WjeO-IBQ,2018-10,
47.29578125782163,-122.5107990707788,VkuvjHG__lLJZvBx0BwdcA,2018-10,
47.29578259696628,-122.5112000671533,79i7MEzZAjBnGiLrSuyWSg,2018-10,
47.29578349208484,-122.5114562994863,XhWEtrSK-DwxhlQmbmciWg,2018-10,
47.2962020924816,-122.5121962376069,fotDTj6icra-6ZcW7hUMHA,2014-08,
47.2962020924816,-122.5121962376069,fotDTj6icra-6ZcW7hUMHA,2014-08,
47.29621015813976,-122.5125422574141,d4t-RY6TMEZwof6MScPx-w,2014-08,
47.29633889999999,-122.50124199999999,None,None,ZERO_RESULTS
47.29607670982814,-122.5019330914409,ZrqZ7a51oLZkA5Y4Uxj6jQ,2021-07,
47.29619013228808,-122.5021478647189,BoAPBEd35wrqbmCnB3ynrw,2021-07,
47.2962977733228,-122.5023515004126,WIJK96kxN0llC2GbgQ41fA,2021-07,
47.29636090644939,-122.502610409355,x_CYUqayiMIE2uPKCBM0FQ,2022-10,
47.29647433413956,-122.5028220227106,-O_IE1w5-x9uBwnjHSroZg,2022-10,
47.29658626114778,-122.5030341703225,qJuhHElgi9bNeqVXaPH41g,2022-10,
47.29669909023031,-122.5032481937358,KlWz4udvtjNr0hna1zDCIg,2022-10,
47.29686760552914,-122.5035677242429,KcP7xUbsPjOSaOV1LlC9pA,2022-10,
47.29633889999999,-122.50432269999999,None,None,ZERO_RESULTS
47.29633889999999,-122.50466499999999,None,None,ZERO_RESULTS
47.29633889999999,-122.50500729999999,None,None,ZERO_RESULTS
47.29633889999999,-122.50534959999999,None,None,ZERO_RESULTS
47.29633889999999,-122.50569189999999,None,None,ZERO_RESULTS
47.29633889999999,-122.50603419999999,None,None,ZERO_RESULTS
47.29674003412566,-122.5075384434212,_d5PuaC6bgu6mJ-TNdQJJA,2018-10,
47.29674003412566,-122.5075384434212,_d5PuaC6bgu6mJ-TNdQJJA,2018-10,
47.29675545319014,-122.5072690549006,or_gqW8IBfQnqk2VJjk8Ew,2018-10,
47.2967386783098,-122.5074020350615,Secx6xEOKvhwJWGmanslSQ,2018-10,
47.29637547498497,-122.5080745838448,wkfkbQuJfK7hqmL0xD1kPg,2018-10,
47.29637547498497,-122.5080745838448,wkfkbQuJfK7hqmL0xD1kPg,2018-10,
47.2962555898039,-122.5084389422136,Cfgn9s62cPLAvQTmN_bSRg,2018-10,
47.29625979398355,-122.5088314760899,_ZOhrDJdDd2pqjJBLY2Gww,2018-10,
47.29626262311303,-122.509099977854,yKtX67rxZ6y-BMHUQ_S60g,2018-10,
47.29626736553896,-122.5094942145064,ygRn_wLoAqjJWv1sGC2aKw,2018-10,
47.29627168225873,-122.5097569796257,PVocSi71RG9QGfC_zgjsWg,2018-10,
47.2963071107671,-122.5101428759864,aRwnW0FyXSh6s7Os8psBiQ,2018-10,
47.29636738412202,-122.5102195177115,TOwhVRn684_w1JdzeDzr7g,2018-10,
47.29671164636621,-122.5107419405318,Dpozrg3318C5hyheiZvD_A,2018-10,
47.29671789109874,-122.511133789258,zIjlEDWtrCCh9oMP-ppsow,2018-10,
47.29672209653906,-122.5115328389753,tSXcvfHVt64r7UHNWdsH7A,2018-10,
47.2962020924816,-122.5121962376069,fotDTj6icra-6ZcW7hUMHA,2014-08,
47.2962020924816,-122.5121962376069,fotDTj6icra-6ZcW7hUMHA,2014-08,
47.29621015813976,-122.5125422574141,d4t-RY6TMEZwof6MScPx-w,2014-08,
47.296608599999985,-122.50124199999999,None,None,ZERO_RESULTS
47.296608599999985,-122.50158429999999,None,None,ZERO_RESULTS
47.2962977733228,-122.5023515004126,WIJK96kxN0llC2GbgQ41fA,2021-07,
47.29641252967962,-122.5025678380986,iSp59BbcTqTVInukEMWACQ,2021-07,
47.29652940701202,-122.502788763269,bpiN29yAzdN--JEdTjK-OA,2021-07,
47.29663712674108,-122.5029958205675,ZE92xLbOP9rJOegFvW0AWw,2021-07,
47.29669909023031,-122.5032481937358,KlWz4udvtjNr0hna1zDCIg,2022-10,
47.296811365786,-122.5034610786858,Ks_9-WAbdyCFpw4Y33bf4g,2022-10,
47.29692425348162,-122.5036751804553,dYoRGi6BoXpJH09i9svPnw,2022-10,
47.29686760552914,-122.5035677242429,KcP7xUbsPjOSaOV1LlC9pA,2022-10,
47.296608599999985,-122.50466499999999,None,None,ZERO_RESULTS
47.296608599999985,-122.50500729999999,None,None,ZERO_RESULTS
47.296608599999985,-122.50534959999999,None,None,ZERO_RESULTS
47.296608599999985,-122.50569189999999,None,None,ZERO_RESULTS
47.296608599999985,-122.50603419999999,None,None,ZERO_RESULTS
47.29674003412566,-122.5075384434212,_d5PuaC6bgu6mJ-TNdQJJA,2018-10,
47.29675545319014,-122.5072690549006,or_gqW8IBfQnqk2VJjk8Ew,2018-10,
47.29675545319014,-122.5072690549006,or_gqW8IBfQnqk2VJjk8Ew,2018-10,
47.2967386783098,-122.5074020350615,Secx6xEOKvhwJWGmanslSQ,2018-10,
47.29674258901395,-122.5077900087443,JGgVuF99FkHRSIdgPFiUgw,2018-10,
47.2966533390846,-122.508067084941,ak3Wxh-_WwXC8VhAjiciiw,2018-10,
47.2967485156611,-122.5084118498849,-_-XYG3mj6rNOuwFGiBHhA,2018-10,
47.29675208748665,-122.5087998305919,N8D9kIS5FXejXYOAzq5yXg,2018-10,
47.29672689277128,-122.5091914054772,DDcHTFECuj-wPrGRx1YEwg,2018-10,
47.29670591061523,-122.5094591689596,9SfRLtLUR-5KdEydDnAKaw,2018-10,
47.2966975782743,-122.5098636585209,WthcAY4q7b35fljVo1sOjA,2018-10,
47.2966283117396,-122.5102438734084,lyHjMf6g52B66DzXQPes8g,2018-10,
47.29670455793758,-122.5104881685419,4oeWn6a3Q-PsOREMkb97fQ,2018-10,
47.29671509362662,-122.5108712265571,HvKN5oQ7Q41aFjq2Ev8OyQ,2018-10,
47.29671789109874,-122.511133789258,zIjlEDWtrCCh9oMP-ppsow,2018-10,
47.29672209653906,-122.5115328389753,tSXcvfHVt64r7UHNWdsH7A,2018-10,
47.29672484544938,-122.511791882137,M3LcqoklvRKghF4JM0uIMg,2018-10,
47.29672908377557,-122.512189248663,KblM2ifz8wct20E3H2zqmg,2018-10,
47.29673333492352,-122.5125873557463,AyRe2_-nrA6gVxYOszErQw,2018-10,
47.29687829999998,-122.50124199999999,None,None,ZERO_RESULTS
47.29687829999998,-122.50158429999999,None,None,ZERO_RESULTS
47.29687829999998,-122.50192659999999,None,None,ZERO_RESULTS
47.29687829999998,-122.50226889999999,None,None,ZERO_RESULTS
47.29658588083779,-122.5028972914241,GooupT0J-vpkPVoHx-q3iA,2021-07,
47.29668957081989,-122.5030966027145,9AdcQbYbno6Hsha0cOKcVg,2021-07,
47.29684444703056,-122.5033943698084,n0GCMDaBJzcw0p4GKWV2hg,2021-07,
47.29686760552914,-122.5035677242429,KcP7xUbsPjOSaOV1LlC9pA,2022-10,
47.29700604709504,-122.5037548044149,en7LEKXsSAff0xIlOosaww,2022-10,
47.29716530064805,-122.5040610586178,w9Dq2Kb-KAGcNB8DON5ynA,2021-07,
47.29736060427546,-122.5044743954043,JPVOxGDHsiFPip_lc0Anow,2022-10,
47.29741089360602,-122.5045921817281,oKHt50KYyX9_CbiRTC3pwA,2022-10,
47.29741089360602,-122.5045921817281,oKHt50KYyX9_CbiRTC3pwA,2022-10,
47.29687829999998,-122.50569189999999,None,None,ZERO_RESULTS
47.29687829999998,-122.50603419999999,None,None,ZERO_RESULTS
47.29686998404611,-122.5072466467201,K2Jpk7svUq-muqiITQhCUw,2018-10,
47.29686998404611,-122.5072466467201,K2Jpk7svUq-muqiITQhCUw,2018-10,
47.29686998404611,-122.5072466467201,K2Jpk7svUq-muqiITQhCUw,2018-10,
47.29686998404611,-122.5072466467201,K2Jpk7svUq-muqiITQhCUw,2018-10,
47.29674258901395,-122.5077900087443,JGgVuF99FkHRSIdgPFiUgw,2018-10,
47.29689420469843,-122.5080602924053,Xa9Vg6oBhKAfWu0nhVRAWA,2018-10,
47.2967485156611,-122.5084118498849,-_-XYG3mj6rNOuwFGiBHhA,2018-10,
47.29675208748665,-122.5087998305919,N8D9kIS5FXejXYOAzq5yXg,2018-10,
47.29673709746242,-122.5090602581572,VXG_JZJwD6HofG3jnwUoCw,2018-10,
47.29670591061523,-122.5094591689596,9SfRLtLUR-5KdEydDnAKaw,2018-10,
47.2966975782743,-122.5098636585209,WthcAY4q7b35fljVo1sOjA,2018-10,
47.29669767968454,-122.510127382715,5TGrzQA-m8oc5JKP1-RD4w,2018-10,
47.29670455793758,-122.5104881685419,4oeWn6a3Q-PsOREMkb97fQ,2018-10,
47.29671509362662,-122.5108712265571,HvKN5oQ7Q41aFjq2Ev8OyQ,2018-10,
47.29671789109874,-122.511133789258,zIjlEDWtrCCh9oMP-ppsow,2018-10,
47.29672209653906,-122.5115328389753,tSXcvfHVt64r7UHNWdsH7A,2018-10,
47.29672484544938,-122.511791882137,M3LcqoklvRKghF4JM0uIMg,2018-10,
47.29672908377557,-122.512189248663,KblM2ifz8wct20E3H2zqmg,2018-10,
47.29673333492352,-122.5125873557463,AyRe2_-nrA6gVxYOszErQw,2018-10,
47.29714799999998,-122.50124199999999,None,None,ZERO_RESULTS
47.29714799999998,-122.50158429999999,None,None,ZERO_RESULTS
47.29714799999998,-122.50192659999999,None,None,ZERO_RESULTS
47.29738997914934,-122.5028098685048,zKoL2hGvZiWUorlmD7jsBg,2021-07,
47.29738997914934,-122.5028098685048,zKoL2hGvZiWUorlmD7jsBg,2021-07,
47.29732993123191,-122.5029387057096,zWaatUZDudvS-Zhq3jy1bg,2021-07,
47.29718291747945,-122.5033393105931,rlScRYKivu4g0mWaFXPS1Q,2021-07,
47.29705658095746,-122.5035372444494,gdUKRFA3U0YzjIczQxtdNw,2021-07,
47.29711887493986,-122.5039717157698,g67gRtIw8q3OyAVmc12dpQ,2022-10,
47.29725911265919,-122.5042474615794,KAKF6fmTBW41vjNpzzOb7g,2022-10,
47.29736060427546,-122.5044743954043,JPVOxGDHsiFPip_lc0Anow,2022-10,
47.29751347932388,-122.5049050106622,jM27M-TXbjEPz4E-6w-EdA,2022-10,
47.29755427615505,-122.5053812257107,JpuhfZbtCx4uZNu9tJjISg,2022-10,
47.29714799999998,-122.50569189999999,None,None,ZERO_RESULTS
47.29714799999998,-122.50603419999999,None,None,ZERO_RESULTS
47.29704336263011,-122.507248004516,OTTOqrWEXRh_lLhQkZMJyw,2018-10,
47.29712537351263,-122.5072486131489,xRi7uo94wU_oLoPzQijQBQ,2018-10,
47.29712537351263,-122.5072486131489,xRi7uo94wU_oLoPzQijQBQ,2018-10,
47.29720449212731,-122.5072737852578,3Iez5oXBa0WMRAH8z6APQQ,2018-10,
47.29730524996854,-122.5077793934969,75gOtS7wvhRUdrSZObolog,2018-10,
47.29716995893079,-122.5080521102578,visvBFOvHY12vUL0Dp6lZQ,2018-10,
47.29716995893079,-122.5080521102578,visvBFOvHY12vUL0Dp6lZQ,2018-10,
47.29675208748665,-122.5087998305919,N8D9kIS5FXejXYOAzq5yXg,2018-10,
47.29673709746242,-122.5090602581572,VXG_JZJwD6HofG3jnwUoCw,2018-10,
47.2967164506514,-122.5093251333896,e5rPrL7ssPv13XxRSyGhyQ,2018-10,
47.29669767968454,-122.510127382715,5TGrzQA-m8oc5JKP1-RD4w,2018-10,
47.29669767968454,-122.510127382715,5TGrzQA-m8oc5JKP1-RD4w,2018-10,
47.29670455793758,-122.5104881685419,4oeWn6a3Q-PsOREMkb97fQ,2018-10,
47.29671509362662,-122.5108712265571,HvKN5oQ7Q41aFjq2Ev8OyQ,2018-10,
47.29671789109874,-122.511133789258,zIjlEDWtrCCh9oMP-ppsow,2018-10,
47.29672209653906,-122.5115328389753,tSXcvfHVt64r7UHNWdsH7A,2018-10,
47.29672626287815,-122.5119265063054,F89i0gaPUC3MR0XSC-yxrA,2018-10,
47.29672908377557,-122.512189248663,KblM2ifz8wct20E3H2zqmg,2018-10,
47.29711982107067,-122.5130302865498,httye8HPOOX0FbjBbNJRfw,2018-10,
47.297417699999976,-122.50124199999999,None,None,ZERO_RESULTS
47.297417699999976,-122.50158429999999,None,None,ZERO_RESULTS
47.297417699999976,-122.50192659999999,None,None,ZERO_RESULTS
47.29738997914934,-122.5028098685048,zKoL2hGvZiWUorlmD7jsBg,2021-07,
47.29738997914934,-122.5028098685048,zKoL2hGvZiWUorlmD7jsBg,2021-07,
47.29732993123191,-122.5029387057096,zWaatUZDudvS-Zhq3jy1bg,2021-07,
47.29739216318264,-122.5031082319679,wrpVsGtttew9VVpU5N6IUA,2018-10,
47.29718291747945,-122.5033393105931,rlScRYKivu4g0mWaFXPS1Q,2021-07,
47.29720323231385,-122.5041339193705,5W7kTcG7tjUGltg1t8JONg,2022-10,
47.29730990299609,-122.5043602642664,-NMvKpiJJPTQxS2yCjLueg,2022-10,
47.29741089360602,-122.5045921817281,oKHt50KYyX9_CbiRTC3pwA,2022-10,
47.29751347932388,-122.5049050106622,jM27M-TXbjEPz4E-6w-EdA,2022-10,
47.29755427615505,-122.5053812257107,JpuhfZbtCx4uZNu9tJjISg,2022-10,
47.2975964642048,-122.5055226864601,UCuvDBO9uORf4ZZBiXM0fA,2022-10,
47.2975964642048,-122.5055226864601,UCuvDBO9uORf4ZZBiXM0fA,2022-10,
47.29789150629438,-122.5060762529892,xGHd0zr7vl7bPbgC4ztrSQ,2022-10,
47.29720449212731,-122.5072737852578,3Iez5oXBa0WMRAH8z6APQQ,2018-10,
47.29720449212731,-122.5072737852578,3Iez5oXBa0WMRAH8z6APQQ,2018-10,
47.29727427777679,-122.5074006481661,JIE3S2Vo5C9REW1PfkpoLw,2018-10,
47.29730524996854,-122.5077793934969,75gOtS7wvhRUdrSZObolog,2018-10,
47.29743930067797,-122.5080339962513,rfNPTJEhizLy0dkntC5RPA,2018-10,
47.29743930067797,-122.5080339962513,rfNPTJEhizLy0dkntC5RPA,2018-10,
47.29716995893079,-122.5080521102578,visvBFOvHY12vUL0Dp6lZQ,2018-10,
47.297417699999976,-122.50911489999999,None,None,ZERO_RESULTS
47.29669767968454,-122.510127382715,5TGrzQA-m8oc5JKP1-RD4w,2018-10,
47.29669767968454,-122.510127382715,5TGrzQA-m8oc5JKP1-RD4w,2018-10,
47.29669767968454,-122.510127382715,5TGrzQA-m8oc5JKP1-RD4w,2018-10,
47.29669767968454,-122.510127382715,5TGrzQA-m8oc5JKP1-RD4w,2018-10,
47.297417699999976,-122.51082639999998,None,None,ZERO_RESULTS
47.297417699999976,-122.51116869999998,None,None,ZERO_RESULTS
47.297417699999976,-122.51151099999998,None,None,ZERO_RESULTS
47.297417699999976,-122.51185329999998,None,None,ZERO_RESULTS
47.297417699999976,-122.51219559999998,None,None,ZERO_RESULTS
47.29739063221173,-122.5130316768292,OCO7Eh2P4-0M53NbcEjrCw,2018-10,
47.29768739999997,-122.50124199999999,None,None,ZERO_RESULTS
47.29768739999997,-122.50158429999999,None,None,ZERO_RESULTS
47.29768739999997,-122.50192659999999,None,None,ZERO_RESULTS
47.29750453660672,-122.5028177593947,duaKgtRVoJ5W7z3btCH50w,2021-07,
47.29752326650978,-122.5028402616713,Vs1UykA9TeK-iF4kaX822Q,2018-10,
47.29755588032769,-122.5029733660283,LAU1YnSUVVP4y_oCjP_xEA,2021-07,
47.29769683036231,-122.503340417832,5Oys89eTdRedAw3dK-p1Aw,2021-07,
47.29776226726622,-122.503436184877,M7QZoWimTSYGs1CJfVQiQg,2021-07,
47.2978916349605,-122.5036256504205,h3rLw3w2WKZGpNfarOUL3A,2021-07,
47.29741089360602,-122.5045921817281,oKHt50KYyX9_CbiRTC3pwA,2022-10,
47.29755104042525,-122.5048535430848,PcAzq0mcsRhZWJSivChxLQ,2021-07,
47.29767192459446,-122.5050731213172,o5yWRRKy_uxEjcGTElDFyA,2021-07,
47.2975737648381,-122.5052491210946,KjiNunab4ynMPDkCk5rHow,2022-10,
47.29771678615315,-122.5056326873981,wP_EVYXeWGBt3sk4l-_KHw,2022-10,
47.29785078283703,-122.505960309364,niHr5DKHghf6fAbQWJ19EQ,2022-10,
47.29789150629438,-122.5060762529892,xGHd0zr7vl7bPbgC4ztrSQ,2022-10,
47.29800731281949,-122.5062772364708,SC-wnK_uBv9bhKPuvXEU5g,2022-10,
47.29789150629438,-122.5060762529892,xGHd0zr7vl7bPbgC4ztrSQ,2022-10,
47.29770479371503,-122.5079997115496,T28ccl4dPYrpt4CYSoUCHg,2018-10,
47.29770479371503,-122.5079997115496,T28ccl4dPYrpt4CYSoUCHg,2018-10,
47.29770479371503,-122.5079997115496,T28ccl4dPYrpt4CYSoUCHg,2018-10,
47.29761802656483,-122.5080140737587,e-xZ9IQiP6mCPwlF0ypuVw,2018-10,
47.29820350603806,-122.5081828791701,HsuMOavTpi3BbpSe4GCiWw,2018-10,
47.2982654061762,-122.508270391726,jgacFXuPxEx1YK5EqXAEog,2018-10,
47.29768739999997,-122.50945719999999,None,None,ZERO_RESULTS
47.29768739999997,-122.50979949999999,None,None,ZERO_RESULTS
47.29768739999997,-122.51014179999999,None,None,ZERO_RESULTS
47.29768739999997,-122.51048409999999,None,None,ZERO_RESULTS
47.29768739999997,-122.51082639999998,None,None,ZERO_RESULTS
47.29768739999997,-122.51116869999998,None,None,ZERO_RESULTS
47.29768739999997,-122.51151099999998,None,None,ZERO_RESULTS
47.29768739999997,-122.51185329999998,None,None,ZERO_RESULTS
47.29768739999997,-122.51219559999998,None,None,ZERO_RESULTS
47.29765816730814,-122.5130271448614,4WftflQRzMNCdLUsSvj8Gg,2018-10,
47.29795709999997,-122.50124199999999,None,None,ZERO_RESULTS
47.29795709999997,-122.50158429999999,None,None,ZERO_RESULTS
47.29795709999997,-122.50192659999999,None,None,ZERO_RESULTS
47.29795709999997,-122.50226889999999,None,None,ZERO_RESULTS
47.29795709999997,-122.50261119999999,None,None,ZERO_RESULTS
47.29769683036231,-122.503340417832,5Oys89eTdRedAw3dK-p1Aw,2021-07,
47.2978269082297,-122.5035307905542,pa6fYZW_LCIMB18PoQgTLQ,2021-07,
47.29795645341266,-122.50372048372,fxiJrVu3L9gSFLZFfc2wgA,2021-07,
47.29801970661951,-122.5038131721223,eg3CMrZ1Vg7ei1bdYpCOfA,2021-07,
47.29814450873714,-122.5039957943535,aubD9WWmTj1s93RSGsjMig,2021-07,
47.29794289546123,-122.5051444460931,-nGA-gEGDjE7MaXWKZzpBA,2017-08,
47.29794289546123,-122.5051444460931,-nGA-gEGDjE7MaXWKZzpBA,2017-08,
47.29790279791109,-122.5053168187844,2qX_Pip6_NH7PXkCrmnO4w,2021-07,
47.29785587963132,-122.5057016589113,Le9QlK-IIprzBuyS4uuZWQ,2021-07,
47.29800168363757,-122.5060714864584,qLRfrzq3BrLD3paxo2PVbA,2021-07,
47.29800731281949,-122.5062772364708,SC-wnK_uBv9bhKPuvXEU5g,2022-10,
47.29813573767463,-122.5064607578176,TJ8rpTg1j25vphWVltuZRw,2022-10,
47.29826833206577,-122.5067183924433,32Qo_EL7ae6DT-OG5jkwSg,2022-10,
47.29788143755993,-122.5079777020696,ie9MZhoj1RIskfGuyCFf1w,2018-10,
47.29797273036374,-122.5079949370619,9RZdXOcQ0AQOLHw4jpmWWw,2018-10,
47.29797273036374,-122.5079949370619,9RZdXOcQ0AQOLHw4jpmWWw,2018-10,
47.29813669514333,-122.5081019214163,xb6eiBJHkJfaf8RxZC6TiA,2018-10,
47.2982654061762,-122.508270391726,jgacFXuPxEx1YK5EqXAEog,2018-10,
47.2982654061762,-122.508270391726,jgacFXuPxEx1YK5EqXAEog,2018-10,
47.29795709999997,-122.50945719999999,None,None,ZERO_RESULTS
47.2982454871003,-122.5101469406859,w_gw67QGN5xcDmUtHo6ffg,2022-10,
47.2982100684852,-122.5102689259957,TdSsuerLwlx3BTRhrJMBzA,2022-10,
47.29819864246858,-122.5104573550189,k0iym9zUfvtewMZUxh_MuA,2022-10,
47.29820105397297,-122.5108309025599,4DlsCXuMTHwZCNM544ZGLA,2022-10,
47.29820398593566,-122.5111014336643,OG7W2n0_V5rk2wvNFJVCAg,2022-10,
47.29820950200214,-122.5115160175212,ckc0-ugGeBmU79DzB9jDIg,2022-10,
47.29821377751215,-122.5118574906902,XiqqETwjJMroROBZRL72Kg,2022-10,
47.29821831979304,-122.5122306008863,MKWNa8eyD7Q0dWo8rbHiTg,2018-10,
47.29818264641095,-122.5126781793016,f93r3dsbQMUwDqLqb6iyzA,2022-10,
47.298226799999966,-122.50124199999999,None,None,ZERO_RESULTS
47.298226799999966,-122.50158429999999,None,None,ZERO_RESULTS
47.298226799999966,-122.50192659999999,None,None,ZERO_RESULTS
47.298226799999966,-122.50226889999999,None,None,ZERO_RESULTS
47.298226799999966,-122.50261119999999,None,None,ZERO_RESULTS
47.2978269082297,-122.5035307905542,pa6fYZW_LCIMB18PoQgTLQ,2021-07,
47.29795645341266,-122.50372048372,fxiJrVu3L9gSFLZFfc2wgA,2021-07,
47.29808201892232,-122.5039043696021,JQ54GK0gyV_GwSyuJ1XETw,2021-07,
47.29821014963171,-122.5040919688813,wKDcCknhVa0ZaGunfzrhbg,2021-07,
47.29827284354767,-122.504183799439,PjTvakkb0FAMT9ADCzkD4A,2021-07,
47.29840403387195,-122.5043732937851,MfGGbKUg6WtmngEhnKrZBw,2021-07,
47.29819209986591,-122.5051459819519,X2T0bDVmIIwleVaXGz-Kig,2021-07,
47.29819209986591,-122.5051459819519,X2T0bDVmIIwleVaXGz-Kig,2021-07,
47.29795151454094,-122.5059509639556,hNfYjUm8t85sDv81OktbHQ,2021-07,
47.29804699838124,-122.5061787374772,Ggv6FNEQc01ngDFhRCPoJA,2021-07,
47.29813944597094,-122.5064034959269,PrL-rBSEjCExtJTGb8yJlw,2021-07,
47.29826833206577,-122.5067183924433,32Qo_EL7ae6DT-OG5jkwSg,2022-10,
47.29836351632396,-122.5069416073504,iXqMYAO4oiPuFBqrEaVaCA,2022-10,
47.29847354711973,-122.5072370155136,gqWp3rhtBL-yDUezUNkDyA,2022-10,
47.29813669514333,-122.5081019214163,xb6eiBJHkJfaf8RxZC6TiA,2018-10,
47.29820350603806,-122.5081828791701,HsuMOavTpi3BbpSe4GCiWw,2018-10,
47.2982654061762,-122.508270391726,jgacFXuPxEx1YK5EqXAEog,2018-10,
47.29833141148524,-122.5083549343481,b1MoDsMpi4sSdesMDNpfpw,2018-10,
47.29866960629958,-122.5096295215751,Td7Z_L_TdZXpx_HIN_IRNw,2022-10,
47.29845470042401,-122.5098770220903,L5viWrwxruB1Yw57G90UHQ,2022-10,
47.29830441119171,-122.5100428998055,p4I9p_DPaLwObQDf23yWtw,2022-10,
47.2982454871003,-122.5101469406859,w_gw67QGN5xcDmUtHo6ffg,2022-10,
47.29819864246858,-122.5104573550189,k0iym9zUfvtewMZUxh_MuA,2022-10,
47.29820105397297,-122.5108309025599,4DlsCXuMTHwZCNM544ZGLA,2022-10,
47.29820398593566,-122.5111014336643,OG7W2n0_V5rk2wvNFJVCAg,2022-10,
47.29820950200214,-122.5115160175212,ckc0-ugGeBmU79DzB9jDIg,2022-10,
47.29821377751215,-122.5118574906902,XiqqETwjJMroROBZRL72Kg,2022-10,
47.29821831979304,-122.5122306008863,MKWNa8eyD7Q0dWo8rbHiTg,2018-10,
47.29820531623466,-122.512544212803,uA9e0pmANAqJpBvQOhsw9Q,2022-10,
47.29849649999996,-122.50124199999999,None,None,ZERO_RESULTS
47.29849649999996,-122.50158429999999,None,None,ZERO_RESULTS
47.29849649999996,-122.50192659999999,None,None,ZERO_RESULTS
47.29849649999996,-122.50226889999999,None,None,ZERO_RESULTS
47.29849649999996,-122.50261119999999,None,None,ZERO_RESULTS
47.29821014963171,-122.5040919688813,wKDcCknhVa0ZaGunfzrhbg,2021-07,
47.29821014963171,-122.5040919688813,wKDcCknhVa0ZaGunfzrhbg,2021-07,
47.29821014963171,-122.5040919688813,wKDcCknhVa0ZaGunfzrhbg,2021-07,
47.2983350965911,-122.5042749225059,MgWzl-yuVi_oyekO_VggBQ,2021-07,
47.29843752747029,-122.5044218818583,CMyxU8PP3XfScs9yZQwyrA,2021-07,
47.29856580013388,-122.5046085129773,OXQt371okViT08s4hhdpEA,2021-07,
47.29846670691065,-122.5051406293738,-cnxjpnnVU5VCvM98DvF0w,2021-07,
47.29846670691065,-122.5051406293738,-cnxjpnnVU5VCvM98DvF0w,2021-07,
47.29846670691065,-122.5051406293738,-cnxjpnnVU5VCvM98DvF0w,2021-07,
47.29809895489063,-122.5062980856253,uVjV4eQ_ovRrTHq3fjboYg,2021-07,
47.29821977187829,-122.5066079992128,TfRYMD-5YMM_9w6zgYM47Q,2022-10,
47.29831675591388,-122.5068294769563,A_2jkfv1O0dWrV4TOCQrEw,2022-10,
47.29840661827679,-122.5070571354682,b1bv0_M5lpZCJz63TijuqA,2022-10,
47.29850998842323,-122.5073627740392,hbWPsvQ-xzjNmiCCk1ZaMg,2022-10,
47.29861837179175,-122.5077485112903,dqM7VBgnDVpv-uqn1o88hQ,2022-10,
47.29868250691639,-122.5080225906474,iaPZ5rKA42PbZPWJO_wbmA,2022-10,
47.29846406481795,-122.5084237578552,PI3VIQgNRjsbX2lN6O9rrw,2018-10,
47.29855984688432,-122.5084957612667,1Hv00oUl2AaZKQnZA7N3bw,2015-06,
47.29877563921221,-122.5093968107995,itZN3FCdQFitkwlBT5leMg,2022-10,
47.29859967281649,-122.5097210719411,X-101UG4iZ5Xth0xliftcQ,2022-10,
47.29852828620113,-122.5097980738714,SGMKjEQJybu-WMcn6uudTg,2022-10,
47.29850051571968,-122.5103132809897,XYmAP9sd11AK2Z6RNNwtCA,2018-10,
47.29850051571968,-122.5103132809897,XYmAP9sd11AK2Z6RNNwtCA,2018-10,
47.29849266675048,-122.5109318397372,YRooqaPLxMbEXNiNhy9x_g,2018-10,
47.29849266675048,-122.5109318397372,YRooqaPLxMbEXNiNhy9x_g,2018-10,
47.29847034029857,-122.5115721258183,nI79PRmiu6mXmfmUNeK7Rw,2018-10,
47.29847034029857,-122.5115721258183,nI79PRmiu6mXmfmUNeK7Rw,2018-10,
47.29852308888234,-122.5122503121885,EfcsPYhxmCjGLHnPTLA_3g,2018-10,
47.29852308888234,-122.5122503121885,EfcsPYhxmCjGLHnPTLA_3g,2018-10,
47.29876619999996,-122.50124199999999,None,None,ZERO_RESULTS
47.29876619999996,-122.50158429999999,None,None,ZERO_RESULTS
47.29876619999996,-122.50192659999999,None,None,ZERO_RESULTS
47.29876619999996,-122.50226889999999,None,None,ZERO_RESULTS
47.29876619999996,-122.50261119999999,None,None,ZERO_RESULTS
47.29876619999996,-122.50295349999999,None,None,ZERO_RESULTS
47.29876619999996,-122.50329579999999,None,None,ZERO_RESULTS
47.2983350965911,-122.5042749225059,MgWzl-yuVi_oyekO_VggBQ,2021-07,
47.29843752747029,-122.5044218818583,CMyxU8PP3XfScs9yZQwyrA,2021-07,
47.29856580013388,-122.5046085129773,OXQt371okViT08s4hhdpEA,2021-07,
47.29868834917774,-122.5047956142081,f8bFnU-jC0dcT1THB1YG5A,2021-07,
47.29871153817667,-122.505051929932,99DgDAnPYSU5aEu66ctOIQ,2021-07,
47.29874437247415,-122.5051358685471,jt6Up-6_Rn5X3ey3S9tBJg,2021-07,
47.29874437247415,-122.5051358685471,jt6Up-6_Rn5X3ey3S9tBJg,2021-07,
47.29874437247415,-122.5051358685471,jt6Up-6_Rn5X3ey3S9tBJg,2021-07,
47.29813944597094,-122.5064034959269,PrL-rBSEjCExtJTGb8yJlw,2021-07,
47.29840661827679,-122.5070571354682,b1bv0_M5lpZCJz63TijuqA,2022-10,
47.29855200941025,-122.507376127428,m8RHLbP0WFYn4NMfxK4pLg,2021-07,
47.29860413655438,-122.5074773856351,7hALEH_dXaFRIa0cM7NyDw,2021-07,
47.2987048336788,-122.5078315225992,VwfI3KcwPnF9A_Xt6OHTRA,2021-07,
47.29878475019331,-122.5080608916959,YcnGEH_K42QT6Qtt5M6nqQ,2021-07,
47.29868348907505,-122.5084852880654,IZTkFyRoU4JP1esg4FYjpg,2018-10,
47.29882459376827,-122.5087069570366,g-Fw5jXUdKx4K-QQ2-AAvQ,2022-10,
47.29886304290131,-122.5091454696031,_wtUr4e8hMhSvjqeVM1j1g,2022-10,
47.29877563921221,-122.5093968107995,itZN3FCdQFitkwlBT5leMg,2022-10,
47.29866960629958,-122.5096295215751,Td7Z_L_TdZXpx_HIN_IRNw,2022-10,
47.29877038446364,-122.5103021895762,ko55J6RTzAFibOEKqhyFpw,2018-10,
47.29877038446364,-122.5103021895762,ko55J6RTzAFibOEKqhyFpw,2018-10,
47.29876403685221,-122.5109301711007,CGUBYcEmDC_HRbgVNq6S_Q,2018-10,
47.29876403685221,-122.5109301711007,CGUBYcEmDC_HRbgVNq6S_Q,2018-10,
47.29873786014838,-122.5115700083124,GXJVn27N7OakZo-a-yNOlw,2018-10,
47.29873786014838,-122.5115700083124,GXJVn27N7OakZo-a-yNOlw,2018-10,
47.29879067743335,-122.5122464118164,RyAInDGCkX6KivKSeBekQg,2018-10,
47.29879067743335,-122.5122464118164,RyAInDGCkX6KivKSeBekQg,2018-10,
47.29903589999996,-122.50124199999999,None,None,ZERO_RESULTS
47.29903589999996,-122.50158429999999,None,None,ZERO_RESULTS
47.29903589999996,-122.50192659999999,None,None,ZERO_RESULTS
47.29903589999996,-122.50226889999999,None,None,ZERO_RESULTS
47.29903589999996,-122.50261119999999,None,None,ZERO_RESULTS
47.29903589999996,-122.50295349999999,None,None,ZERO_RESULTS
47.29903589999996,-122.50329579999999,None,None,ZERO_RESULTS
47.29903589999996,-122.50363809999999,None,None,ZERO_RESULTS
47.29903589999996,-122.50398039999999,None,None,ZERO_RESULTS
47.29893164362908,-122.5051359366496,c-UHq7EH5-67j3Dh2Xn8qQ,2021-07,
47.29901974832732,-122.5051359645236,bYYUjZkMXzQwMlKvRAyvpg,2021-07,
47.29901974832732,-122.5051359645236,bYYUjZkMXzQwMlKvRAyvpg,2021-07,
47.2991148045219,-122.505280998437,nYePG787vkSJU4SVQAStwQ,2021-07,
47.29920027875035,-122.5055209189882,jzcZXrstCKQGBEo41nKUWg,2021-07,
47.29932639266234,-122.5057133058066,L7urjM7sN7ae62TeBBsHnA,2021-07,
47.29903589999996,-122.50637649999999,None,None,ZERO_RESULTS
47.2986497161202,-122.5075864225508,b4xsRHPJYKcUe2tCMF6twQ,2021-07,
47.2986497161202,-122.5075864225508,b4xsRHPJYKcUe2tCMF6twQ,2021-07,
47.2986497161202,-122.5075864225508,b4xsRHPJYKcUe2tCMF6twQ,2021-07,
47.29913204325241,-122.5080748070392,bz7HShup4LWbmqK-RljS5Q,2021-07,
47.29904406376422,-122.5081189145886,538rzbzklYBmzGhwewpaFw,2021-07,
47.29896598295259,-122.5084779255307,g1lb8rCLVFwXJJslov4uyQ,2021-07,
47.29896882861923,-122.5086942627929,nCsoP1aaMN92X7tXky9OJg,2021-07,
47.29888200196287,-122.509077133924,S6RrpDcjSorFH_VmVaYFow,2021-07,
47.2988270165902,-122.5092774941024,saLH3vwcjQvcZutdBeIvrg,2022-10,
47.29930004981887,-122.5097466753141,pRhCAYzYi4Q46Uolo1klHw,2014-08,
47.29903842573095,-122.5102913548208,qdjcpfB8Jh5u4KsWNzwxzw,2018-10,
47.29903842573095,-122.5102913548208,qdjcpfB8Jh5u4KsWNzwxzw,2018-10,
47.29903249047938,-122.5109285202674,cZ1LDVCUoQmN3qVV-9qKow,2018-10,
47.29903249047938,-122.5109285202674,cZ1LDVCUoQmN3qVV-9qKow,2018-10,
47.29900641728189,-122.5115677731836,cD4Uh4pRxNHKWqVrRAxsUA,2018-10,
47.29900641728189,-122.5115677731836,cD4Uh4pRxNHKWqVrRAxsUA,2018-10,
47.29906027393764,-122.5122424814557,-d6pGpmyZ7WqLgum7LbFQQ,2018-10,
47.29906027393764,-122.5122424814557,-d6pGpmyZ7WqLgum7LbFQQ,2018-10,
47.299305599999954,-122.50124199999999,None,None,ZERO_RESULTS
47.299305599999954,-122.50158429999999,None,None,ZERO_RESULTS
47.299305599999954,-122.50192659999999,None,None,ZERO_RESULTS
47.299305599999954,-122.50226889999999,None,None,ZERO_RESULTS
47.299305599999954,-122.50261119999999,None,None,ZERO_RESULTS
47.299305599999954,-122.50295349999999,None,None,ZERO_RESULTS
47.299305599999954,-122.50329579999999,None,None,ZERO_RESULTS
47.299305599999954,-122.50363809999999,None,None,ZERO_RESULTS
47.299305599999954,-122.50398039999999,None,None,ZERO_RESULTS
47.29929730186792,-122.5051294699766,vzpum3HsZGugWLaqOre54A,2021-07,
47.29929730186792,-122.5051294699766,vzpum3HsZGugWLaqOre54A,2021-07,
47.29929730186792,-122.5051294699766,vzpum3HsZGugWLaqOre54A,2021-07,
47.29929730186792,-122.5051294699766,vzpum3HsZGugWLaqOre54A,2021-07,
47.29932639266234,-122.5057133058066,L7urjM7sN7ae62TeBBsHnA,2021-07,
47.29942214433969,-122.5058556272605,jCIGZh0DToCk7Xc9aoSFGw,2021-07,
47.29955053197874,-122.5060411182879,rPw4o2QhSXWYIZUMWLV-fA,2021-07,
47.30000955072002,-122.5068177738557,dJxLNWpycrLOQwGg4oGYJA,2018-10,
47.29952422421423,-122.5077385988983,RmuXxUZ42pr8dsN9Wv9ygQ,2021-07,
47.29943881128673,-122.5078092064815,qqD5LB_WgYULYM-aNCZX5Q,2021-07,
47.29935970786845,-122.5078803827805,32fmPWujkXJm0t-SbaaF9A,2021-07,
47.29928412348441,-122.5079504344601,F0ygPAXY_BXUhrN-JpZ1IA,2021-07,
47.29913214128572,-122.5081059357392,CF2rjnb8xXOqi4fIlzAEEg,2021-07,
47.29896882861923,-122.5086942627929,nCsoP1aaMN92X7tXky9OJg,2021-07,
47.29930219767378,-122.5095843052749,gBGFnHDIhTRIGnQHSE3jfg,2014-08,
47.29930219767378,-122.5095843052749,gBGFnHDIhTRIGnQHSE3jfg,2014-08,
47.29930004981887,-122.5097466753141,pRhCAYzYi4Q46Uolo1klHw,2014-08,
47.29929416310934,-122.5101932569467,3WhD_4rxo9Cimg1--QZT0g,2014-08,
47.2992933276264,-122.5105023810102,itmHIAl7fM90dHBZQFuBXQ,2018-10,
47.29929381445196,-122.5107664739105,jaFfx3R7otAeygWPk46E6A,2018-10,
47.29929724372528,-122.5112177669269,0FIHLkDOJ47pF2e5ZJb6Lw,2018-10,
47.29930020638751,-122.5114910865521,qKURGI_XAQn63hpshissNA,2018-10,
47.29930085172183,-122.5118146586003,Pxa11x65S3woitJngg1-Yg,2018-10,
47.29930021571573,-122.5121983174449,dw0pBmrcMm4iAnufhJ2Dog,2018-10,
47.29930520584436,-122.5125218259915,g1V8ULoJnKZtIYtWDMT3EA,2018-10,
47.29957529999995,-122.50124199999999,None,None,ZERO_RESULTS
47.29957529999995,-122.50158429999999,None,None,ZERO_RESULTS
47.29957529999995,-122.50192659999999,None,None,ZERO_RESULTS
47.29957529999995,-122.50226889999999,None,None,ZERO_RESULTS
47.29957529999995,-122.50261119999999,None,None,ZERO_RESULTS
47.29957529999995,-122.50295349999999,None,None,ZERO_RESULTS
47.29957529999995,-122.50329579999999,None,None,ZERO_RESULTS
47.29957529999995,-122.50363809999999,None,None,ZERO_RESULTS
47.29957529999995,-122.50398039999999,None,None,ZERO_RESULTS
47.29957529999995,-122.50432269999999,None,None,ZERO_RESULTS
47.29956822418899,-122.5051276168664,Yzm9VrmjKZNcji59F8Eqng,2021-07,
47.29956822418899,-122.5051276168664,Yzm9VrmjKZNcji59F8Eqng,2021-07,
47.29956822418899,-122.5051276168664,Yzm9VrmjKZNcji59F8Eqng,2021-07,
47.29942214433969,-122.5058556272605,jCIGZh0DToCk7Xc9aoSFGw,2021-07,
47.29955053197874,-122.5060411182879,rPw4o2QhSXWYIZUMWLV-fA,2021-07,
47.29964530227821,-122.5061752653386,emLC8UoCwQAIN3DUqsCmVA,2021-07,
47.29978235947448,-122.5063517997023,bKKWdHlRtYbPghv75VDk7Q,2021-07,
47.29968728312173,-122.5076239346336,fCIIZ_4m97dLxIH1s4kY3A,2021-07,
47.29968728312173,-122.5076239346336,fCIIZ_4m97dLxIH1s4kY3A,2021-07,
47.29952422421423,-122.5077385988983,RmuXxUZ42pr8dsN9Wv9ygQ,2021-07,
47.29943881128673,-122.5078092064815,qqD5LB_WgYULYM-aNCZX5Q,2021-07,
47.29935970786845,-122.5078803827805,32fmPWujkXJm0t-SbaaF9A,2021-07,
47.29895248229765,-122.5088298211208,JUO3HEXn5UUJDocYTUfj7g,2021-07,
47.29930219767378,-122.5095843052749,gBGFnHDIhTRIGnQHSE3jfg,2014-08,
47.29930219767378,-122.5095843052749,gBGFnHDIhTRIGnQHSE3jfg,2014-08,
47.29930004981887,-122.5097466753141,pRhCAYzYi4Q46Uolo1klHw,2014-08,
47.29929416310934,-122.5101932569467,3WhD_4rxo9Cimg1--QZT0g,2014-08,
47.2992933276264,-122.5105023810102,itmHIAl7fM90dHBZQFuBXQ,2018-10,
47.29961341627958,-122.5109192039776,9aHnmT8_GOLHYyVY7X78fQ,2018-10,
47.29961341627958,-122.5109192039776,9aHnmT8_GOLHYyVY7X78fQ,2018-10,
47.29954450460939,-122.5115592053253,TIvj7ZjQBRitS34vU9Nxuw,2018-10,
47.29954450460939,-122.5115592053253,TIvj7ZjQBRitS34vU9Nxuw,2018-10,
47.299538737961,-122.512168055344,UJTLaBJx4Rwe-FMseLSqtQ,2018-10,
47.29955007870367,-122.5128781097316,c3qLgcv5iLs36X-vx8FJEw,2018-10,
47.29984499999995,-122.50124199999999,None,None,ZERO_RESULTS
47.29984499999995,-122.50158429999999,None,None,ZERO_RESULTS
47.29984499999995,-122.50192659999999,None,None,ZERO_RESULTS
47.29984499999995,-122.50226889999999,None,None,ZERO_RESULTS
47.29984499999995,-122.50261119999999,None,None,ZERO_RESULTS
47.29984499999995,-122.50295349999999,None,None,ZERO_RESULTS
47.29984499999995,-122.50329579999999,None,None,ZERO_RESULTS
47.29984499999995,-122.50363809999999,None,None,ZERO_RESULTS
47.29984499999995,-122.50398039999999,None,None,ZERO_RESULTS
47.29984499999995,-122.50432269999999,None,None,ZERO_RESULTS
47.29975278253033,-122.5051425251259,6e9lDC58Deb8CZXQbo6deg,2021-07,
47.2998395562558,-122.5051881456231,_ap3nX13iQP5LyrsjK7y0w,2021-07,
47.29991731483437,-122.505259010244,Pixv10ksqPCZTl6XZrXf4g,2021-07,
47.30001854249341,-122.5056259252225,KbraMmQstTLFs3o77JDMVQ,2021-07,
47.30001852990034,-122.5060187056919,bd5HiIm9WKXPjDHteBc8FA,2021-07,
47.29987681828718,-122.5063975883749,nJswmHaHpow8mlgVAb_Jiw,2021-07,
47.30001001549649,-122.5066900292152,3AWdw9ANdEb-jxue1dvm5Q,2018-10,
47.30000862883453,-122.5070771673283,LAt4h8b7RopEMqJx9HT0AA,2018-10,
47.29985727800859,-122.507551880918,-ilDn9U1MEZZW1VsBSIkvw,2021-07,
47.2997748754216,-122.5075823573486,gY7k35c2Uqs4aDOuLC1gHA,2021-07,
47.2997748754216,-122.5075823573486,gY7k35c2Uqs4aDOuLC1gHA,2021-07,
47.29984499999995,-122.50843029999999,None,None,ZERO_RESULTS
47.29984499999995,-122.50877259999999,None,None,ZERO_RESULTS
47.29984499999995,-122.50911489999999,None,None,ZERO_RESULTS
47.29984499999995,-122.50945719999999,None,None,ZERO_RESULTS
47.29984499999995,-122.50979949999999,None,None,ZERO_RESULTS
47.29984499999995,-122.51014179999999,None,None,ZERO_RESULTS
47.29988170095647,-122.5109128600693,5BIRiPTVfXfqAAdUZ-f9ew,2018-10,
47.29988170095647,-122.5109128600693,5BIRiPTVfXfqAAdUZ-f9ew,2018-10,
47.29988170095647,-122.5109128600693,5BIRiPTVfXfqAAdUZ-f9ew,2018-10,
47.29981632854011,-122.511552200476,5TfiOw51WTPDuRiioxC3hg,2018-10,
47.29981632854011,-122.511552200476,5TfiOw51WTPDuRiioxC3hg,2018-10,
47.2998031161764,-122.5121596085812,2GdFgPHPDsch4rO-yImkmQ,2018-10,
47.29982002507568,-122.5128765000069,iiXvmHyTy5mQMiZ73oql8Q,2018-10,
47.300114699999945,-122.50124199999999,None,None,ZERO_RESULTS
47.300114699999945,-122.50158429999999,None,None,ZERO_RESULTS
47.300114699999945,-122.50192659999999,None,None,ZERO_RESULTS
47.300114699999945,-122.50226889999999,None,None,ZERO_RESULTS
47.300114699999945,-122.50261119999999,None,None,ZERO_RESULTS
47.300114699999945,-122.50295349999999,None,None,ZERO_RESULTS
47.300114699999945,-122.50329579999999,None,None,ZERO_RESULTS
47.300114699999945,-122.50363809999999,None,None,ZERO_RESULTS
47.300114699999945,-122.50398039999999,None,None,ZERO_RESULTS
47.300114699999945,-122.50432269999999,None,None,ZERO_RESULTS
47.29991731483437,-122.505259010244,Pixv10ksqPCZTl6XZrXf4g,2021-07,
47.29991731483437,-122.505259010244,Pixv10ksqPCZTl6XZrXf4g,2021-07,
47.29998660290389,-122.5053738402122,zKL3O_6nqM46vED8Su01-A,2021-07,
47.30001978947098,-122.5057561442218,NKlcbMjON7bmwwRInkaDKw,2021-07,
47.30001852990034,-122.5060187056919,bd5HiIm9WKXPjDHteBc8FA,2021-07,
47.30001404094959,-122.5062987694569,bdg9lvqX7SasQcihmMBfbw,2021-07,
47.30001001549649,-122.5066900292152,3AWdw9ANdEb-jxue1dvm5Q,2018-10,
47.30000862883453,-122.5070771673283,LAt4h8b7RopEMqJx9HT0AA,2018-10,
47.30013345650619,-122.5075316688615,-vPVYEDl1NmKzZO29Pe9Cg,2021-07,
47.30013345650619,-122.5075316688615,-vPVYEDl1NmKzZO29Pe9Cg,2021-07,
47.30013345650619,-122.5075316688615,-vPVYEDl1NmKzZO29Pe9Cg,2021-07,
47.30004048274372,-122.5075246917895,RzXgVpecle7uUYInU3b1hw,2021-07,
47.300114699999945,-122.50877259999999,None,None,ZERO_RESULTS
47.300114699999945,-122.50911489999999,None,None,ZERO_RESULTS
47.300114699999945,-122.50945719999999,None,None,ZERO_RESULTS
47.300114699999945,-122.50979949999999,None,None,ZERO_RESULTS
47.300114699999945,-122.51014179999999,None,None,ZERO_RESULTS
47.30015223631249,-122.5109065079743,DuLkXOpLkvff-xqGws8lEA,2018-10,
47.30015223631249,-122.5109065079743,DuLkXOpLkvff-xqGws8lEA,2018-10,
47.30015223631249,-122.5109065079743,DuLkXOpLkvff-xqGws8lEA,2018-10,
47.3000845670965,-122.5115452232754,2OnFHkGW0l9E2h0n_Qjl0A,2018-10,
47.30007701652754,-122.5121507903974,tojAAssiHM-ZIBenjOO85w,2018-10,
47.30007701652754,-122.5121507903974,tojAAssiHM-ZIBenjOO85w,2018-10,
47.30008878617534,-122.5128749588011,1sNxeK63EDRB50H3aMi53g,2018-10,
47.30038439999994,-122.50124199999999,None,None,ZERO_RESULTS
47.30038439999994,-122.50158429999999,None,None,ZERO_RESULTS
47.30038439999994,-122.50192659999999,None,None,ZERO_RESULTS
47.30038439999994,-122.50226889999999,None,None,ZERO_RESULTS
47.30038439999994,-122.50261119999999,None,None,ZERO_RESULTS
47.30038439999994,-122.50295349999999,None,None,ZERO_RESULTS
47.30038439999994,-122.50329579999999,None,None,ZERO_RESULTS
47.30038439999994,-122.50363809999999,None,None,ZERO_RESULTS
47.30038439999994,-122.50398039999999,None,None,ZERO_RESULTS
47.30038439999994,-122.50432269999999,None,None,ZERO_RESULTS
47.29991731483437,-122.505259010244,Pixv10ksqPCZTl6XZrXf4g,2021-07,
47.29991731483437,-122.505259010244,Pixv10ksqPCZTl6XZrXf4g,2021-07,
47.30001192860173,-122.5055036971505,OzJ21m1vniSQA3a-S_pitQ,2021-07,
47.30001978947098,-122.5057561442218,NKlcbMjON7bmwwRInkaDKw,2021-07,
47.30001852990034,-122.5060187056919,bd5HiIm9WKXPjDHteBc8FA,2021-07,
47.30001404094959,-122.5062987694569,bdg9lvqX7SasQcihmMBfbw,2021-07,
47.30001001549649,-122.5066900292152,3AWdw9ANdEb-jxue1dvm5Q,2018-10,
47.30031248733693,-122.5075679266178,Um-OJt1HSwy5U_v4SflQJg,2021-07,
47.30031248733693,-122.5075679266178,Um-OJt1HSwy5U_v4SflQJg,2021-07,
47.30039864108761,-122.5076026666408,tpeAXtwI3goPeOiMlcVwCw,2021-07,
47.30048482157859,-122.507637585024,8or5kUZXV_5Lb_P4wKe21g,2021-07,
47.30038439999994,-122.50843029999999,None,None,ZERO_RESULTS
47.30038439999994,-122.50877259999999,None,None,ZERO_RESULTS
47.30038439999994,-122.50911489999999,None,None,ZERO_RESULTS
47.30038439999994,-122.50945719999999,None,None,ZERO_RESULTS
47.30059865090871,-122.5102835792352,_dJ8S1aUXOBp3A0nVPC2dQ,2018-10,
47.30059865090871,-122.5102835792352,_dJ8S1aUXOBp3A0nVPC2dQ,2018-10,
47.30056615780182,-122.5105464620679,CGhPdicMmqSaFbP3_5A78A,2018-10,
47.30033261775933,-122.5109021111677,w8381gRUAzaQY9egt1mvlw,2018-10,
47.3005650682155,-122.5111400971885,lCRMTc7JSKhKgzSslLvKIA,2018-10,
47.30035678763072,-122.5115382887013,zRB1C03yKThpmSgwEp44Jg,2018-10,
47.30056842716297,-122.5118742709879,kVpdVFRjZZwhATGg_xaZAw,2018-10,
47.30034711543117,-122.5121421561055,QY7DVLHjKuo_gIoc3_F8iw,2018-10,
47.30057489344159,-122.5125308011498,6TlL0YAW_gTbW3d-ytGHkQ,2018-10,
47.30065409999994,-122.50124199999999,None,None,ZERO_RESULTS
47.30065409999994,-122.50158429999999,None,None,ZERO_RESULTS
47.30065409999994,-122.50192659999999,None,None,ZERO_RESULTS
47.30065409999994,-122.50226889999999,None,None,ZERO_RESULTS
47.30065409999994,-122.50261119999999,None,None,ZERO_RESULTS
47.30065409999994,-122.50295349999999,None,None,ZERO_RESULTS
47.30065409999994,-122.50329579999999,None,None,ZERO_RESULTS
47.30065409999994,-122.50363809999999,None,None,ZERO_RESULTS
47.30065409999994,-122.50398039999999,None,None,ZERO_RESULTS
47.30065409999994,-122.50432269999999,None,None,ZERO_RESULTS
47.30065409999994,-122.50466499999999,None,None,ZERO_RESULTS
47.29991731483437,-122.505259010244,Pixv10ksqPCZTl6XZrXf4g,2021-07,
47.29991731483437,-122.505259010244,Pixv10ksqPCZTl6XZrXf4g,2021-07,
47.30065409999994,-122.50569189999999,None,None,ZERO_RESULTS
47.30065409999994,-122.50603419999999,None,None,ZERO_RESULTS
47.30065409999994,-122.50637649999999,None,None,ZERO_RESULTS
47.30065409999994,-122.50671879999999,None,None,ZERO_RESULTS
47.30057022096876,-122.5076720814492,LqgAHG4zZZIgcRvo1Uk73w,2021-07,
47.30057022096876,-122.5076720814492,LqgAHG4zZZIgcRvo1Uk73w,2021-07,
47.30065678389957,-122.5077047488518,0SQbhfC5l4R0JArpH8PWtQ,2021-07,
47.30074348818783,-122.5077422115544,QrUfVf_7IdMzx8qsXZpZgQ,2021-07,
47.30065409999994,-122.50843029999999,None,None,ZERO_RESULTS
47.30065409999994,-122.50877259999999,None,None,ZERO_RESULTS
47.30117084560956,-122.5079536573617,7cVLU9fMfkEznWesNZIzqQ,2021-07,
47.30117084560956,-122.5079536573617,7cVLU9fMfkEznWesNZIzqQ,2021-07,
47.30069018517803,-122.5102854039476,r6hnfvcbOG0C0iwdEIThqw,2018-10,
47.30069018517803,-122.5102854039476,r6hnfvcbOG0C0iwdEIThqw,2018-10,
47.30056615780182,-122.5105464620679,CGhPdicMmqSaFbP3_5A78A,2018-10,
47.30068153280495,-122.5108931620888,GVjXNYXwIVbC8K8XiLDMkg,2018-10,
47.3005650682155,-122.5111400971885,lCRMTc7JSKhKgzSslLvKIA,2018-10,
47.30059375875251,-122.5115325675205,sMSYtTU770l5fBt9HOVpDg,2018-10,
47.30056842716297,-122.5118742709879,kVpdVFRjZZwhATGg_xaZAw,2018-10,
47.30062216106923,-122.512133932897,FIcQrDhTWGQ4jro3xhN4YQ,2018-10,
47.30057489344159,-122.5125308011498,6TlL0YAW_gTbW3d-ytGHkQ,2018-10,
47.300923799999936,-122.50124199999999,None,None,ZERO_RESULTS
47.300923799999936,-122.50158429999999,None,None,ZERO_RESULTS
47.300923799999936,-122.50192659999999,None,None,ZERO_RESULTS
47.300923799999936,-122.50226889999999,None,None,ZERO_RESULTS
47.300923799999936,-122.50261119999999,None,None,ZERO_RESULTS
47.300923799999936,-122.50295349999999,None,None,ZERO_RESULTS
47.300923799999936,-122.50329579999999,None,None,ZERO_RESULTS
47.300923799999936,-122.50363809999999,None,None,ZERO_RESULTS
47.300923799999936,-122.50398039999999,None,None,ZERO_RESULTS
47.300923799999936,-122.50432269999999,None,None,ZERO_RESULTS
47.300923799999936,-122.50466499999999,None,None,ZERO_RESULTS
47.300923799999936,-122.50500729999999,None,None,ZERO_RESULTS
47.300923799999936,-122.50534959999999,None,None,ZERO_RESULTS
47.300923799999936,-122.50569189999999,None,None,ZERO_RESULTS
47.300923799999936,-122.50603419999999,None,None,ZERO_RESULTS
47.300923799999936,-122.50637649999999,None,None,ZERO_RESULTS
47.300923799999936,-122.50671879999999,None,None,ZERO_RESULTS
47.30091067181744,-122.5078254727986,YTpY7vspKAgRpY86pn4Ojw,2021-07,
47.30082693634927,-122.5077841632136,eAtpJUtOZTYRGzS2BPg4tw,2021-07,
47.30091067181744,-122.5078254727986,YTpY7vspKAgRpY86pn4Ojw,2021-07,
47.30099585153657,-122.5078674754205,BN-CLXUrDuoBFavZpO01LQ,2021-07,
47.30108247551306,-122.5079101710879,cAYA-Gng3_aNwI8Oc1tTaA,2021-07,
47.30117084560956,-122.5079536573617,7cVLU9fMfkEznWesNZIzqQ,2021-07,
47.30117084560956,-122.5079536573617,7cVLU9fMfkEznWesNZIzqQ,2021-07,
47.30117084560956,-122.5079536573617,7cVLU9fMfkEznWesNZIzqQ,2021-07,
47.30087520161799,-122.5102889477611,6kqhhyZj8dTxiuIXdN74oA,2018-10,
47.30096342470382,-122.5102907197715,0kNT1xZmgbDfUs1yDvVFfQ,2018-10,
47.30096342470382,-122.5102907197715,0kNT1xZmgbDfUs1yDvVFfQ,2018-10,
47.30095530181229,-122.5108850260598,XkAidRGKVs-uJTXGzMEm6g,2018-10,
47.30095530181229,-122.5108850260598,XkAidRGKVs-uJTXGzMEm6g,2018-10,
47.30089187732001,-122.5115284624212,tbp8hDQHD1MGrdEFqxKlVw,2018-10,
47.30096434172707,-122.5121273396265,Lm76dsMRj6AWyNIASM0fKQ,2018-10,
47.30096434172707,-122.5121273396265,Lm76dsMRj6AWyNIASM0fKQ,2018-10,
47.3008982165225,-122.5128656944856,k3xzoT_xIp5B70IMFri8_w,2018-10,
47.30119349999993,-122.50124199999999,None,None,ZERO_RESULTS
47.30119349999993,-122.50158429999999,None,None,ZERO_RESULTS
47.30119349999993,-122.50192659999999,None,None,ZERO_RESULTS
47.30119349999993,-122.50226889999999,None,None,ZERO_RESULTS
47.30119349999993,-122.50261119999999,None,None,ZERO_RESULTS
47.30119349999993,-122.50295349999999,None,None,ZERO_RESULTS
47.30119349999993,-122.50329579999999,None,None,ZERO_RESULTS
47.30119349999993,-122.50363809999999,None,None,ZERO_RESULTS
47.30119349999993,-122.50398039999999,None,None,ZERO_RESULTS
47.30119349999993,-122.50432269999999,None,None,ZERO_RESULTS
47.30119349999993,-122.50466499999999,None,None,ZERO_RESULTS
47.30119349999993,-122.50500729999999,None,None,ZERO_RESULTS
47.30119349999993,-122.50534959999999,None,None,ZERO_RESULTS
47.30119349999993,-122.50569189999999,None,None,ZERO_RESULTS
47.30119349999993,-122.50603419999999,None,None,ZERO_RESULTS
47.30119349999993,-122.50637649999999,None,None,ZERO_RESULTS
47.30119349999993,-122.50671879999999,None,None,ZERO_RESULTS
47.30091067181744,-122.5078254727986,YTpY7vspKAgRpY86pn4Ojw,2021-07,
47.30108247551306,-122.5079101710879,cAYA-Gng3_aNwI8Oc1tTaA,2021-07,
47.30117084560956,-122.5079536573617,7cVLU9fMfkEznWesNZIzqQ,2021-07,
47.30126104164682,-122.5079984689319,3uQ7dn10ywDqlXNQzlLDZQ,2021-07,
47.30126104164682,-122.5079984689319,3uQ7dn10ywDqlXNQzlLDZQ,2021-07,
47.30135248328057,-122.5080461710905,NT1WIhyf3FjzfvZQj64RlA,2021-07,
47.30135248328057,-122.5080461710905,NT1WIhyf3FjzfvZQj64RlA,2021-07,
47.30117084560956,-122.5079536573617,7cVLU9fMfkEznWesNZIzqQ,2021-07,
47.30123113735755,-122.5102958883273,nAkaBakuut-4TRkJgMhcQQ,2018-10,
47.30123113735755,-122.5102958883273,nAkaBakuut-4TRkJgMhcQQ,2018-10,
47.30123113735755,-122.5102958883273,nAkaBakuut-4TRkJgMhcQQ,2018-10,
47.30122721670448,-122.5108769684862,Sa6RnYGqmJBH7q0-Qm03_g,2018-10,
47.30122721670448,-122.5108769684862,Sa6RnYGqmJBH7q0-Qm03_g,2018-10,
47.30116178133996,-122.511524904672,9MP9lbssA0bMtdbj_9XpxA,2018-10,
47.30123096430231,-122.5121223289336,6bqqP7PvrehBVFkV7zz2aA,2018-10,
47.30123096430231,-122.5121223289336,6bqqP7PvrehBVFkV7zz2aA,2018-10,
47.30116824814588,-122.5128604337604,s8inaopDgRjXN-5WDTuP_A,2018-10,
47.30146319999993,-122.50124199999999,None,None,ZERO_RESULTS
47.30146319999993,-122.50158429999999,None,None,ZERO_RESULTS
47.30146319999993,-122.50192659999999,None,None,ZERO_RESULTS
47.30146319999993,-122.50226889999999,None,None,ZERO_RESULTS
47.30146319999993,-122.50261119999999,None,None,ZERO_RESULTS
47.30146319999993,-122.50295349999999,None,None,ZERO_RESULTS
47.30146319999993,-122.50329579999999,None,None,ZERO_RESULTS
47.30146319999993,-122.50363809999999,None,None,ZERO_RESULTS
47.30146319999993,-122.50398039999999,None,None,ZERO_RESULTS
47.30146319999993,-122.50432269999999,None,None,ZERO_RESULTS
47.30146319999993,-122.50466499999999,None,None,ZERO_RESULTS
47.30146319999993,-122.50500729999999,None,None,ZERO_RESULTS
47.30146319999993,-122.50534959999999,None,None,ZERO_RESULTS
47.30146319999993,-122.50569189999999,None,None,ZERO_RESULTS
47.30146319999993,-122.50603419999999,None,None,ZERO_RESULTS
47.30146319999993,-122.50637649999999,None,None,ZERO_RESULTS
47.30239616070865,-122.5077274401441,q8L89cNwO6XOWwZ0q98M1g,2021-07,
47.30239616070865,-122.5077274401441,q8L89cNwO6XOWwZ0q98M1g,2021-07,
47.30091067181744,-122.5078254727986,YTpY7vspKAgRpY86pn4Ojw,2021-07,
47.30135248328057,-122.5080461710905,NT1WIhyf3FjzfvZQj64RlA,2021-07,
47.30144290112785,-122.5080934294572,jG54egSk8Fkrq5vIo2v3ug,2021-07,
47.30153091021837,-122.508139626802,Dhg76I9b35GlUSelfAYZaA,2021-07,
47.30161661695706,-122.508185476024,hqAuvQZE5T9fD29tXuUFUQ,2021-07,
47.30135248328057,-122.5080461710905,NT1WIhyf3FjzfvZQj64RlA,2021-07,
47.3016045154782,-122.5103073916753,yAIGxo4e6xdwPtRgNR8liA,2018-10,
47.30149693664065,-122.510301059872,SgRNMCzqHJL7Sbq327Y0XQ,2018-10,
47.30149693664065,-122.510301059872,SgRNMCzqHJL7Sbq327Y0XQ,2018-10,
47.30149693664065,-122.510301059872,SgRNMCzqHJL7Sbq327Y0XQ,2018-10,
47.30149098243182,-122.5108691597232,y8rN1kLPVhfvrH5YWQqhhw,2018-10,
47.30149098243182,-122.5108691597232,y8rN1kLPVhfvrH5YWQqhhw,2018-10,
47.30143095881542,-122.5115212810395,Q5_fJDvzsWea7hnSrW40Eg,2018-10,
47.30150324706791,-122.5121170552865,xMxAza9fcMP4ZJa98ckKWw,2018-10,
47.30150324706791,-122.5121170552865,xMxAza9fcMP4ZJa98ckKWw,2018-10,
47.30143414974724,-122.5128550810997,i0YXPjs6CMIfbz8zhwUj7w,2018-10,
47.30173289999993,-122.50124199999999,None,None,ZERO_RESULTS
47.30173289999993,-122.50158429999999,None,None,ZERO_RESULTS
47.30173289999993,-122.50192659999999,None,None,ZERO_RESULTS
47.30173289999993,-122.50226889999999,None,None,ZERO_RESULTS
47.30173289999993,-122.50261119999999,None,None,ZERO_RESULTS
47.30173289999993,-122.50295349999999,None,None,ZERO_RESULTS
47.30173289999993,-122.50329579999999,None,None,ZERO_RESULTS
47.30173289999993,-122.50363809999999,None,None,ZERO_RESULTS
47.30173289999993,-122.50398039999999,None,None,ZERO_RESULTS
47.30173289999993,-122.50432269999999,None,None,ZERO_RESULTS
47.30173289999993,-122.50466499999999,None,None,ZERO_RESULTS
47.30173289999993,-122.50500729999999,None,None,ZERO_RESULTS
47.30173289999993,-122.50534959999999,None,None,ZERO_RESULTS
47.30173289999993,-122.50569189999999,None,None,ZERO_RESULTS
47.30173289999993,-122.50603419999999,None,None,ZERO_RESULTS
47.30239616070865,-122.5077274401441,q8L89cNwO6XOWwZ0q98M1g,2021-07,
47.30239616070865,-122.5077274401441,q8L89cNwO6XOWwZ0q98M1g,2021-07,
47.30239616070865,-122.5077274401441,q8L89cNwO6XOWwZ0q98M1g,2021-07,
47.30239616070865,-122.5077274401441,q8L89cNwO6XOWwZ0q98M1g,2021-07,
47.30161661695706,-122.508185476024,hqAuvQZE5T9fD29tXuUFUQ,2021-07,
47.30170379457021,-122.5082321965596,YV_J5gxOsu_XLf-7H6RhTg,2021-07,
47.3017943991809,-122.5082807033238,myovLFDip8SyJP0RT3g_EA,2021-07,
47.30188298705653,-122.5083368704274,ajLzZAh5FWACYT0EIiuWUA,2021-07,
47.30173289999993,-122.50911489999999,None,None,ZERO_RESULTS
47.30212716927432,-122.5097771546612,FndplXs_MTVTSoCtAjWsQw,2008-07,
47.3016045154782,-122.5103073916753,yAIGxo4e6xdwPtRgNR8liA,2018-10,
47.30170388624282,-122.5103495205832,JQt7QLj48O2Unm6g-WHtjg,2018-10,
47.30173635091525,-122.5104592503912,Yv2pLDTQFGzat2aaxXeZEg,2018-10,
47.30174226977669,-122.5108579386023,NLBpeJpib5HnfgD6z6o4sw,2018-10,
47.30174316066989,-122.5111915027682,NkSJz3FyjIObq2cVDDjfpA,2018-10,
47.30174395885354,-122.5114965391192,j8g6ZY5Uamkld2_-gohPOg,2018-10,
47.30174639375487,-122.5118231402567,1utC0FiK3KnltVc82incSw,2018-10,
47.30174899761236,-122.5121431811219,alAwP4sKy0fwo5y5wsdq7A,2018-10,
47.30175251123727,-122.5125174616095,oSkrE-2WECyFNvnlbMgyZA,2018-10,
47.30200259999992,-122.50124199999999,None,None,ZERO_RESULTS
47.30200259999992,-122.50158429999999,None,None,ZERO_RESULTS
47.30200259999992,-122.50192659999999,None,None,ZERO_RESULTS
47.30200259999992,-122.50226889999999,None,None,ZERO_RESULTS
47.30200259999992,-122.50261119999999,None,None,ZERO_RESULTS
47.30200259999992,-122.50295349999999,None,None,ZERO_RESULTS
47.30200259999992,-122.50329579999999,None,None,ZERO_RESULTS
47.30200259999992,-122.50363809999999,None,None,ZERO_RESULTS
47.30200259999992,-122.50398039999999,None,None,ZERO_RESULTS
47.30200259999992,-122.50432269999999,None,None,ZERO_RESULTS
47.30200259999992,-122.50466499999999,None,None,ZERO_RESULTS
47.30200259999992,-122.50500729999999,None,None,ZERO_RESULTS
47.30200259999992,-122.50534959999999,None,None,ZERO_RESULTS
47.30200259999992,-122.50569189999999,None,None,ZERO_RESULTS
47.30200259999992,-122.50603419999999,None,None,ZERO_RESULTS
47.30200259999992,-122.50637649999999,None,None,ZERO_RESULTS
47.30239616070865,-122.5077274401441,q8L89cNwO6XOWwZ0q98M1g,2021-07,
47.30239616070865,-122.5077274401441,q8L89cNwO6XOWwZ0q98M1g,2021-07,
47.30239616070865,-122.5077274401441,q8L89cNwO6XOWwZ0q98M1g,2021-07,
47.30229076248106,-122.5079644517613,KgJ1thce6c9x06z9G7VI2w,2021-07,
47.30212822268331,-122.5083001550264,ujAY9DbyDMvulsWyVK5TJQ,2021-07,
47.30196401001523,-122.5083786055138,PFSXOcylX4tevwaT0vl7Uw,2021-07,
47.30196401001523,-122.5083786055138,PFSXOcylX4tevwaT0vl7Uw,2021-07,
47.30200259999992,-122.50911489999999,None,None,ZERO_RESULTS
47.30212716927432,-122.5097771546612,FndplXs_MTVTSoCtAjWsQw,2008-07,
47.30212716927432,-122.5097771546612,FndplXs_MTVTSoCtAjWsQw,2008-07,
47.30212716927432,-122.5097771546612,FndplXs_MTVTSoCtAjWsQw,2008-07,
47.30173635091525,-122.5104592503912,Yv2pLDTQFGzat2aaxXeZEg,2018-10,
47.30174226977669,-122.5108579386023,NLBpeJpib5HnfgD6z6o4sw,2018-10,
47.30174316066989,-122.5111915027682,NkSJz3FyjIObq2cVDDjfpA,2018-10,
47.30174395885354,-122.5114965391192,j8g6ZY5Uamkld2_-gohPOg,2018-10,
47.30174639375487,-122.5118231402567,1utC0FiK3KnltVc82incSw,2018-10,
47.30174899761236,-122.5121431811219,alAwP4sKy0fwo5y5wsdq7A,2018-10,
47.30175251123727,-122.5125174616095,oSkrE-2WECyFNvnlbMgyZA,2018-10,
47.30227229999992,-122.50124199999999,None,None,ZERO_RESULTS
47.30227229999992,-122.50158429999999,None,None,ZERO_RESULTS
47.30227229999992,-122.50192659999999,None,None,ZERO_RESULTS
47.30227229999992,-122.50226889999999,None,None,ZERO_RESULTS
47.30227229999992,-122.50261119999999,None,None,ZERO_RESULTS
47.30227229999992,-122.50295349999999,None,None,ZERO_RESULTS
47.30227229999992,-122.50329579999999,None,None,ZERO_RESULTS
47.30227229999992,-122.50363809999999,None,None,ZERO_RESULTS
47.30227229999992,-122.50398039999999,None,None,ZERO_RESULTS
47.30227229999992,-122.50432269999999,None,None,ZERO_RESULTS
47.30227229999992,-122.50466499999999,None,None,ZERO_RESULTS
47.30227229999992,-122.50500729999999,None,None,ZERO_RESULTS
47.30227229999992,-122.50534959999999,None,None,ZERO_RESULTS
47.30227229999992,-122.50569189999999,None,None,ZERO_RESULTS
47.30227229999992,-122.50603419999999,None,None,ZERO_RESULTS
47.30227229999992,-122.50637649999999,None,None,ZERO_RESULTS
47.30227229999992,-122.50671879999999,None,None,ZERO_RESULTS
47.3025546889756,-122.5073744918325,ifv-sbjSuGtf5yCvBneu4Q,2021-07,
47.30244904965024,-122.5076057157997,Z_hHw0O0Vjolu6KRwPDhdg,2021-07,
47.30234048548307,-122.5078558407656,xS7ozwhgWzViQnOIizs2Nw,2021-07,
47.30224115672254,-122.5080789810697,yDdQFqnBfAoqat4nt9qAgw,2021-07,
47.30212822268331,-122.5083001550264,ujAY9DbyDMvulsWyVK5TJQ,2021-07,
47.30212822268331,-122.5083001550264,ujAY9DbyDMvulsWyVK5TJQ,2021-07,
47.30227229999992,-122.50911489999999,None,None,ZERO_RESULTS
47.30212716927432,-122.5097771546612,FndplXs_MTVTSoCtAjWsQw,2008-07,
47.30222072432471,-122.5098412644494,u3NBQPtKPwUST64J0jN7BQ,2008-07,
47.30230566027797,-122.5098947853196,AGUvPcGCbR_1xaW_wRIcuw,2008-07,
47.30246417606779,-122.5100184568078,aoafqmT--o50OJKgOJvwnQ,2008-07,
47.30174316066989,-122.5111915027682,NkSJz3FyjIObq2cVDDjfpA,2018-10,
47.30174316066989,-122.5111915027682,NkSJz3FyjIObq2cVDDjfpA,2018-10,
47.30227229999992,-122.51151099999998,None,None,ZERO_RESULTS
47.30227229999992,-122.51185329999998,None,None,ZERO_RESULTS
47.30227229999992,-122.51219559999998,None,None,ZERO_RESULTS
47.30227229999992,-122.51253789999998,None,None,ZERO_RESULTS
47.30254199999992,-122.50124199999999,None,None,ZERO_RESULTS
47.30254199999992,-122.50158429999999,None,None,ZERO_RESULTS
47.30254199999992,-122.50192659999999,None,None,ZERO_RESULTS
47.30254199999992,-122.50226889999999,None,None,ZERO_RESULTS
47.30254199999992,-122.50261119999999,None,None,ZERO_RESULTS
47.30254199999992,-122.50295349999999,None,None,ZERO_RESULTS
47.30254199999992,-122.50329579999999,None,None,ZERO_RESULTS
47.30254199999992,-122.50363809999999,None,None,ZERO_RESULTS
47.30254199999992,-122.50398039999999,None,None,ZERO_RESULTS
47.30254199999992,-122.50432269999999,None,None,ZERO_RESULTS
47.30254199999992,-122.50466499999999,None,None,ZERO_RESULTS
47.30254199999992,-122.50500729999999,None,None,ZERO_RESULTS
47.30254199999992,-122.50534959999999,None,None,ZERO_RESULTS
47.30254199999992,-122.50569189999999,None,None,ZERO_RESULTS
47.30254199999992,-122.50603419999999,None,None,ZERO_RESULTS
47.30254199999992,-122.50637649999999,None,None,ZERO_RESULTS
47.3025546889756,-122.5073744918325,ifv-sbjSuGtf5yCvBneu4Q,2021-07,
47.3025546889756,-122.5073744918325,ifv-sbjSuGtf5yCvBneu4Q,2021-07,
47.3025546889756,-122.5073744918325,ifv-sbjSuGtf5yCvBneu4Q,2021-07,
47.30244904965024,-122.5076057157997,Z_hHw0O0Vjolu6KRwPDhdg,2021-07,
47.30234048548307,-122.5078558407656,xS7ozwhgWzViQnOIizs2Nw,2021-07,
47.30224115672254,-122.5080789810697,yDdQFqnBfAoqat4nt9qAgw,2021-07,
47.30254199999992,-122.50877259999999,None,None,ZERO_RESULTS
47.30254199999992,-122.50911489999999,None,None,ZERO_RESULTS
47.30238631650663,-122.5099494675858,dMOQ9-KHJvUHxJy6x4MUDQ,2008-07,
47.30246417606779,-122.5100184568078,aoafqmT--o50OJKgOJvwnQ,2008-07,
47.30254236298938,-122.510093489385,birBtZAEw7-0SnYvVrMpdQ,2012-06,
47.30268440366314,-122.5102572432533,itOI_BxMK4wj-fCIGYry6A,2012-06,
47.30276181786166,-122.5103485949106,Ss3BRwjh9Q7S0E9fnmm9uQ,2012-06,
47.30254199999992,-122.51116869999998,None,None,ZERO_RESULTS
47.30254199999992,-122.51151099999998,None,None,ZERO_RESULTS
47.30254199999992,-122.51185329999998,None,None,ZERO_RESULTS
47.30254199999992,-122.51219559999998,None,None,ZERO_RESULTS
47.30254199999992,-122.51253789999998,None,None,ZERO_RESULTS
47.302811699999914,-122.50124199999999,None,None,ZERO_RESULTS
47.302811699999914,-122.50158429999999,None,None,ZERO_RESULTS
47.302811699999914,-122.50192659999999,None,None,ZERO_RESULTS
47.302811699999914,-122.50226889999999,None,None,ZERO_RESULTS
47.302811699999914,-122.50261119999999,None,None,ZERO_RESULTS
47.302811699999914,-122.50295349999999,None,None,ZERO_RESULTS
47.302811699999914,-122.50329579999999,None,None,ZERO_RESULTS
47.302811699999914,-122.50363809999999,None,None,ZERO_RESULTS
47.302811699999914,-122.50398039999999,None,None,ZERO_RESULTS
47.302811699999914,-122.50432269999999,None,None,ZERO_RESULTS
47.302811699999914,-122.50466499999999,None,None,ZERO_RESULTS
47.302811699999914,-122.50500729999999,None,None,ZERO_RESULTS
47.302811699999914,-122.50534959999999,None,None,ZERO_RESULTS
47.302811699999914,-122.50569189999999,None,None,ZERO_RESULTS
47.302811699999914,-122.50603419999999,None,None,ZERO_RESULTS
47.302811699999914,-122.50637649999999,None,None,ZERO_RESULTS
47.302811699999914,-122.50671879999999,None,None,ZERO_RESULTS
47.3025546889756,-122.5073744918325,ifv-sbjSuGtf5yCvBneu4Q,2021-07,
47.3025546889756,-122.5073744918325,ifv-sbjSuGtf5yCvBneu4Q,2021-07,
47.30250198349159,-122.5074804434615,4kBg-0q8iSI9D9aYxuCSyw,2021-07,
47.302811699999914,-122.50808799999999,None,None,ZERO_RESULTS
47.302811699999914,-122.50843029999999,None,None,ZERO_RESULTS
47.302811699999914,-122.50877259999999,None,None,ZERO_RESULTS
47.302811699999914,-122.50911489999999,None,None,ZERO_RESULTS
47.302811699999914,-122.50945719999999,None,None,ZERO_RESULTS
47.30261106075809,-122.5101716750566,NpD03p-xlgv1S-0DvJ7dsg,2012-06,
47.30276181786166,-122.5103485949106,Ss3BRwjh9Q7S0E9fnmm9uQ,2012-06,
47.30282769521911,-122.510426491798,tx5jnYwej-JXd_3_OOoc4A,2012-06,
47.30296526130259,-122.5105891409489,Xaa8S_DfeBvfet4_A7oGmQ,2012-06,
47.30303731315662,-122.5106782516356,g6_CJfyKCGNY4W23ykl-tg,2012-06,
47.302811699999914,-122.51151099999998,None,None,ZERO_RESULTS
47.302811699999914,-122.51185329999998,None,None,ZERO_RESULTS
47.302811699999914,-122.51219559999998,None,None,ZERO_RESULTS
47.302811699999914,-122.51253789999998,None,None,ZERO_RESULTS
47.30308139999991,-122.50124199999999,None,None,ZERO_RESULTS
47.30308139999991,-122.50158429999999,None,None,ZERO_RESULTS
47.30308139999991,-122.50192659999999,None,None,ZERO_RESULTS
47.30308139999991,-122.50226889999999,None,None,ZERO_RESULTS
47.30308139999991,-122.50261119999999,None,None,ZERO_RESULTS
47.30308139999991,-122.50295349999999,None,None,ZERO_RESULTS
47.30308139999991,-122.50329579999999,None,None,ZERO_RESULTS
47.30308139999991,-122.50363809999999,None,None,ZERO_RESULTS
47.30308139999991,-122.50398039999999,None,None,ZERO_RESULTS
47.30308139999991,-122.50432269999999,None,None,ZERO_RESULTS
47.30308139999991,-122.50466499999999,None,None,ZERO_RESULTS
47.30308139999991,-122.50500729999999,None,None,ZERO_RESULTS
47.30308139999991,-122.50534959999999,None,None,ZERO_RESULTS
47.30308139999991,-122.50569189999999,None,None,ZERO_RESULTS
47.30308139999991,-122.50603419999999,None,None,ZERO_RESULTS
47.30308139999991,-122.50637649999999,None,None,ZERO_RESULTS
47.30308139999991,-122.50671879999999,None,None,ZERO_RESULTS
47.30308139999991,-122.50706109999999,None,None,ZERO_RESULTS
47.30308139999991,-122.50740339999999,None,None,ZERO_RESULTS
47.30308139999991,-122.50774569999999,None,None,ZERO_RESULTS
47.30308139999991,-122.50808799999999,None,None,ZERO_RESULTS
47.30308139999991,-122.50843029999999,None,None,ZERO_RESULTS
47.30308139999991,-122.50877259999999,None,None,ZERO_RESULTS
47.30308139999991,-122.50911489999999,None,None,ZERO_RESULTS
47.30308139999991,-122.50945719999999,None,None,ZERO_RESULTS
47.30308139999991,-122.50979949999999,None,None,ZERO_RESULTS
47.3028951437766,-122.5105062539403,AflWaUMyeXjOgN8q6WTOEw,2012-06,
47.30296526130259,-122.5105891409489,Xaa8S_DfeBvfet4_A7oGmQ,2012-06,
47.30310984978885,-122.5107702901513,B5V-fh1dq854ZQJuNgGcug,2012-06,
47.30325007467707,-122.5109565330737,xYJOpMN40z8LnJvBQf-8-w,2012-06,
47.30338177885272,-122.5111418324924,_0hjtVCuUQN12diq7OzyXA,2012-06,
47.30308139999991,-122.51185329999998,None,None,ZERO_RESULTS
47.30308139999991,-122.51219559999998,None,None,ZERO_RESULTS
47.30308139999991,-122.51253789999998,None,None,ZERO_RESULTS
47.30335109999991,-122.50124199999999,None,None,ZERO_RESULTS
47.30335109999991,-122.50158429999999,None,None,ZERO_RESULTS
47.30335109999991,-122.50192659999999,None,None,ZERO_RESULTS
47.30335109999991,-122.50226889999999,None,None,ZERO_RESULTS
47.30335109999991,-122.50261119999999,None,None,ZERO_RESULTS
47.30335109999991,-122.50295349999999,None,None,ZERO_RESULTS
47.30335109999991,-122.50329579999999,None,None,ZERO_RESULTS
47.30335109999991,-122.50363809999999,None,None,ZERO_RESULTS
47.30335109999991,-122.50398039999999,None,None,ZERO_RESULTS
47.30335109999991,-122.50432269999999,None,None,ZERO_RESULTS
47.30335109999991,-122.50466499999999,None,None,ZERO_RESULTS
47.30335109999991,-122.50500729999999,None,None,ZERO_RESULTS
47.30335109999991,-122.50534959999999,None,None,ZERO_RESULTS
47.30335109999991,-122.50569189999999,None,None,ZERO_RESULTS
47.30335109999991,-122.50603419999999,None,None,ZERO_RESULTS
47.30335109999991,-122.50637649999999,None,None,ZERO_RESULTS
47.30335109999991,-122.50671879999999,None,None,ZERO_RESULTS
47.30335109999991,-122.50706109999999,None,None,ZERO_RESULTS
47.30335109999991,-122.50740339999999,None,None,ZERO_RESULTS
47.30335109999991,-122.50774569999999,None,None,ZERO_RESULTS
47.30335109999991,-122.50808799999999,None,None,ZERO_RESULTS
47.30335109999991,-122.50843029999999,None,None,ZERO_RESULTS
47.30335109999991,-122.50877259999999,None,None,ZERO_RESULTS
47.30335109999991,-122.50911489999999,None,None,ZERO_RESULTS
47.30335109999991,-122.50945719999999,None,None,ZERO_RESULTS
47.30335109999991,-122.50979949999999,None,None,ZERO_RESULTS
47.30335109999991,-122.51014179999999,None,None,ZERO_RESULTS
47.30318122618701,-122.510862575984,63CrQ_RslleLKL3VATHSaw,2012-06,
47.30325007467707,-122.5109565330737,xYJOpMN40z8LnJvBQf-8-w,2012-06,
47.30338177885272,-122.5111418324924,_0hjtVCuUQN12diq7OzyXA,2012-06,
47.30351564985794,-122.5113252890562,Jsde5CjNvVqQuElHRUNGfQ,2012-06,
47.30358143839516,-122.5114173539032,_Hd0hnh3HWzUKB4WhnVXaQ,2012-06,
47.30335109999991,-122.51219559999998,None,None,ZERO_RESULTS
47.30335109999991,-122.51253789999998,None,None,ZERO_RESULTS
47.303620799999905,-122.50124199999999,None,None,ZERO_RESULTS
47.303620799999905,-122.50158429999999,None,None,ZERO_RESULTS
47.303620799999905,-122.50192659999999,None,None,ZERO_RESULTS
47.303620799999905,-122.50226889999999,None,None,ZERO_RESULTS
47.303620799999905,-122.50261119999999,None,None,ZERO_RESULTS
47.303620799999905,-122.50295349999999,None,None,ZERO_RESULTS
47.303620799999905,-122.50329579999999,None,None,ZERO_RESULTS
47.303620799999905,-122.50363809999999,None,None,ZERO_RESULTS
47.303620799999905,-122.50398039999999,None,None,ZERO_RESULTS
47.303620799999905,-122.50432269999999,None,None,ZERO_RESULTS
47.303620799999905,-122.50466499999999,None,None,ZERO_RESULTS
47.303620799999905,-122.50500729999999,None,None,ZERO_RESULTS
47.303620799999905,-122.50534959999999,None,None,ZERO_RESULTS
47.303620799999905,-122.50569189999999,None,None,ZERO_RESULTS
47.303620799999905,-122.50603419999999,None,None,ZERO_RESULTS
47.303620799999905,-122.50637649999999,None,None,ZERO_RESULTS
47.303620799999905,-122.50671879999999,None,None,ZERO_RESULTS
47.303620799999905,-122.50706109999999,None,None,ZERO_RESULTS
47.303620799999905,-122.50740339999999,None,None,ZERO_RESULTS
47.303620799999905,-122.50774569999999,None,None,ZERO_RESULTS
47.303620799999905,-122.50808799999999,None,None,ZERO_RESULTS
47.303620799999905,-122.50843029999999,None,None,ZERO_RESULTS
47.303620799999905,-122.50877259999999,None,None,ZERO_RESULTS
47.303620799999905,-122.50911489999999,None,None,ZERO_RESULTS
47.303620799999905,-122.50945719999999,None,None,ZERO_RESULTS
47.303620799999905,-122.50979949999999,None,None,ZERO_RESULTS
47.303620799999905,-122.51014179999999,None,None,ZERO_RESULTS
47.303620799999905,-122.51048409999999,None,None,ZERO_RESULTS
47.30338177885272,-122.5111418324924,_0hjtVCuUQN12diq7OzyXA,2012-06,
47.30351564985794,-122.5113252890562,Jsde5CjNvVqQuElHRUNGfQ,2012-06,
47.30364687185598,-122.5115089650058,jvywic0KEiPKgsoATI8OXw,2012-06,
47.30377210099449,-122.5116900263432,4tUC6upJA_MYH7jWOx2lTg,2012-06,
47.30383555432525,-122.5117818464978,HfQxdgh5GcNy8h36bYdxKA,2012-06,
47.30422634069743,-122.5123553117229,Yhjtsys2elVGJgxPA2OXGA,2012-06,
47.3038904999999,-122.50124199999999,None,None,ZERO_RESULTS
47.3038904999999,-122.50158429999999,None,None,ZERO_RESULTS
47.3038904999999,-122.50192659999999,None,None,ZERO_RESULTS
47.3038904999999,-122.50226889999999,None,None,ZERO_RESULTS
47.3038904999999,-122.50261119999999,None,None,ZERO_RESULTS
47.3038904999999,-122.50295349999999,None,None,ZERO_RESULTS
47.3038904999999,-122.50329579999999,None,None,ZERO_RESULTS
47.3038904999999,-122.50363809999999,None,None,ZERO_RESULTS
47.3038904999999,-122.50398039999999,None,None,ZERO_RESULTS
47.3038904999999,-122.50432269999999,None,None,ZERO_RESULTS
47.3038904999999,-122.50466499999999,None,None,ZERO_RESULTS
47.3038904999999,-122.50500729999999,None,None,ZERO_RESULTS
47.3038904999999,-122.50534959999999,None,None,ZERO_RESULTS
47.3038904999999,-122.50569189999999,None,None,ZERO_RESULTS
47.3038904999999,-122.50603419999999,None,None,ZERO_RESULTS
47.3038904999999,-122.50637649999999,None,None,ZERO_RESULTS
47.3038904999999,-122.50671879999999,None,None,ZERO_RESULTS
47.3038904999999,-122.50706109999999,None,None,ZERO_RESULTS
47.3038904999999,-122.50740339999999,None,None,ZERO_RESULTS
47.3038904999999,-122.50774569999999,None,None,ZERO_RESULTS
47.3038904999999,-122.50808799999999,None,None,ZERO_RESULTS
47.3038904999999,-122.50843029999999,None,None,ZERO_RESULTS
47.3038904999999,-122.50877259999999,None,None,ZERO_RESULTS
47.3038904999999,-122.50911489999999,None,None,ZERO_RESULTS
47.3038904999999,-122.50945719999999,None,None,ZERO_RESULTS
47.3038904999999,-122.50979949999999,None,None,ZERO_RESULTS
47.3038904999999,-122.51014179999999,None,None,ZERO_RESULTS
47.3038904999999,-122.51048409999999,None,None,ZERO_RESULTS
47.3038904999999,-122.51082639999998,None,None,ZERO_RESULTS
47.30364687185598,-122.5115089650058,jvywic0KEiPKgsoATI8OXw,2012-06,
47.30377210099449,-122.5116900263432,4tUC6upJA_MYH7jWOx2lTg,2012-06,
47.30390061407223,-122.5118767309689,8sIvItnelFzlYz0iTrOEhQ,2012-06,
47.30403052007436,-122.5120679587218,1IObymp_ZwunHtR8TcvBmQ,2012-06,
47.30409533108092,-122.5121631030908,he4MckBgolSk_COo-jl7-w,2012-06,
