41.7268113,-111.82920899999999,None,None,ZERO_RESULTS
41.72682730000875,-111.8299405631793,dlvyb6WUwoRz7Udp90OdDg,2022-09,
41.72682730000875,-111.8299405631793,dlvyb6WUwoRz7Udp90OdDg,2022-09,
41.72682730000875,-111.8299405631793,dlvyb6WUwoRz7Udp90OdDg,2022-09,
41.7269194616428,-111.829937833988,SkAs5-k11ClG4hrdYJMlQg,2022-09,
41.72766835619056,-111.8312698611334,rdHc3tJUHS_623_beRZ2jw,2013-06,
41.72766835619056,-111.8312698611334,rdHc3tJUHS_623_beRZ2jw,2013-06,
41.72766835619056,-111.8312698611334,rdHc3tJUHS_623_beRZ2jw,2013-06,
41.72678205178304,-111.8324888994839,Drm2CN2KeSlmXqKeYSj9-Q,2022-09,
41.72678205178304,-111.8324888994839,Drm2CN2KeSlmXqKeYSj9-Q,2022-09,
41.72678205178304,-111.8324888994839,Drm2CN2KeSlmXqKeYSj9-Q,2022-09,
41.72678205178304,-111.8324888994839,Drm2CN2KeSlmXqKeYSj9-Q,2022-09,
41.7266934063765,-111.8324921745119,gTCgXtQ7X2_zJgXloofXQA,2022-09,
41.7268113,-111.83365889999999,None,None,ZERO_RESULTS
41.7268113,-111.83400119999999,None,None,ZERO_RESULTS
41.72700055649616,-111.8350940926755,R-0PLMm-3Zf4uJg4Lgpi3A,2022-09,
41.72682232587785,-111.8351010066202,6Mu8mfOP32MQ-sPPNlwRsA,2022-09,
41.72682232587785,-111.8351010066202,6Mu8mfOP32MQ-sPPNlwRsA,2022-09,
41.72682232587785,-111.8351010066202,6Mu8mfOP32MQ-sPPNlwRsA,2022-09,
41.7268113,-111.83571269999999,None,None,ZERO_RESULTS
41.7268113,-111.83605499999999,None,None,ZERO_RESULTS
41.72778454406856,-111.8368301293179,HDtchinQl8JH6mmR79BT0A,2019-06,
41.72778454406856,-111.8368301293179,HDtchinQl8JH6mmR79BT0A,2019-06,
41.72663332484932,-111.8377328535898,splqElzJRDcgzkZB64mSrQ,2022-09,
41.72680909012806,-111.8377281229984,luTyQapqatZM4krqqIxMnQ,2022-09,
41.72680909012806,-111.8377281229984,luTyQapqatZM4krqqIxMnQ,2022-09,
41.72680909012806,-111.8377281229984,luTyQapqatZM4krqqIxMnQ,2022-09,
41.72680909012806,-111.8377281229984,luTyQapqatZM4krqqIxMnQ,2022-09,
41.7268113,-111.83879339999999,None,None,ZERO_RESULTS
41.7268113,-111.83913569999999,None,None,ZERO_RESULTS
41.7268113,-111.83947799999999,None,None,ZERO_RESULTS
41.7268113,-111.83982029999999,None,None,ZERO_RESULTS
41.7268113,-111.84016259999999,None,None,ZERO_RESULTS
41.7268113,-111.84050489999998,None,None,ZERO_RESULTS
41.72762881714585,-111.8290007205818,WwQLHnIYs6Wk4vCXScfbwA,2013-06,
41.7271048897997,-111.8299322846323,j4uTgVvHgkLLd-8mVufsjQ,2022-09,
41.7271048897997,-111.8299322846323,j4uTgVvHgkLLd-8mVufsjQ,2022-09,
41.7271048897997,-111.8299322846323,j4uTgVvHgkLLd-8mVufsjQ,2022-09,
41.7269194616428,-111.829937833988,SkAs5-k11ClG4hrdYJMlQg,2022-09,
41.72766835619056,-111.8312698611334,rdHc3tJUHS_623_beRZ2jw,2013-06,
41.72766835619056,-111.8312698611334,rdHc3tJUHS_623_beRZ2jw,2013-06,
41.72766835619056,-111.8312698611334,rdHc3tJUHS_623_beRZ2jw,2013-06,
41.7271351461013,-111.8324756174257,7zsTjS7W9qZRUlzmHHcX-A,2022-09,
41.72704612073665,-111.8324789834268,WhliaYfo_anLyHSsBhfbFQ,2022-09,
41.72704612073665,-111.8324789834268,WhliaYfo_anLyHSsBhfbFQ,2022-09,
41.72704612073665,-111.8324789834268,WhliaYfo_anLyHSsBhfbFQ,2022-09,
41.72770192660334,-111.833290098643,rlg35UC8YSrJnfxx2Xcjnw,2022-09,
41.72770649607466,-111.8335308131619,rvQMxDm1DJDriVBjONJFww,2022-09,
41.72771550440644,-111.8340005066534,7x0qj2jU-scL21tK0SW3mw,2022-09,
41.72700055649616,-111.8350940926755,R-0PLMm-3Zf4uJg4Lgpi3A,2022-09,
41.727091356928,-111.8350916364057,cIE_hNgdDdXINAhfP6HZYg,2022-09,
41.727091356928,-111.8350916364057,cIE_hNgdDdXINAhfP6HZYg,2022-09,
41.727091356928,-111.8350916364057,cIE_hNgdDdXINAhfP6HZYg,2022-09,
41.72736259780837,-111.8350853592716,DIBL-qX_mNatzRoiOsc_QA,2022-09,
41.72777388586037,-111.8362413525046,VHALVtg5ZPVxPf7Y6i-9NQ,2019-06,
41.72777817516342,-111.8364783369993,3jFWr7z8eswyL-lTLlqH5w,2019-06,
41.72778454406856,-111.8368301293179,HDtchinQl8JH6mmR79BT0A,2019-06,
41.72739862462522,-111.8377125666307,VNUthVTQWN6D2Zt183f9cA,2022-09,
41.72712599172774,-111.8377196625177,OHjk_duRu5U-q62y-q5ASQ,2022-09,
41.72704059209578,-111.8377219368405,ZUfP8fBXjrpqUT-G9LGhuA,2022-09,
41.72704059209578,-111.8377219368405,ZUfP8fBXjrpqUT-G9LGhuA,2022-09,
41.727081,-111.83845109999999,None,None,ZERO_RESULTS
41.727081,-111.83879339999999,None,None,ZERO_RESULTS
41.727081,-111.83913569999999,None,None,ZERO_RESULTS
41.727081,-111.83947799999999,None,None,ZERO_RESULTS
41.727081,-111.83982029999999,None,None,ZERO_RESULTS
41.727081,-111.84016259999999,None,None,ZERO_RESULTS
41.727081,-111.84050489999998,None,None,ZERO_RESULTS
41.72763390534004,-111.8292410714,irfQLe9sa2YW9f50vEA8xQ,2013-06,
41.72738079301937,-111.8299240970584,BNjBJ9FWsPcwjwqwaJ7Z0w,2022-09,
41.72738079301937,-111.8299240970584,BNjBJ9FWsPcwjwqwaJ7Z0w,2022-09,
41.72738079301937,-111.8299240970584,BNjBJ9FWsPcwjwqwaJ7Z0w,2022-09,
41.72765686662051,-111.8305062335367,oiWl7wKMWgnL_tHcCmeeow,2013-06,
41.72766310777713,-111.8309210705576,eTrbaz6BqZdH0syxm-F7aw,2013-06,
41.72766835619056,-111.8312698611334,rdHc3tJUHS_623_beRZ2jw,2013-06,
41.72767382437461,-111.8316386657501,8XjA_ezP3cZm0dAjHwl4YA,2013-06,
41.72767752978118,-111.8318866581841,pGvZWMn14DOEbbcUWkBMSw,2013-06,
41.72731611377901,-111.8324687944506,_4rkwnkqEQww6qkTEnYkQA,2022-09,
41.72731611377901,-111.8324687944506,_4rkwnkqEQww6qkTEnYkQA,2022-09,
41.72769614994321,-111.8329862488568,QHYbpuP9yG5ANoua2qb-Lg,2022-09,
41.72770192660334,-111.833290098643,rlg35UC8YSrJnfxx2Xcjnw,2022-09,
41.72770874400686,-111.8336491690117,r9yNGgIMc_8PFAHB-s1CtQ,2022-09,
41.72771550440644,-111.8340005066534,7x0qj2jU-scL21tK0SW3mw,2022-09,
41.72772213602571,-111.8343481143802,FvqkmGg6gcnRWbFRlNDunA,2022-09,
41.72736259780837,-111.8350853592716,DIBL-qX_mNatzRoiOsc_QA,2022-09,
41.72736259780837,-111.8350853592716,DIBL-qX_mNatzRoiOsc_QA,2022-09,
41.72736259780837,-111.8350853592716,DIBL-qX_mNatzRoiOsc_QA,2022-09,
41.72776512265997,-111.8357562847839,dc8AOiQouJinRolz4aVbUA,2019-06,
41.72776954112083,-111.8360010020004,SXTZjUrRp_cBIwgpeTjjKA,2019-06,
41.72777602153556,-111.8363598902398,2lM1DuxQfLpCFKTqkdrQEA,2019-06,
41.72778239108723,-111.8367131381331,rH5W1URXn88vnjjlowXyKw,2019-06,
41.72778897777548,-111.8370751194032,nQxjnu6LcZ87a3i_l9bnkg,2019-06,
41.72739862462522,-111.8377125666307,VNUthVTQWN6D2Zt183f9cA,2022-09,
41.72730579623105,-111.8377150228993,J-QvvccFK3fplPpfGNboFg,2022-09,
41.72730579623105,-111.8377150228993,J-QvvccFK3fplPpfGNboFg,2022-09,
41.727350699999995,-111.83845109999999,None,None,ZERO_RESULTS
41.727350699999995,-111.83879339999999,None,None,ZERO_RESULTS
41.727350699999995,-111.83913569999999,None,None,ZERO_RESULTS
41.727350699999995,-111.83947799999999,None,None,ZERO_RESULTS
41.727350699999995,-111.83982029999999,None,None,ZERO_RESULTS
41.727350699999995,-111.84016259999999,None,None,ZERO_RESULTS
41.727350699999995,-111.84050489999998,None,None,ZERO_RESULTS
41.72763390534004,-111.8292410714,irfQLe9sa2YW9f50vEA8xQ,2013-06,
41.72763868282988,-111.829471688091,vdyzxjbob_LotxXOD6HdMw,2013-06,
41.72764763116911,-111.8298988065521,ns76FLVkef3RBbXtWq0cFw,2013-06,
41.7276527165494,-111.8302280379904,6oNl5T6Ddp_oDZb5YEftmA,2013-06,
41.72765686662051,-111.8305062335367,oiWl7wKMWgnL_tHcCmeeow,2013-06,
41.72766310777713,-111.8309210705576,eTrbaz6BqZdH0syxm-F7aw,2013-06,
41.72766835619056,-111.8312698611334,rdHc3tJUHS_623_beRZ2jw,2013-06,
41.72767382437461,-111.8316386657501,8XjA_ezP3cZm0dAjHwl4YA,2013-06,
41.72767752978118,-111.8318866581841,pGvZWMn14DOEbbcUWkBMSw,2013-06,
41.72768370992148,-111.8322995846656,JFq-q_NeySGVYMtuCCGCrg,2013-06,
41.72768896473731,-111.8326111671957,Pgvrj7N-OCc2baE4xB6A-Q,2022-09,
41.72769614994321,-111.8329862488568,QHYbpuP9yG5ANoua2qb-Lg,2022-09,
41.72770192660334,-111.833290098643,rlg35UC8YSrJnfxx2Xcjnw,2022-09,
41.72770874400686,-111.8336491690117,r9yNGgIMc_8PFAHB-s1CtQ,2022-09,
41.72771550440644,-111.8340005066534,7x0qj2jU-scL21tK0SW3mw,2022-09,
41.72772213602571,-111.8343481143802,FvqkmGg6gcnRWbFRlNDunA,2022-09,
41.72772971605265,-111.8347459391598,GCDNSQg20PxpQkcwHvjPZQ,2022-09,
41.72762892686423,-111.8350793550565,YV0kQOO0AQLOBLUWhhuGNw,2022-09,
41.7277535159274,-111.8352985998776,5wtCzfCF0gE7V_V5S3avdQ,2019-06,
41.72776512265997,-111.8357562847839,dc8AOiQouJinRolz4aVbUA,2019-06,
41.72776954112083,-111.8360010020004,SXTZjUrRp_cBIwgpeTjjKA,2019-06,
41.72777602153556,-111.8363598902398,2lM1DuxQfLpCFKTqkdrQEA,2019-06,
41.72778239108723,-111.8367131381331,rH5W1URXn88vnjjlowXyKw,2019-06,
41.72778897777548,-111.8370751194032,nQxjnu6LcZ87a3i_l9bnkg,2019-06,
41.72779598269078,-111.8374615723627,SpYdMTk0SxUVX-Jx2LDD2A,2019-06,
41.72759475423728,-111.8377074721476,n6ORwqaNfTKmy9PI4434hg,2022-09,
41.72759475423728,-111.8377074721476,n6ORwqaNfTKmy9PI4434hg,2022-09,
41.72762039999999,-111.83845109999999,None,None,ZERO_RESULTS
41.72762039999999,-111.83879339999999,None,None,ZERO_RESULTS
41.72762039999999,-111.83913569999999,None,None,ZERO_RESULTS
41.72762039999999,-111.83947799999999,None,None,ZERO_RESULTS
41.72762039999999,-111.83982029999999,None,None,ZERO_RESULTS
41.72762039999999,-111.84016259999999,None,None,ZERO_RESULTS
41.72762039999999,-111.84050489999998,None,None,ZERO_RESULTS
41.72763390534004,-111.8292410714,irfQLe9sa2YW9f50vEA8xQ,2013-06,
41.72764212316203,-111.8296350756894,W-nRtHoxxIczIzIfQz-yNg,2013-06,
41.72792273817014,-111.8299091774791,iPQdWTuBzhdG25MY45uxIg,2022-09,
41.7276527165494,-111.8302280379904,6oNl5T6Ddp_oDZb5YEftmA,2013-06,
41.72765686662051,-111.8305062335367,oiWl7wKMWgnL_tHcCmeeow,2013-06,
41.72766310777713,-111.8309210705576,eTrbaz6BqZdH0syxm-F7aw,2013-06,
41.72766835619056,-111.8312698611334,rdHc3tJUHS_623_beRZ2jw,2013-06,
41.72767382437461,-111.8316386657501,8XjA_ezP3cZm0dAjHwl4YA,2013-06,
41.72767951052222,-111.8320187509946,hFHA318b1PZ4jXDQF7VV7w,2013-06,
41.72789059614563,-111.8324440497942,5QM6IKq_NNAieRV21p73UA,2022-09,
41.72789059614563,-111.8324440497942,5QM6IKq_NNAieRV21p73UA,2022-09,
41.72769614994321,-111.8329862488568,QHYbpuP9yG5ANoua2qb-Lg,2022-09,
41.72770192660334,-111.833290098643,rlg35UC8YSrJnfxx2Xcjnw,2022-09,
41.72770874400686,-111.8336491690117,r9yNGgIMc_8PFAHB-s1CtQ,2022-09,
41.72771550440644,-111.8340005066534,7x0qj2jU-scL21tK0SW3mw,2022-09,
41.72772213602571,-111.8343481143802,FvqkmGg6gcnRWbFRlNDunA,2022-09,
41.72772971605265,-111.8347459391598,GCDNSQg20PxpQkcwHvjPZQ,2022-09,
41.72790183233533,-111.835074169598,ll2t7lNcBGABDGHd5CcdIQ,2022-09,
41.7277535159274,-111.8352985998776,5wtCzfCF0gE7V_V5S3avdQ,2019-06,
41.72776512265997,-111.8357562847839,dc8AOiQouJinRolz4aVbUA,2019-06,
41.72776954112083,-111.8360010020004,SXTZjUrRp_cBIwgpeTjjKA,2019-06,
41.72777602153556,-111.8363598902398,2lM1DuxQfLpCFKTqkdrQEA,2019-06,
41.72778239108723,-111.8367131381331,rH5W1URXn88vnjjlowXyKw,2019-06,
41.72778897777548,-111.8370751194032,nQxjnu6LcZ87a3i_l9bnkg,2019-06,
41.72779598269078,-111.8374615723627,SpYdMTk0SxUVX-Jx2LDD2A,2019-06,
41.7279170332982,-111.8377018318271,ew_cc4YH500aBUjoZjIVTw,2022-09,
41.7279170332982,-111.8377018318271,ew_cc4YH500aBUjoZjIVTw,2022-09,
41.72789009999999,-111.83845109999999,None,None,ZERO_RESULTS
41.72789009999999,-111.83879339999999,None,None,ZERO_RESULTS
41.72789009999999,-111.83913569999999,None,None,ZERO_RESULTS
41.72789009999999,-111.83947799999999,None,None,ZERO_RESULTS
41.72789009999999,-111.83982029999999,None,None,ZERO_RESULTS
41.72789009999999,-111.84016259999999,None,None,ZERO_RESULTS
41.72789009999999,-111.84050489999998,None,None,ZERO_RESULTS
41.72836238994923,-111.8298979877947,qMnxhBkYtCQJVihqGzOyLA,2022-09,
41.72818870771264,-111.8299024454738,sUjbmtQ-Ok1FxSvo6sytZA,2022-09,
41.72818870771264,-111.8299024454738,sUjbmtQ-Ok1FxSvo6sytZA,2022-09,
41.72818870771264,-111.8299024454738,sUjbmtQ-Ok1FxSvo6sytZA,2022-09,
41.72827590225334,-111.8299002621208,2xA2ad4qib0m9P8lWYfBRQ,2022-09,
41.728159799999986,-111.83092049999999,None,None,ZERO_RESULTS
41.728159799999986,-111.83126279999999,None,None,ZERO_RESULTS
41.72767752978118,-111.8318866581841,pGvZWMn14DOEbbcUWkBMSw,2013-06,
41.72815817561527,-111.8324364990351,P0ncjhsJl1aucRCYKtNvLg,2022-09,
41.72815817561527,-111.8324364990351,P0ncjhsJl1aucRCYKtNvLg,2022-09,
41.72815817561527,-111.8324364990351,P0ncjhsJl1aucRCYKtNvLg,2022-09,
41.72815817561527,-111.8324364990351,P0ncjhsJl1aucRCYKtNvLg,2022-09,
41.728159799999986,-111.83331659999999,None,None,ZERO_RESULTS
41.728159799999986,-111.83365889999999,None,None,ZERO_RESULTS
41.72771550440644,-111.8340005066534,7x0qj2jU-scL21tK0SW3mw,2022-09,
41.72772213602571,-111.8343481143802,FvqkmGg6gcnRWbFRlNDunA,2022-09,
41.72817714630401,-111.8350681653828,VomULfi4uGwsyl7-f_XzxQ,2022-09,
41.72817714630401,-111.8350681653828,VomULfi4uGwsyl7-f_XzxQ,2022-09,
41.72817714630401,-111.8350681653828,VomULfi4uGwsyl7-f_XzxQ,2022-09,
41.72776512265997,-111.8357562847839,dc8AOiQouJinRolz4aVbUA,2019-06,
41.72777165905219,-111.8361199946057,8ui4UJkvz5yxccCaY3U47Q,2019-06,
41.72777602153556,-111.8363598902398,2lM1DuxQfLpCFKTqkdrQEA,2019-06,
41.72778239108723,-111.8367131381331,rH5W1URXn88vnjjlowXyKw,2019-06,
41.72778897777548,-111.8370751194032,nQxjnu6LcZ87a3i_l9bnkg,2019-06,
41.72812885267694,-111.837695827615,T9vRsQ_WtePjQy3SB2EgSw,2022-09,
41.72812885267694,-111.837695827615,T9vRsQ_WtePjQy3SB2EgSw,2022-09,
41.72812885267694,-111.837695827615,T9vRsQ_WtePjQy3SB2EgSw,2022-09,
41.728159799999986,-111.83845109999999,None,None,ZERO_RESULTS
41.728159799999986,-111.83879339999999,None,None,ZERO_RESULTS
41.728159799999986,-111.83913569999999,None,None,ZERO_RESULTS
41.728159799999986,-111.83947799999999,None,None,ZERO_RESULTS
41.728159799999986,-111.83982029999999,None,None,ZERO_RESULTS
41.728159799999986,-111.84016259999999,None,None,ZERO_RESULTS
41.728159799999986,-111.84050489999998,None,None,ZERO_RESULTS
41.72836238994923,-111.8298979877947,qMnxhBkYtCQJVihqGzOyLA,2022-09,
41.7284479715352,-111.8298958954146,_RdBGXq_zMQWXLKV-vDpmw,2022-09,
41.7284479715352,-111.8298958954146,_RdBGXq_zMQWXLKV-vDpmw,2022-09,
41.7284479715352,-111.8298958954146,_RdBGXq_zMQWXLKV-vDpmw,2022-09,
41.72827590225334,-111.8299002621208,2xA2ad4qib0m9P8lWYfBRQ,2022-09,
41.72870264977246,-111.8298894363284,kJASyzljFG_2EWaalGICbg,2022-09,
41.72870264977246,-111.8298894363284,kJASyzljFG_2EWaalGICbg,2022-09,
41.7282481961555,-111.8324350434671,pvvCzAETxOnpwlgcE0sSiQ,2022-09,
41.7284285810962,-111.832432223304,7p9mAPkIPBi3GzuNtJ5Rag,2022-09,
41.7284285810962,-111.832432223304,7p9mAPkIPBi3GzuNtJ5Rag,2022-09,
41.7284285810962,-111.832432223304,7p9mAPkIPBi3GzuNtJ5Rag,2022-09,
41.7284285810962,-111.832432223304,7p9mAPkIPBi3GzuNtJ5Rag,2022-09,
41.72833827092615,-111.8324336788721,z8m1_yfeg4PpqwEggCrpgA,2022-09,
41.72842949999998,-111.83365889999999,None,None,ZERO_RESULTS
41.72871499498903,-111.835050789548,bQp4QQk80Se9aD3huSjUEA,2022-09,
41.72871499498903,-111.835050789548,bQp4QQk80Se9aD3huSjUEA,2022-09,
41.72844905186795,-111.8350585222494,9a_JrYeSGofxNWqH63I6nA,2022-09,
41.72844905186795,-111.8350585222494,9a_JrYeSGofxNWqH63I6nA,2022-09,
41.72844905186795,-111.8350585222494,9a_JrYeSGofxNWqH63I6nA,2022-09,
41.72842949999998,-111.83571269999999,None,None,ZERO_RESULTS
41.72842949999998,-111.83605499999999,None,None,ZERO_RESULTS
41.72842949999998,-111.83639729999999,None,None,ZERO_RESULTS
41.72842949999998,-111.83673959999999,None,None,ZERO_RESULTS
41.72842949999998,-111.83708189999999,None,None,ZERO_RESULTS
41.7284637935362,-111.8376837282177,R9ImQ14OfwcPXw0SH6fkIQ,2022-09,
41.7284637935362,-111.8376837282177,R9ImQ14OfwcPXw0SH6fkIQ,2022-09,
41.7284637935362,-111.8376837282177,R9ImQ14OfwcPXw0SH6fkIQ,2022-09,
41.72842949999998,-111.83845109999999,None,None,ZERO_RESULTS
41.72842949999998,-111.83879339999999,None,None,ZERO_RESULTS
41.72953546351475,-111.8394577906669,6VJ5iEHriG4LCnTlGnJzPw,2022-09,
41.72842949999998,-111.83947799999999,None,None,ZERO_RESULTS
41.72842949999998,-111.83982029999999,None,None,ZERO_RESULTS
41.72842949999998,-111.84016259999999,None,None,ZERO_RESULTS
41.72842949999998,-111.84050489999998,None,None,ZERO_RESULTS
41.72869919999998,-111.82920899999999,None,None,ZERO_RESULTS
41.72870264977246,-111.8298894363284,kJASyzljFG_2EWaalGICbg,2022-09,
41.72870264977246,-111.8298894363284,kJASyzljFG_2EWaalGICbg,2022-09,
41.72870264977246,-111.8298894363284,kJASyzljFG_2EWaalGICbg,2022-09,
41.72870264977246,-111.8298894363284,kJASyzljFG_2EWaalGICbg,2022-09,
41.72870264977246,-111.8298894363284,kJASyzljFG_2EWaalGICbg,2022-09,
41.72870264977246,-111.8298894363284,kJASyzljFG_2EWaalGICbg,2022-09,
41.72869919999998,-111.83160509999999,None,None,ZERO_RESULTS
41.72869608576047,-111.8324261281129,xFqzkArMYhMyDQTN8-Nf6A,2022-09,
41.72869608576047,-111.8324261281129,xFqzkArMYhMyDQTN8-Nf6A,2022-09,
41.72869608576047,-111.8324261281129,xFqzkArMYhMyDQTN8-Nf6A,2022-09,
41.72869608576047,-111.8324261281129,xFqzkArMYhMyDQTN8-Nf6A,2022-09,
41.72869919999998,-111.83331659999999,None,None,ZERO_RESULTS
41.72869919999998,-111.83365889999999,None,None,ZERO_RESULTS
41.72869919999998,-111.83400119999999,None,None,ZERO_RESULTS
41.72871499498903,-111.835050789548,bQp4QQk80Se9aD3huSjUEA,2022-09,
41.72871499498903,-111.835050789548,bQp4QQk80Se9aD3huSjUEA,2022-09,
41.72871499498903,-111.835050789548,bQp4QQk80Se9aD3huSjUEA,2022-09,
41.72871499498903,-111.835050789548,bQp4QQk80Se9aD3huSjUEA,2022-09,
41.72869919999998,-111.83571269999999,None,None,ZERO_RESULTS
41.72869919999998,-111.83605499999999,None,None,ZERO_RESULTS
41.72907440125867,-111.837664896825,j2_h0H3aRi1uSRBTsPm1fA,2022-09,
41.72907440125867,-111.837664896825,j2_h0H3aRi1uSRBTsPm1fA,2022-09,
41.7287283203115,-111.8376750857911,jyCR4BvzmZFoGN2OmYqwQg,2022-09,
41.7287283203115,-111.8376750857911,jyCR4BvzmZFoGN2OmYqwQg,2022-09,
41.7287283203115,-111.8376750857911,jyCR4BvzmZFoGN2OmYqwQg,2022-09,
41.7287283203115,-111.8376750857911,jyCR4BvzmZFoGN2OmYqwQg,2022-09,
41.72869919999998,-111.83845109999999,None,None,ZERO_RESULTS
41.72953546351475,-111.8394577906669,6VJ5iEHriG4LCnTlGnJzPw,2022-09,
41.72953546351475,-111.8394577906669,6VJ5iEHriG4LCnTlGnJzPw,2022-09,
41.72953546351475,-111.8394577906669,6VJ5iEHriG4LCnTlGnJzPw,2022-09,
41.72869919999998,-111.83982029999999,None,None,ZERO_RESULTS
41.72869919999998,-111.84016259999999,None,None,ZERO_RESULTS
41.72869919999998,-111.84050489999998,None,None,ZERO_RESULTS
41.72946311080912,-111.8290651295076,7Maa9gxzADmw5UBQEyHsJQ,2022-09,
41.72895899389806,-111.8298829772423,Y56cDz-yN_am-3vRwQN_IA,2022-09,
41.72895899389806,-111.8298829772423,Y56cDz-yN_am-3vRwQN_IA,2022-09,
41.72895899389806,-111.8298829772423,Y56cDz-yN_am-3vRwQN_IA,2022-09,
41.72870264977246,-111.8298894363284,kJASyzljFG_2EWaalGICbg,2022-09,
41.72943057673009,-111.8313933115222,F3bosKyouz-aGtgSNnXakw,2022-09,
41.72943057673009,-111.8313933115222,F3bosKyouz-aGtgSNnXakw,2022-09,
41.72942465512161,-111.8316182877946,dJfoAjIBwMFuPsI67Y2ifw,2022-09,
41.72896460367291,-111.8324189412457,rolNNfKW6CG9WO36WyB7Yw,2022-09,
41.72896460367291,-111.8324189412457,rolNNfKW6CG9WO36WyB7Yw,2022-09,
41.72896460367291,-111.8324189412457,rolNNfKW6CG9WO36WyB7Yw,2022-09,
41.72928769351127,-111.8329398526304,4cV25yjIeo-UmwNpWajpLg,2022-09,
41.72929298972552,-111.8333127509168,ju6xFAQ72rYLAxgzbpSLwQ,2022-09,
41.72930412383191,-111.8335998616557,306AlcSbFk48HDOXXZ1pOA,2022-09,
41.72931452374171,-111.8339507444358,I17btZP7ki41Z6XvP1x5hg,2022-09,
41.72932133494961,-111.834181269952,OCjp54MLHZ4h7MkrGmsrOg,2022-09,
41.72897867190282,-111.8350431478196,OXZQQn_ZTEfjEYBVDOaD3g,2022-09,
41.72897867190282,-111.8350431478196,OXZQQn_ZTEfjEYBVDOaD3g,2022-09,
41.72897867190282,-111.8350431478196,OXZQQn_ZTEfjEYBVDOaD3g,2022-09,
41.72896889999998,-111.83571269999999,None,None,ZERO_RESULTS
41.72896889999998,-111.83605499999999,None,None,ZERO_RESULTS
41.72907440125867,-111.837664896825,j2_h0H3aRi1uSRBTsPm1fA,2022-09,
41.72907440125867,-111.837664896825,j2_h0H3aRi1uSRBTsPm1fA,2022-09,
41.72898851540305,-111.8376674440665,clW6nJszd2P40VVHiZ0sKQ,2022-09,
41.72898851540305,-111.8376674440665,clW6nJszd2P40VVHiZ0sKQ,2022-09,
41.72898851540305,-111.8376674440665,clW6nJszd2P40VVHiZ0sKQ,2022-09,
41.72898851540305,-111.8376674440665,clW6nJszd2P40VVHiZ0sKQ,2022-09,
41.72896889999998,-111.83845109999999,None,None,ZERO_RESULTS
41.72953546351475,-111.8394577906669,6VJ5iEHriG4LCnTlGnJzPw,2022-09,
41.72953546351475,-111.8394577906669,6VJ5iEHriG4LCnTlGnJzPw,2022-09,
41.72953546351475,-111.8394577906669,6VJ5iEHriG4LCnTlGnJzPw,2022-09,
41.72954459902573,-111.8399128369962,qNrBqcG_Ho7n8ZU5CjbLLA,2022-09,
41.72896889999998,-111.84016259999999,None,None,ZERO_RESULTS
41.72896889999998,-111.84050489999998,None,None,ZERO_RESULTS
41.72946581624738,-111.8291819389135,S5GPRPShCzi2fc7iIdaa1g,2022-09,
41.72947229143809,-111.8295763070995,wbXSK4hXkVue49wj4cI4iw,2022-09,
41.72922852813567,-111.8298761542639,CMiKt_9avkqO2A6x9Ij46g,2022-09,
41.72947164999869,-111.8301914668286,5q6IPy4bVuPLkPoAKSv3KA,2022-09,
41.72946597536951,-111.8305583610851,vRXHbSFr1slZTjhJPHEUeA,2022-09,
41.72944997028392,-111.8309214344497,90cHKxKHCWNiJ6jgk93KSw,2022-09,
41.72943434287195,-111.8312764111909,zYI7DCzh-O3UGUkn_vGAaQ,2022-09,
41.72942465512161,-111.8316182877946,dJfoAjIBwMFuPsI67Y2ifw,2022-09,
41.72941630275878,-111.8319356016638,Gk4qWRsvHEeQF4kwJ4BScQ,2022-09,
41.72923292072009,-111.8324102078375,X7PisA0guHT1HLKeExZgKA,2022-09,
41.72936686994277,-111.8325664084801,jRXIuJnCrisIuJnomrDlIw,2022-09,
41.72928769351127,-111.8329398526304,4cV25yjIeo-UmwNpWajpLg,2022-09,
41.72929298972552,-111.8333127509168,ju6xFAQ72rYLAxgzbpSLwQ,2022-09,
41.72930412383191,-111.8335998616557,306AlcSbFk48HDOXXZ1pOA,2022-09,
41.72931452374171,-111.8339507444358,I17btZP7ki41Z6XvP1x5hg,2022-09,
41.72932133494961,-111.834181269952,OCjp54MLHZ4h7MkrGmsrOg,2022-09,
41.7292438876769,-111.8350350512264,L5zXk29jAleWoPejNmmznw,2022-09,
41.7292438876769,-111.8350350512264,L5zXk29jAleWoPejNmmznw,2022-09,
41.7292438876769,-111.8350350512264,L5zXk29jAleWoPejNmmznw,2022-09,
41.729238599999974,-111.83571269999999,None,None,ZERO_RESULTS
41.729238599999974,-111.83605499999999,None,None,ZERO_RESULTS
41.72907440125867,-111.837664896825,j2_h0H3aRi1uSRBTsPm1fA,2022-09,
41.7298070377751,-111.836864426111,l2Y5nFWXuPSI0_jaMt21KA,2022-09,
41.7292734422488,-111.8376600752606,Ct3QnMAvebBAEmsWF0QBTw,2022-09,
41.7292734422488,-111.8376600752606,Ct3QnMAvebBAEmsWF0QBTw,2022-09,
41.7292734422488,-111.8376600752606,Ct3QnMAvebBAEmsWF0QBTw,2022-09,
41.72951428193447,-111.8381472351822,lhTTiA4SBc80xUKc3togyw,2022-09,
41.72951693406183,-111.8383887682357,1VXI4dmMEXKaaE5jaDnp3w,2022-09,
41.72952122798038,-111.8387494757694,Q_i0LUau7bRgD-NZgE6j4Q,2022-09,
41.7295284373026,-111.8391064533897,HoYD4Xjpkms8-eDMykStCA,2022-09,
41.72953546351475,-111.8394577906669,6VJ5iEHriG4LCnTlGnJzPw,2022-09,
41.72954239714559,-111.8398019410632,0dfr1jfYkOv9Zd56G0moVw,2022-09,
41.72954299046111,-111.8401786597235,1w7AMRryodZ3BP8D4RfZfw,2022-09,
41.72954705966677,-111.840537183784,UZEsWWUPdNU-Se05V8P4yA,2022-09,
41.72946581624738,-111.8291819389135,S5GPRPShCzi2fc7iIdaa1g,2022-09,
41.72947229143809,-111.8295763070995,wbXSK4hXkVue49wj4cI4iw,2022-09,
41.72950527262037,-111.8298684215551,liFx4kibL_JaWBbgToS8iA,2022-09,
41.72947164999869,-111.8301914668286,5q6IPy4bVuPLkPoAKSv3KA,2022-09,
41.72946597536951,-111.8305583610851,vRXHbSFr1slZTjhJPHEUeA,2022-09,
41.72944997028392,-111.8309214344497,90cHKxKHCWNiJ6jgk93KSw,2022-09,
41.72943434287195,-111.8312764111909,zYI7DCzh-O3UGUkn_vGAaQ,2022-09,
41.72942465512161,-111.8316182877946,dJfoAjIBwMFuPsI67Y2ifw,2022-09,
41.72941630275878,-111.8319356016638,Gk4qWRsvHEeQF4kwJ4BScQ,2022-09,
41.7295587483051,-111.8324009285913,I-CdjcZobTvT5OsgbkODkg,2018-08,
41.72936686994277,-111.8325664084801,jRXIuJnCrisIuJnomrDlIw,2022-09,
41.72934042143397,-111.8328253176307,ZCu6PYqsDSpvPDSH7aAcOw,2022-09,
41.72939876452545,-111.833377796602,t2lAY5NtP1EzIaHQrn4YFQ,2022-09,
41.72950713628184,-111.833718217504,dU8Qp8nwL6b-zXYhd0myhA,2022-09,
41.72951365833062,-111.8339512902736,FSpz-ufw2MhkYwCcBtF8CQ,2022-09,
41.72949109272832,-111.8342726068152,4lh0hNQDJEm_metlx_7RRg,2022-09,
41.72951238286781,-111.8350345053887,9-oVzz8xuG-fpvvpTze3KA,2022-09,
41.72951238286781,-111.8350345053887,9-oVzz8xuG-fpvvpTze3KA,2022-09,
41.72951238286781,-111.8350345053887,9-oVzz8xuG-fpvvpTze3KA,2022-09,
41.72950829999997,-111.83571269999999,None,None,ZERO_RESULTS
41.72950829999997,-111.83605499999999,None,None,ZERO_RESULTS
41.72989054505065,-111.8365220949797,ikmyL0eK3fsZu2_zmWUTog,2022-09,
41.7298070377751,-111.836864426111,l2Y5nFWXuPSI0_jaMt21KA,2022-09,
41.72972401832972,-111.8372046648429,A-FF0NDgBMRHOoi58pfQPw,2022-09,
41.72966785639541,-111.8374347353525,Esfman5xlc5Ao2w3Kc5pxQ,2022-09,
41.72953388053922,-111.837745862716,WPVkb7f232ZKu-T2ma7JwA,2022-09,
41.72951428193447,-111.8381472351822,lhTTiA4SBc80xUKc3togyw,2022-09,
41.72951826897641,-111.8385098531634,U_K3sTbErULR_8mlZFbeBQ,2022-09,
41.72952122798038,-111.8387494757694,Q_i0LUau7bRgD-NZgE6j4Q,2022-09,
41.7295284373026,-111.8391064533897,HoYD4Xjpkms8-eDMykStCA,2022-09,
41.72953546351475,-111.8394577906669,6VJ5iEHriG4LCnTlGnJzPw,2022-09,
41.72954239714559,-111.8398019410632,0dfr1jfYkOv9Zd56G0moVw,2022-09,
41.72954299046111,-111.8401786597235,1w7AMRryodZ3BP8D4RfZfw,2022-09,
41.72954705966677,-111.840537183784,UZEsWWUPdNU-Se05V8P4yA,2022-09,
41.72946581624738,-111.8291819389135,S5GPRPShCzi2fc7iIdaa1g,2022-09,
41.72977630713394,-111.829856231167,7x2TXbbUQTVOWgf2sUcy-A,2022-09,
41.72977630713394,-111.829856231167,7x2TXbbUQTVOWgf2sUcy-A,2022-09,
41.72977630713394,-111.829856231167,7x2TXbbUQTVOWgf2sUcy-A,2022-09,
41.72946597536951,-111.8305583610851,vRXHbSFr1slZTjhJPHEUeA,2022-09,
41.72944997028392,-111.8309214344497,90cHKxKHCWNiJ6jgk93KSw,2022-09,
41.72943434287195,-111.8312764111909,zYI7DCzh-O3UGUkn_vGAaQ,2022-09,
41.72942465512161,-111.8316182877946,dJfoAjIBwMFuPsI67Y2ifw,2022-09,
41.73006474498218,-111.83211418168,zbgqsiB7tRQbgM9XihoX3w,2022-09,
41.72979919471238,-111.8323931049131,5D-17mOGHaEf3Y87Py1UXw,2018-08,
41.72988756219587,-111.8326031615718,J-WFM1LonxKaTnRRqc1KEw,2022-09,
41.72989432571908,-111.832971602205,e0Bf66ZirAVGC8JvWst-6Q,2022-09,
41.72989988216733,-111.8332776353437,CNUfAgy2XsPzIH0DSSJsZA,2022-09,
41.72990644201319,-111.8336354320916,er6YlD1ScBLywT5E8jWvqQ,2022-09,
41.72991303686928,-111.8339945024371,RadZiGChwHfacp5MVEFQMA,2022-09,
41.7299399954677,-111.8343462949208,rFQWBgqOLSEI6MdktxcMHA,2022-09,
41.73000012891039,-111.8345670863126,CrG9Jm7MYRbb3e0u-Do3kw,2022-09,
41.72977583968626,-111.8350348692805,fZVB81rMmwLUacjQ8xpOuw,2022-09,
41.72977583968626,-111.8350348692805,fZVB81rMmwLUacjQ8xpOuw,2022-09,
41.73005561848286,-111.8358460750799,AI-bwTRvrvoxCqimOlTilw,2022-09,
41.72997247564255,-111.8361865867965,TjOr91C1bTUwYkRxEj0_hw,2022-09,
41.72991761993472,-111.8364111989747,cnKQZbvhzhXPINZ6Oq8deA,2022-09,
41.7298353988658,-111.8367481627104,58aD1g4LySWF-PFVAbsNyg,2022-09,
41.72975158293779,-111.837091676475,AjBotNAiRe3kuFTX5-d1_A,2022-09,
41.72966785639541,-111.8374347353525,Esfman5xlc5Ao2w3Kc5pxQ,2022-09,
41.72981484485151,-111.8376487946195,Rf_tpvtk9ypqkta97YnwSw,2022-09,
41.72994948429697,-111.8381276760079,gspqrYh3LhhlyDM2b0wz2A,2022-09,
41.7299485614169,-111.8385003919821,SMrk11KSbFUQtEUBMsq4xg,2022-09,
41.72974368160963,-111.8387988740501,DlpEwkGSxErFAMM19sw49Q,2022-09,
41.72975179813883,-111.8391756837561,ilTIBu-Bu9TGYHgsENs8bA,2022-09,
41.72976097972517,-111.8395252925439,3Y-KLywM45qlONWE48b5MQ,2022-09,
41.72976403038065,-111.8398117661336,Z_Qj8TtayknTAaRs2ciylQ,2022-09,
41.72976402348167,-111.8401652867118,e7bpF8i07fkQ6HOxRpFNRA,2022-09,
41.72978827149505,-111.8402247829674,DybxAA06rRZdUG6jqo5vPg,2022-09,
41.730047699999965,-111.82920899999999,None,None,ZERO_RESULTS
41.73004360771672,-111.829844222725,H3XUYN4GXSaP-7BA6wLpUQ,2022-09,
41.73004360771672,-111.829844222725,H3XUYN4GXSaP-7BA6wLpUQ,2022-09,
41.73004360771672,-111.829844222725,H3XUYN4GXSaP-7BA6wLpUQ,2022-09,
41.730047699999965,-111.83057819999999,None,None,ZERO_RESULTS
41.73040613405563,-111.8311606025334,_4MQAD32M9sxKYAfSw1Mcg,2022-09,
41.73034960351952,-111.8313805752995,Glhbmq-toimUtXzELE9pSQ,2022-09,
41.73023485285218,-111.8316964336145,xWCBT9y8VPw1OYyMFVlEbw,2022-09,
41.73011076782489,-111.8320016480689,d6r1t0p2sWpehWDXJ-WWmA,2022-09,
41.73001808739278,-111.8323333356501,afD4xcNcNybiUV1lUWnGnQ,2022-09,
41.72988756219587,-111.8326031615718,J-WFM1LonxKaTnRRqc1KEw,2022-09,
41.72989432571908,-111.832971602205,e0Bf66ZirAVGC8JvWst-6Q,2022-09,
41.72989988216733,-111.8332776353437,CNUfAgy2XsPzIH0DSSJsZA,2022-09,
41.72990644201319,-111.8336354320916,er6YlD1ScBLywT5E8jWvqQ,2022-09,
41.72991303686928,-111.8339945024371,RadZiGChwHfacp5MVEFQMA,2022-09,
41.7299399954677,-111.8343462949208,rFQWBgqOLSEI6MdktxcMHA,2022-09,
41.73003198069826,-111.834681621275,irrquOhlZCprnofOe36PuA,2022-09,
41.73004300890536,-111.8350293199301,KCnzlxmSAhsesjrDH8U8eQ,2022-09,
41.7300986821889,-111.8353810213723,BZz6bYvSqF0V8VdLIiKl7Q,2022-09,
41.73008207631941,-111.8357331776559,8GxbsBCIkKR62F--SmbbCg,2022-09,
41.73000003911982,-111.8360735984067,5CXR03TAb84gOEXvFjHScQ,2022-09,
41.72994498447223,-111.836299211292,YKtXgCVtSiPtqDO75Uhieg,2022-09,
41.72986345193729,-111.8366330819554,FDFrEBgnXlJGIRtZxxyxoA,2022-09,
41.72977907498549,-111.8369790519964,g3zhgWqThCBTAUVCsPWBkQ,2022-09,
41.73004116943749,-111.8376332382515,l5JOTXVw7hqJkqzUdmvx4w,2022-09,
41.72995042660106,-111.837781433124,SqAR8Pu-TtXjfkYUoLSQIQ,2022-09,
41.72994948429697,-111.8381276760079,gspqrYh3LhhlyDM2b0wz2A,2022-09,
41.7299485614169,-111.8385003919821,SMrk11KSbFUQtEUBMsq4xg,2022-09,
41.72993001096583,-111.8387224568201,6FWP6dGnpbQIZDYspBEJHw,2022-09,
41.72975179813883,-111.8391756837561,ilTIBu-Bu9TGYHgsENs8bA,2022-09,
41.72976097972517,-111.8395252925439,3Y-KLywM45qlONWE48b5MQ,2022-09,
41.72976403038065,-111.8398117661336,Z_Qj8TtayknTAaRs2ciylQ,2022-09,
41.73007969541672,-111.8402109550915,RkhLWJ6bbwgUF2SvLNWpCQ,2022-09,
41.73007969541672,-111.8402109550915,RkhLWJ6bbwgUF2SvLNWpCQ,2022-09,
41.73031739999996,-111.82920899999999,None,None,ZERO_RESULTS
41.73030675765247,-111.829832305256,uPLjW75PXdlTJix4y7wroQ,2022-09,
41.73030675765247,-111.829832305256,uPLjW75PXdlTJix4y7wroQ,2022-09,
41.73030675765247,-111.829832305256,uPLjW75PXdlTJix4y7wroQ,2022-09,
41.73046460520833,-111.8310554377174,rOiyYdZWccjL5UIyegaAmw,2022-09,
41.73046460520833,-111.8310554377174,rOiyYdZWccjL5UIyegaAmw,2022-09,
41.73038259802222,-111.8312704979445,BTId7XNh2IFHkzWZD1PJ6w,2022-09,
41.73027527811339,-111.8315945438375,SnyEq-4e9jrHRcSHDfATMw,2022-09,
41.73019384790766,-111.8317997789578,HVDSnenjS_-ybBy1eD65Tw,2022-09,
41.7303489725537,-111.8323652671742,cDkiz0embPxriF2E61ni1A,2022-09,
41.7303489725537,-111.8323652671742,cDkiz0embPxriF2E61ni1A,2022-09,
41.72989432571908,-111.832971602205,e0Bf66ZirAVGC8JvWst-6Q,2022-09,
41.72989988216733,-111.8332776353437,CNUfAgy2XsPzIH0DSSJsZA,2022-09,
41.72990644201319,-111.8336354320916,er6YlD1ScBLywT5E8jWvqQ,2022-09,
41.72991303686928,-111.8339945024371,RadZiGChwHfacp5MVEFQMA,2022-09,
41.73000012891039,-111.8345670863126,CrG9Jm7MYRbb3e0u-Do3kw,2022-09,
41.73035668841285,-111.8350202226343,0TGxL9hbgfkOjTOK6STCMw,2022-09,
41.73035668841285,-111.8350202226343,0TGxL9hbgfkOjTOK6STCMw,2022-09,
41.7300986821889,-111.8353810213723,BZz6bYvSqF0V8VdLIiKl7Q,2022-09,
41.73009780719936,-111.8356184607704,yDiTeGngpd_UQAeSQG6ptg,2022-09,
41.7300276386872,-111.8359604280687,Q_dwtszmHe2iZiHmy-ZtcQ,2022-09,
41.72997247564255,-111.8361865867965,TjOr91C1bTUwYkRxEj0_hw,2022-09,
41.73051124772034,-111.8376150436689,OvDfAph9NAj4_kxWbqyO_Q,2022-09,
41.73032043744978,-111.8376225944207,PJyGQG_jc-6-ZbabaplHHQ,2022-09,
41.73032043744978,-111.8376225944207,PJyGQG_jc-6-ZbabaplHHQ,2022-09,
41.73032043744978,-111.8376225944207,PJyGQG_jc-6-ZbabaplHHQ,2022-09,
41.73032043744978,-111.8376225944207,PJyGQG_jc-6-ZbabaplHHQ,2022-09,
41.7299485614169,-111.8385003919821,SMrk11KSbFUQtEUBMsq4xg,2022-09,
41.72995533173208,-111.8386222046904,qD3T4TeSbIiaH-5WooeFIw,2022-09,
41.72993001096583,-111.8387224568201,6FWP6dGnpbQIZDYspBEJHw,2022-09,
41.73017108669023,-111.8402065883939,zC0mlV6sdvcS_tPd5h371Q,2022-09,
41.73034982832186,-111.8401981279172,bQsZ8TEd5ZvxJ0c2SqvlOw,2022-09,
41.73034982832186,-111.8401981279172,bQsZ8TEd5ZvxJ0c2SqvlOw,2022-09,
41.73034982832186,-111.8401981279172,bQsZ8TEd5ZvxJ0c2SqvlOw,2022-09,
41.73058709999996,-111.82920899999999,None,None,ZERO_RESULTS
41.73056014031622,-111.8298224801671,lJ0jrGVe_vooQ-X9VPpMVw,2022-09,
41.73056014031622,-111.8298224801671,lJ0jrGVe_vooQ-X9VPpMVw,2022-09,
41.73064522806121,-111.8301022222759,Pq0_wj-GyKzMVfX3KSqucw,2013-06,
41.73085838633983,-111.8305006841816,l2MwxC-iDNIvjobhh9Xl3g,2022-09,
41.73055728334054,-111.8310384257617,hcv6RnZBSvZrjqjZp-LzEw,2013-06,
41.73055728334054,-111.8310384257617,hcv6RnZBSvZrjqjZp-LzEw,2013-06,
41.73031343758878,-111.8314883783267,FQBjAprp_jJ7cPb16u6G0A,2022-09,
41.73061238997192,-111.8323516212238,xiE0TcnRRI5WY7q_o7n3GQ,2022-09,
41.73061238997192,-111.8323516212238,xiE0TcnRRI5WY7q_o7n3GQ,2022-09,
41.73061238997192,-111.8323516212238,xiE0TcnRRI5WY7q_o7n3GQ,2022-09,
41.73061238997192,-111.8323516212238,xiE0TcnRRI5WY7q_o7n3GQ,2022-09,
41.72989988216733,-111.8332776353437,CNUfAgy2XsPzIH0DSSJsZA,2022-09,
41.73058709999996,-111.83365889999999,None,None,ZERO_RESULTS
41.7299399954677,-111.8343462949208,rFQWBgqOLSEI6MdktxcMHA,2022-09,
41.7299399954677,-111.8343462949208,rFQWBgqOLSEI6MdktxcMHA,2022-09,
41.73062733299918,-111.8350092149064,6uZw2dFfRxz3Wp_RA2KNoQ,2022-09,
41.73062733299918,-111.8350092149064,6uZw2dFfRxz3Wp_RA2KNoQ,2022-09,
41.7305371003531,-111.8350143093921,wYeEXTsY9YqERKseTXC1_A,2022-09,
41.73058709999996,-111.83571269999999,None,None,ZERO_RESULTS
41.73058709999996,-111.83605499999999,None,None,ZERO_RESULTS
41.73058709999996,-111.83639729999999,None,None,ZERO_RESULTS
41.73058709999996,-111.83673959999999,None,None,ZERO_RESULTS
41.73060365394503,-111.8376114047524,1W7m1R4SATpzuZoNpFdzsw,2022-09,
41.73060365394503,-111.8376114047524,1W7m1R4SATpzuZoNpFdzsw,2022-09,
41.73060365394503,-111.8376114047524,1W7m1R4SATpzuZoNpFdzsw,2022-09,
41.73060365394503,-111.8376114047524,1W7m1R4SATpzuZoNpFdzsw,2022-09,
41.73058709999996,-111.83845109999999,None,None,ZERO_RESULTS
41.73058709999996,-111.83879339999999,None,None,ZERO_RESULTS
41.73058709999996,-111.83913569999999,None,None,ZERO_RESULTS
41.73052403971519,-111.8401898493862,wnjHzhdVuUdTZB-pOsmLYA,2022-09,
41.73061073754275,-111.8401857556072,DwnhZkkmteHrXN3XWGNjJw,2022-09,
41.73061073754275,-111.8401857556072,DwnhZkkmteHrXN3XWGNjJw,2022-09,
41.73061073754275,-111.8401857556072,DwnhZkkmteHrXN3XWGNjJw,2022-09,
41.73130377468534,-111.8292217851122,YBxy0exS829oStHJZeFpnQ,2022-09,
41.73089063808739,-111.8298115634016,RWJUWct48k1RzifRAs5Fbg,2022-09,
41.73089063808739,-111.8298115634016,RWJUWct48k1RzifRAs5Fbg,2022-09,
41.7308223420942,-111.8302767995391,_spPSBky42IVZOEwtuFx2Q,2013-06,
41.73086812124635,-111.8306273186441,DRG4iXROBxRZN9KlRiinzQ,2022-09,
41.73091062209876,-111.8308912314045,Ou7_bWquKhHhuXLv50w7sw,2013-06,
41.73098648602539,-111.8310872782761,dYYAawt02Io1XF3kMIbxaA,2013-06,
41.73104638558683,-111.8311748852981,bzoma1_Nrea15MyTIk7asw,2013-06,
41.73087933937566,-111.8323377023542,IX4HG7gCI-YFAXLngXAuiQ,2022-09,
41.73087933937566,-111.8323377023542,IX4HG7gCI-YFAXLngXAuiQ,2022-09,
41.73087933937566,-111.8323377023542,IX4HG7gCI-YFAXLngXAuiQ,2022-09,
41.73131998064007,-111.833041014598,-3rJlEel4pmN75bUBLVFtQ,2022-09,
41.73132425673399,-111.8331608260265,pwxYXPI6JMMrVxU7f0ci4Q,2022-09,
41.73132425673399,-111.8331608260265,pwxYXPI6JMMrVxU7f0ci4Q,2022-09,
41.730856799999955,-111.83400119999999,None,None,ZERO_RESULTS
41.730856799999955,-111.83434349999999,None,None,ZERO_RESULTS
41.73089790323083,-111.8349938404765,VMTvaiOWc9WQUQOE0X35MA,2022-09,
41.73089790323083,-111.8349938404765,VMTvaiOWc9WQUQOE0X35MA,2022-09,
41.73080788844396,-111.8349989349622,oElqCsB4Q-Gv_hmZtfhx3A,2022-09,
41.730856799999955,-111.83571269999999,None,None,ZERO_RESULTS
41.730856799999955,-111.83605499999999,None,None,ZERO_RESULTS
41.730856799999955,-111.83639729999999,None,None,ZERO_RESULTS
41.730856799999955,-111.83673959999999,None,None,ZERO_RESULTS
41.73086750006205,-111.8376010338404,Cwc364J8CtCcamwPZNzgDQ,2022-09,
41.73086750006205,-111.8376010338404,Cwc364J8CtCcamwPZNzgDQ,2022-09,
41.73086750006205,-111.8376010338404,Cwc364J8CtCcamwPZNzgDQ,2022-09,
41.73086750006205,-111.8376010338404,Cwc364J8CtCcamwPZNzgDQ,2022-09,
41.73144650650585,-111.8385810849415,HCU-iosqqjREuun40O9ddA,2022-09,
41.73144650650585,-111.8385810849415,HCU-iosqqjREuun40O9ddA,2022-09,
41.73147002227451,-111.8393952922974,1wSbTr3O42j7nWt_lDzjZQ,2022-09,
41.73147002227451,-111.8393952922974,1wSbTr3O42j7nWt_lDzjZQ,2022-09,
41.73086044828236,-111.8401739291343,fCDctVTTTZVdaYBN467G5g,2018-08,
41.73086044828236,-111.8401739291343,fCDctVTTTZVdaYBN467G5g,2018-08,
41.73086044828236,-111.8401739291343,fCDctVTTTZVdaYBN467G5g,2018-08,
41.73130377468534,-111.8292217851122,YBxy0exS829oStHJZeFpnQ,2022-09,
41.73130217797656,-111.8295885884612,06eQU_ej0GBDq1mArSC7aA,2022-09,
41.73118087294694,-111.8298019202587,MLGb8B2CLmc7OWyQT060vQ,2022-09,
41.73129613713308,-111.8302319498311,Y7dz1g1bXFyGGW3aGAN-aQ,2022-09,
41.73129199879843,-111.830593658622,4cnZJEJLEJXXP3lCheI-6w,2022-09,
41.73128766213856,-111.8309691043158,LRSeYdkaVn9U-KkXcEG2Eg,2013-06,
41.73112508845775,-111.8312375657107,7rMVWZwv9pJ_9PE3k2tmfA,2013-06,
41.73128675186091,-111.8315786235596,nRPUsoSaFECq9XTfkQZa1Q,2013-06,
41.73129040764061,-111.8318796532622,9R20Q3mof642h-ssoUKxEg,2013-06,
41.73109410480927,-111.8323270585128,HQXln8fVRB8WX4jyOY4v-w,2013-06,
41.731307764801,-111.8326646593188,LXXHo9tcAo1FYZRv8K_VtA,2013-06,
41.73131783336903,-111.8329804265853,Lg9K3yyl1h_5Fsi9mVAk4w,2022-09,
41.73132844175918,-111.8332785450736,SFeSHSaVooGoyhOUbOCf4A,2022-09,
41.73134050588079,-111.8336261528474,V07zf5HqACx37FjO0sSyxg,2022-09,
41.73134606335481,-111.8339696668148,oj8yH2vkvYhb_btoAJzj_w,2022-09,
41.73134933656325,-111.8343133627059,sAIZvwK3Bv1AexXZRz4oPw,2022-09,
41.73116856347203,-111.8349838334511,VGuC65XD-q7dsrBAKehJsQ,2022-09,
41.73116856347203,-111.8349838334511,VGuC65XD-q7dsrBAKehJsQ,2022-09,
41.73137185407928,-111.8353789289944,Yk6rtn7SVPOm0ZKEizlZAw,2022-09,
41.73138066677552,-111.8357264456579,MbL7EsPMfeMXo2AnA4UkKQ,2022-09,
41.73139118252199,-111.8360843332136,nVz8SsIm4fhUIxcl1zRxwQ,2022-09,
41.73139781936019,-111.8364416749074,dZzYVcsFhcwDah8h0HKXdQ,2022-09,
41.7314015071526,-111.8366874837672,JblWwY9ISouPoFQIwo0q6Q,2022-09,
41.73140701881548,-111.8370501018495,CeEVvNUAzHxPhLmC9B46SA,2022-09,
41.73116999181505,-111.8375865691471,RHwnM2YuvrmC2sDbrMvtmg,2022-09,
41.73116999181505,-111.8375865691471,RHwnM2YuvrmC2sDbrMvtmg,2022-09,
41.73143515632596,-111.8381087536438,e2Tu7uTJr7Pnz8G1_Uq9Cw,2022-09,
41.73144415858822,-111.8384650944977,H2I6Vx90HFXbnDLlsHEq8g,2022-09,
41.7314520353311,-111.8388128838755,CRjkVc94wVkegKiL19ZGqA,2022-09,
41.73146183155531,-111.8391637663081,kmI9WfNU40ur4KNgJWTTAw,2022-09,
41.73147405421005,-111.8395137389882,fYSA83L_eMS9-yL44hkYkQ,2022-09,
41.73114418443784,-111.8401604651498,OY18bxwH3UCUQe5YNxK4UQ,2022-09,
41.73114418443784,-111.8401604651498,OY18bxwH3UCUQe5YNxK4UQ,2022-09,
41.73114418443784,-111.8401604651498,OY18bxwH3UCUQe5YNxK4UQ,2022-09,
41.73130377468534,-111.8292217851122,YBxy0exS829oStHJZeFpnQ,2022-09,
41.73130217797656,-111.8295885884612,06eQU_ej0GBDq1mArSC7aA,2022-09,
41.73143033654797,-111.829784817326,QVXBrrD9dAkKSO9UcEpfRw,2021-11,
41.73129613713308,-111.8302319498311,Y7dz1g1bXFyGGW3aGAN-aQ,2022-09,
41.73129199879843,-111.830593658622,4cnZJEJLEJXXP3lCheI-6w,2022-09,
41.73128766213856,-111.8309691043158,LRSeYdkaVn9U-KkXcEG2Eg,2013-06,
41.73128489576428,-111.8312120932644,5dPatpGvfAYUUHa08-jBOg,2013-06,
41.73128675186091,-111.8315786235596,nRPUsoSaFECq9XTfkQZa1Q,2013-06,
41.73129287533668,-111.8320114731539,0mXQ82EBIoRdvVuCnOP98w,2013-06,
41.7312985885302,-111.8322704733042,PNpG97xP4khR0diBq3SVLw,2013-06,
41.731307764801,-111.8326646593188,LXXHo9tcAo1FYZRv8K_VtA,2013-06,
41.73131783336903,-111.8329804265853,Lg9K3yyl1h_5Fsi9mVAk4w,2022-09,
41.73132844175918,-111.8332785450736,SFeSHSaVooGoyhOUbOCf4A,2022-09,
41.73134050588079,-111.8336261528474,V07zf5HqACx37FjO0sSyxg,2022-09,
41.73134606335481,-111.8339696668148,oj8yH2vkvYhb_btoAJzj_w,2022-09,
41.73134933656325,-111.8343133627059,sAIZvwK3Bv1AexXZRz4oPw,2022-09,
41.73135711019141,-111.834718556298,nwNRjaqfNE0TDTtQH8dUsQ,2022-09,
41.73136439830421,-111.8350264087955,BM5AgY7j3oJJJNOP30-Wng,2022-09,
41.73137185407928,-111.8353789289944,Yk6rtn7SVPOm0ZKEizlZAw,2022-09,
41.73138066677552,-111.8357264456579,MbL7EsPMfeMXo2AnA4UkKQ,2022-09,
41.73139118252199,-111.8360843332136,nVz8SsIm4fhUIxcl1zRxwQ,2022-09,
41.73139781936019,-111.8364416749074,dZzYVcsFhcwDah8h0HKXdQ,2022-09,
41.7314015071526,-111.8366874837672,JblWwY9ISouPoFQIwo0q6Q,2022-09,
41.73140701881548,-111.8370501018495,CeEVvNUAzHxPhLmC9B46SA,2022-09,
41.73141252951802,-111.8374174504985,4PSTIS9ZmDaiWnFyD1vVAQ,2022-09,
41.73142207810934,-111.8377739733453,-dB6aCWh1HGjCPSI66-3AQ,2022-09,
41.73143515632596,-111.8381087536438,e2Tu7uTJr7Pnz8G1_Uq9Cw,2022-09,
41.73144415858822,-111.8384650944977,H2I6Vx90HFXbnDLlsHEq8g,2022-09,
41.7314520353311,-111.8388128838755,CRjkVc94wVkegKiL19ZGqA,2022-09,
41.73146183155531,-111.8391637663081,kmI9WfNU40ur4KNgJWTTAw,2022-09,
41.73147405421005,-111.8395137389882,fYSA83L_eMS9-yL44hkYkQ,2022-09,
41.73147154541098,-111.8398667137495,DRlVBpD9Na7ML0egIbTbQg,2022-09,
41.73141942159198,-111.8401467282467,dFNRzluiSY-HK_Ohn7clYw,2022-09,
41.73147387608542,-111.8405186253202,pVKdlOg6wvUOB0Lhp-id6A,2022-09,
41.73180294138308,-111.8292140524024,7qVcrkjcMLPGcwAy6LxsTA,2022-09,
41.73170189881107,-111.8295437387475,Em3qhR4eqUjg9SLn8pjTJA,2022-09,
41.73161170696054,-111.829767168555,gE7YjjhLk1QaSl_jqldR-A,2021-11,
41.73161170696054,-111.829767168555,gE7YjjhLk1QaSl_jqldR-A,2021-11,
41.73129199879843,-111.830593658622,4cnZJEJLEJXXP3lCheI-6w,2022-09,
41.73128766213856,-111.8309691043158,LRSeYdkaVn9U-KkXcEG2Eg,2013-06,
41.73128489576428,-111.8312120932644,5dPatpGvfAYUUHa08-jBOg,2013-06,
41.73128675186091,-111.8315786235596,nRPUsoSaFECq9XTfkQZa1Q,2013-06,
41.73168429450217,-111.8323051340189,cfa_h8VkgbI7hOsWtJl_Lw,2022-09,
41.73168429450217,-111.8323051340189,cfa_h8VkgbI7hOsWtJl_Lw,2022-09,
41.73185148389527,-111.8325735953471,gbaQXGjNAogeoCGudqqHYg,2018-08,
41.73185621601449,-111.8328302301724,CUzBJahhly8ssanNUZD6_g,2018-08,
41.7313325720428,-111.8333947175773,Dr5SGsFpIK_GdIWqlmQYww,2022-09,
41.73134050588079,-111.8336261528474,V07zf5HqACx37FjO0sSyxg,2022-09,
41.73134606335481,-111.8339696668148,oj8yH2vkvYhb_btoAJzj_w,2022-09,
41.73134933656325,-111.8343133627059,sAIZvwK3Bv1AexXZRz4oPw,2022-09,
41.73166449354112,-111.8349719159936,fZdOh0jLnxXWGYp0COD3DQ,2022-09,
41.73166449354112,-111.8349719159936,fZdOh0jLnxXWGYp0COD3DQ,2022-09,
41.73137185407928,-111.8353789289944,Yk6rtn7SVPOm0ZKEizlZAw,2022-09,
41.73138066677552,-111.8357264456579,MbL7EsPMfeMXo2AnA4UkKQ,2022-09,
41.73170910310289,-111.8361631157785,aMb2_RvwjJ6--RJDPbAfDg,2018-08,
41.73170910310289,-111.8361631157785,aMb2_RvwjJ6--RJDPbAfDg,2018-08,
41.7314015071526,-111.8366874837672,JblWwY9ISouPoFQIwo0q6Q,2022-09,
41.73140701881548,-111.8370501018495,CeEVvNUAzHxPhLmC9B46SA,2022-09,
41.73167515695466,-111.837574105858,rFGHQWRIk2oOfoofFzQgqg,2022-09,
41.73167515695466,-111.837574105858,rFGHQWRIk2oOfoofFzQgqg,2022-09,
41.73143515632596,-111.8381087536438,e2Tu7uTJr7Pnz8G1_Uq9Cw,2022-09,
41.73144415858822,-111.8384650944977,H2I6Vx90HFXbnDLlsHEq8g,2022-09,
41.7314520353311,-111.8388128838755,CRjkVc94wVkegKiL19ZGqA,2022-09,
41.73146183155531,-111.8391637663081,kmI9WfNU40ur4KNgJWTTAw,2022-09,
41.73147405421005,-111.8395137389882,fYSA83L_eMS9-yL44hkYkQ,2022-09,
41.73147154541098,-111.8398667137495,DRlVBpD9Na7ML0egIbTbQg,2022-09,
41.73167869541989,-111.8401370851226,7sP7s2VDVgfkJRYwg7dG4w,2022-09,
41.73147387608542,-111.8405186253202,pVKdlOg6wvUOB0Lhp-id6A,2022-09,
41.73180294138308,-111.8292140524024,7qVcrkjcMLPGcwAy6LxsTA,2022-09,
41.73191991437479,-111.8297688060698,eM0wX79qgxlX4wMEK3irkA,2022-09,
41.73191991437479,-111.8297688060698,eM0wX79qgxlX4wMEK3irkA,2022-09,
41.73191991437479,-111.8297688060698,eM0wX79qgxlX4wMEK3irkA,2022-09,
41.73191991437479,-111.8297688060698,eM0wX79qgxlX4wMEK3irkA,2022-09,
41.7319689240391,-111.8322984929896,Zrw5w-S3uQCEptMiog5HuQ,2022-09,
41.73128809311974,-111.8316895196654,KCC-VF0qKtA4uhuH2pjzgA,2013-06,
41.7319689240391,-111.8322984929896,Zrw5w-S3uQCEptMiog5HuQ,2022-09,
41.7319689240391,-111.8322984929896,Zrw5w-S3uQCEptMiog5HuQ,2022-09,
41.7319689240391,-111.8322984929896,Zrw5w-S3uQCEptMiog5HuQ,2022-09,
41.73185354818969,-111.8326830358643,NS-zlYMkDQBwhfSVGob74A,2018-08,
41.73196630451579,-111.8329383970625,_tBQSzI5h_Xc-HkDVrQunA,2018-08,
41.7322058799907,-111.8333667888707,SL-gF333d5QhMOi0LIs_iQ,2018-08,
41.7322058799907,-111.8333667888707,SL-gF333d5QhMOi0LIs_iQ,2018-08,
41.73193559999994,-111.83400119999999,None,None,ZERO_RESULTS
41.73193559999994,-111.83434349999999,None,None,ZERO_RESULTS
41.73190768263993,-111.8349659117783,ahfJfhBJFce-p5LHphNDxg,2022-08,
41.73190768263993,-111.8349659117783,ahfJfhBJFce-p5LHphNDxg,2022-08,
41.73190768263993,-111.8349659117783,ahfJfhBJFce-p5LHphNDxg,2022-08,
41.7319702179794,-111.8359133950577,3t21MLcPtEQAjL1cAfXypw,2018-08,
41.73191333605648,-111.836003276324,hJv57ZFQqBXtNb1IH2BeJg,2018-08,
41.73205030677364,-111.8364278470215,V1ZYAdcaoxQ8HbP-s77B1Q,2018-08,
41.73205030677364,-111.8364278470215,V1ZYAdcaoxQ8HbP-s77B1Q,2018-08,
41.73202307338165,-111.8370860361539,SLj7OOV_WzmdWpslAM3EOQ,2018-08,
41.73194125214022,-111.8374570237169,yx7-phMo8mK99fN6OXTiRA,2018-08,
41.73191522759373,-111.8375739239122,-Un6hSFywEBZaImFSiwsbg,2022-09,
41.73191522759373,-111.8375739239122,-Un6hSFywEBZaImFSiwsbg,2022-09,
41.73242018603827,-111.8375548196003,M2Qo_9Pp1ND52pS_QcBgDw,2022-09,
41.73193559999994,-111.83879339999999,None,None,ZERO_RESULTS
41.73147405421005,-111.8395137389882,fYSA83L_eMS9-yL44hkYkQ,2022-09,
41.73147405421005,-111.8395137389882,fYSA83L_eMS9-yL44hkYkQ,2022-09,
41.73193264118348,-111.8401261683783,dfIf8vpVXOyZYBuc375jWg,2022-09,
41.73193264118348,-111.8401261683783,dfIf8vpVXOyZYBuc375jWg,2022-09,
41.73193264118348,-111.8401261683783,dfIf8vpVXOyZYBuc375jWg,2022-09,
41.73182257805883,-111.8290960603474,76gEL_2E_s1v-Qtg8VLCDQ,2022-09,
41.73218119221892,-111.8297728088838,sjFZweQuiB4F6Ij4il-LjQ,2022-09,
41.73218119221892,-111.8297728088838,sjFZweQuiB4F6Ij4il-LjQ,2022-09,
41.73218119221892,-111.8297728088838,sjFZweQuiB4F6Ij4il-LjQ,2022-09,
41.73191991437479,-111.8297688060698,eM0wX79qgxlX4wMEK3irkA,2022-09,
41.73232840038745,-111.8322886679051,x3SidKoarhOtjfReUJZaZA,2022-09,
41.73232840038745,-111.8322886679051,x3SidKoarhOtjfReUJZaZA,2022-09,
41.73232840038745,-111.8322886679051,x3SidKoarhOtjfReUJZaZA,2022-09,
41.73223898448713,-111.8322911241763,gFWvz45gDd4oMJMrLdJBNA,2022-09,
41.73223898448713,-111.8322911241763,gFWvz45gDd4oMJMrLdJBNA,2022-09,
41.73215285510042,-111.8329329386829,MCQk4dWmwyLiXWAelAwsWw,2018-08,
41.73219660508292,-111.8330084462669,ouPr51VskMgQ3Pd-pa-L4w,2018-08,
41.7322058799907,-111.8333667888707,SL-gF333d5QhMOi0LIs_iQ,2018-08,
41.73227439009039,-111.8333888953062,lT0tppdeUUfwSBVXqnAkFw,2018-08,
41.73227439009039,-111.8333888953062,lT0tppdeUUfwSBVXqnAkFw,2018-08,
41.73220529999994,-111.83434349999999,None,None,ZERO_RESULTS
41.73224584807527,-111.8349568144824,LLMZceNsDINZ9fOjRquqVw,2022-09,
41.73224584807527,-111.8349568144824,LLMZceNsDINZ9fOjRquqVw,2022-09,
41.7321565236014,-111.8349591797794,vsB5uhyrAVa0ZdVNCzVq2w,2022-09,
41.73216439444311,-111.8359100290588,rhmLTqlqyou0qt4dHh2FZQ,2018-08,
41.73216439444311,-111.8359100290588,rhmLTqlqyou0qt4dHh2FZQ,2018-08,
41.73225203809559,-111.836425845617,1g5D5jYRXF73TLwEchX_Rw,2018-08,
41.7321563181842,-111.8364268463192,mSqoLuQvS_7PtDomcYnhYg,2018-08,
41.7321286245349,-111.8371918376612,La57OnVucIOYg8vxqLa66A,2018-08,
41.73215548855843,-111.8374937767747,Pi3_924ld8io82PM5xaAQw,2018-08,
41.73223541552257,-111.8375608238126,ZJNK-EAZTBhIHeiO22NrbQ,2022-09,
41.73216297835812,-111.8375631891084,QR6q74CwPc8CKw-W2YoJZQ,2018-08,
41.73232769214626,-111.8375578217065,GKro7kQ26CO9xDkHPKrFnw,2022-09,
41.73220529999994,-111.83879339999999,None,None,ZERO_RESULTS
41.73220529999994,-111.83913569999999,None,None,ZERO_RESULTS
41.73228469533868,-111.8401084286688,T-IlnGgTreQz27uhl1B4Xw,2022-09,
41.73219604334012,-111.8401128863394,9pi5fD5az_7fwLEyy-Tu5A,2022-09,
41.73219604334012,-111.8401128863394,9pi5fD5az_7fwLEyy-Tu5A,2022-09,
41.73219604334012,-111.8401128863394,9pi5fD5az_7fwLEyy-Tu5A,2022-09,
41.73253640883973,-111.8297403315061,T9aHJRVrSG-rCTF8OCHiaw,2022-09,
41.73244605128578,-111.8297489739456,qi-0wGAcuVukRf1dtrZ_6w,2022-09,
41.73244605128578,-111.8297489739456,qi-0wGAcuVukRf1dtrZ_6w,2022-09,
41.73244605128578,-111.8297489739456,qi-0wGAcuVukRf1dtrZ_6w,2022-09,
41.73322401566804,-111.8304514677697,Q2qyE4oxEeIc1glVz0jq-A,2021-11,
41.73232840038745,-111.8322886679051,x3SidKoarhOtjfReUJZaZA,2022-09,
41.73246226125548,-111.832285028985,U3APuO5_N4vtc2TSxDdSnA,2022-09,
41.73246226125548,-111.832285028985,U3APuO5_N4vtc2TSxDdSnA,2022-09,
41.73246226125548,-111.832285028985,U3APuO5_N4vtc2TSxDdSnA,2022-09,
41.73246226125548,-111.832285028985,U3APuO5_N4vtc2TSxDdSnA,2022-09,
41.73250827058067,-111.8329220219237,GphTO6T7I_Qm2A7-EQGuvw,2018-08,
41.73242563765822,-111.8329654160415,nlL9dUHwAW421www7BUrWQ,2018-08,
41.73243478271566,-111.833304381402,OQ9pZyTRTW4z7u1dmf1x0w,2018-08,
41.73236337021305,-111.8333831640082,C9Ft_3NUUWdG39WgdZMQww,2018-08,
41.73227439009039,-111.8333888953062,lT0tppdeUUfwSBVXqnAkFw,2018-08,
41.73247499999994,-111.83434349999999,None,None,ZERO_RESULTS
41.73251512517446,-111.8349497185917,Zp02bHqMXpaYV5GSXgli9Q,2022-09,
41.73251512517446,-111.8349497185917,Zp02bHqMXpaYV5GSXgli9Q,2022-09,
41.73242529381118,-111.8349520838886,8PlhSYlv8D0ib4x8WuP4Ig,2022-09,
41.73244704329566,-111.8359114846259,CN-jE-BY2Rqi794Vn77IQw,2018-08,
41.73249095246547,-111.8361416461651,M2DrJezUVwg7AfpNMxVhdQ,2018-08,
41.73245671448611,-111.8363558874307,Z8qOPlJTJspR32TaGYAs7w,2018-08,
41.73246648490828,-111.8367316966105,PLB1sTPETisPSErfKCe_LA,2018-08,
41.73247750107647,-111.8370797590222,H_wcoO2H6mdy_wuUgAza0g,2018-08,
41.73247755131587,-111.8373977093756,Bs0tZ8cmaVCl5DJ_e8Grbw,2018-08,
41.73247300079617,-111.8375530911149,OYZACzfLH78cfbPBHX0FIQ,2022-09,
41.73247300079617,-111.8375530911149,OYZACzfLH78cfbPBHX0FIQ,2022-09,
41.73242018603827,-111.8375548196003,M2Qo_9Pp1ND52pS_QcBgDw,2022-09,
41.73247499999994,-111.83879339999999,None,None,ZERO_RESULTS
41.73247499999994,-111.83913569999999,None,None,ZERO_RESULTS
41.73228469533868,-111.8401084286688,T-IlnGgTreQz27uhl1B4Xw,2022-09,
41.73246344897869,-111.8401082467231,aElCO8mkDAfQ7eJioMA_lw,2022-09,
41.73246344897869,-111.8401082467231,aElCO8mkDAfQ7eJioMA_lw,2022-09,
41.73246344897869,-111.8401082467231,aElCO8mkDAfQ7eJioMA_lw,2022-09,
41.73280592246477,-111.8297145861336,2mZb5JrL84wKo7IWhvprTA,2022-09,
41.7327154203825,-111.8297232285732,fjx0mDLWXYwiONfUJsSgvg,2022-09,
41.7327154203825,-111.8297232285732,fjx0mDLWXYwiONfUJsSgvg,2022-09,
41.7327154203825,-111.8297232285732,fjx0mDLWXYwiONfUJsSgvg,2022-09,
41.73322401566804,-111.8304514677697,Q2qyE4oxEeIc1glVz0jq-A,2021-11,
41.73322401566804,-111.8304514677697,Q2qyE4oxEeIc1glVz0jq-A,2021-11,
41.73246226125548,-111.832285028985,U3APuO5_N4vtc2TSxDdSnA,2022-09,
41.73325069166977,-111.8319242300375,cwZgB4zutxB2r4QaKsB0bA,2021-11,
41.7327717273423,-111.8322773872526,6R8cJzS7eaH1_j9Bs8VZBQ,2022-09,
41.73272949303776,-111.8322791157397,d_zpWw2HCR3ZIarxYeIfIw,2022-09,
41.73274305403596,-111.8325711390761,SI_15mZOJet3NPeO9S9BZw,2018-08,
41.73269880481422,-111.8329121968404,Tzwl9DowY4VDNwHU1wdUHA,2018-08,
41.73269880481422,-111.8329121968404,Tzwl9DowY4VDNwHU1wdUHA,2018-08,
41.73243478271566,-111.833304381402,OQ9pZyTRTW4z7u1dmf1x0w,2018-08,
41.73227439009039,-111.8333888953062,lT0tppdeUUfwSBVXqnAkFw,2018-08,
41.73278391172376,-111.834942167836,uZJdK4v10eOQRfYUoiGs-Q,2022-09,
41.73278391172376,-111.834942167836,uZJdK4v10eOQRfYUoiGs-Q,2022-09,
41.73278391172376,-111.834942167836,uZJdK4v10eOQRfYUoiGs-Q,2022-09,
41.73282647428632,-111.8357150740397,aCl5BJ_hnc-8CwtgiiSVmA,2018-08,
41.73275694009532,-111.8357501895966,1pIcyQBmrTH-kHa_IsjOjw,2018-08,
41.73268423708973,-111.8361201765516,H2q44J1X1Mzqc4qCw7-cAA,2018-08,
41.73270436175538,-111.83640392114,zwzXcqUcBwHGxUPiiYtUag,2018-08,
41.73278174283608,-111.8367211437508,sBo_UdbhDqDI2iXM9rzA-g,2018-08,
41.73282252719655,-111.8370732999448,UQGjtxq5MZiMWMsWPjBezA,2018-08,
41.73276223917963,-111.8373495847025,nuEO9SiufyyRrbuJhBjSIg,2018-08,
41.73272924679776,-111.8375448125798,CeH9jkcLO-jr6rDpWh83DA,2022-09,
41.73272924679776,-111.8375448125798,CeH9jkcLO-jr6rDpWh83DA,2022-09,
41.73272924679776,-111.8375448125798,CeH9jkcLO-jr6rDpWh83DA,2022-09,
41.732744699999934,-111.83879339999999,None,None,ZERO_RESULTS
41.732744699999934,-111.83913569999999,None,None,ZERO_RESULTS
41.73272820843883,-111.8401085196417,NrIvLJ-rs9tx7kPHnsnU7g,2022-09,
41.73272820843883,-111.8401085196417,NrIvLJ-rs9tx7kPHnsnU7g,2022-09,
41.73272820843883,-111.8401085196417,NrIvLJ-rs9tx7kPHnsnU7g,2022-09,
41.73272820843883,-111.8401085196417,NrIvLJ-rs9tx7kPHnsnU7g,2022-09,
41.73318771455411,-111.8291824847519,cHNNlfxl28wnVkGUP-csMA,2021-11,
41.73298899171052,-111.8296971193085,gtBnHKobIXZ6L90txkGgSw,2022-09,
41.73298899171052,-111.8296971193085,gtBnHKobIXZ6L90txkGgSw,2022-09,
41.73321489426615,-111.8301975620222,ctunCbv6-ikpRS842SNMDA,2021-11,
41.73322853025061,-111.8305751910963,NoThDZiUy6XnW5CZJxXx8w,2021-11,
41.73324051237566,-111.8309319873209,PHWcsJ2gqTbBfPLdV8E21Q,2021-11,
41.73324415806018,-111.8312858723852,JwQ_o-3mBw3R1nvPNTriOA,2021-11,
41.73324717595064,-111.8315744388009,iN25nM1IvS-FHxI72Y12dg,2021-11,
41.73325069166977,-111.8319242300375,cwZgB4zutxB2r4QaKsB0bA,2021-11,
41.73303788780247,-111.832265924654,Hesv5LRXE08_Y9Fp6H4NVA,2022-09,
41.73326408789856,-111.8326864928382,tPLbCNUnjUI4XgRh08OcRA,2018-08,
41.73326888861898,-111.8329303914391,P8tzrxVJ9Uw5ZZaH9Id61g,2018-08,
41.73327921500479,-111.833304199456,eaKXb_V_G1M3ltVebVWIbg,2018-08,
41.7332819115177,-111.8336744595004,EU2zG-MsPnHFuH6W6AAFlA,2018-08,
41.73327952354189,-111.8339704855715,_KRJ-FN2Q9wkCLrB2mDkSw,2018-08,
41.73327601932044,-111.8343285551918,MZS_qIuwVwzIZt1BVbhphQ,2018-08,
41.73305612120274,-111.834933434432,lpljcFnZXfogW8J_j6pNWg,2022-09,
41.73305612120274,-111.834933434432,lpljcFnZXfogW8J_j6pNWg,2022-09,
41.73300613429563,-111.8357041572862,V4cnLi921d30UcQPryWx-Q,2018-08,
41.73300613429563,-111.8357041572862,V4cnLi921d30UcQPryWx-Q,2018-08,
41.73300613429563,-111.8357041572862,V4cnLi921d30UcQPryWx-Q,2018-08,
41.73275102400319,-111.8364735154339,DfMrj_rZb1hqtnwAkjQykQ,2018-08,
41.73280798990552,-111.8368339501808,Kf3ys5_p-7wIt5AQDT039Q,2018-08,
41.73282252719655,-111.8370732999448,UQGjtxq5MZiMWMsWPjBezA,2018-08,
41.73304618752967,-111.8375378076654,Oyaf2DkaGJ9z5a2lKVGH-A,2022-09,
41.73304618752967,-111.8375378076654,Oyaf2DkaGJ9z5a2lKVGH-A,2022-09,
41.73335091133691,-111.8380891034965,7afLk1BL2N_xnUiY6L6NHw,2022-09,
41.7333577369097,-111.8384538138584,MAK6BZlgwuB_wRGeJLc_oA,2022-09,
41.73336465156326,-111.8388180693303,6sD5SDPggjKOTEVrKx6BAw,2022-09,
41.7333680125891,-111.8391684968981,bIqHS20ATBbhbw9OvM7b6Q,2022-09,
41.7333697415657,-111.839517650822,LyEsjzW0sgWTCbJQNzdulw,2022-09,
41.73299273110286,-111.8401088835332,WD2wlJQL6PG0OHhab1IEhw,2022-09,
41.73299273110286,-111.8401088835332,WD2wlJQL6PG0OHhab1IEhw,2022-09,
41.73299273110286,-111.8401088835332,WD2wlJQL6PG0OHhab1IEhw,2022-09,
41.73318771455411,-111.8291824847519,cHNNlfxl28wnVkGUP-csMA,2021-11,
41.7333122441761,-111.8296766503726,kZUfjln8zKpwLNo22CSzjQ,2022-09,
41.73320517152759,-111.8299284637645,JAuJs5maKgnZDtvcLpJ3wQ,2021-11,
41.73321489426615,-111.8301975620222,ctunCbv6-ikpRS842SNMDA,2021-11,
41.73322853025061,-111.8305751910963,NoThDZiUy6XnW5CZJxXx8w,2021-11,
41.73324051237566,-111.8309319873209,PHWcsJ2gqTbBfPLdV8E21Q,2021-11,
41.73324415806018,-111.8312858723852,JwQ_o-3mBw3R1nvPNTriOA,2021-11,
41.73324717595064,-111.8315744388009,iN25nM1IvS-FHxI72Y12dg,2021-11,
41.73325069166977,-111.8319242300375,cwZgB4zutxB2r4QaKsB0bA,2021-11,
41.73326386080692,-111.8322582829216,aoYeZcExd-eNan4039Adig,2022-09,
41.73326408789856,-111.8326864928382,tPLbCNUnjUI4XgRh08OcRA,2018-08,
41.73326888861898,-111.8329303914391,P8tzrxVJ9Uw5ZZaH9Id61g,2018-08,
41.73327921500479,-111.833304199456,eaKXb_V_G1M3ltVebVWIbg,2018-08,
41.7332819115177,-111.8336744595004,EU2zG-MsPnHFuH6W6AAFlA,2018-08,
41.73327952354189,-111.8339704855715,_KRJ-FN2Q9wkCLrB2mDkSw,2018-08,
41.73327601932044,-111.8343285551918,MZS_qIuwVwzIZt1BVbhphQ,2018-08,
41.73327209857592,-111.8346992700298,Ghoe_svSKHs7zhk2mE3usQ,2018-08,
41.73327059123287,-111.8349635464814,PnrcFgJeTDJuS2MefQFw2w,2018-08,
41.73328037108013,-111.8353830227772,KnLlm_Sz_Emv72F9KeEazA,2018-08,
41.73328929125757,-111.8357481881918,8hXhhSh59lQ1hN-JgODTqw,2018-08,
41.73329769306249,-111.8360263834509,lAp-LQTk6grmy1m-ZBy3-A,2018-08,
41.73330896654377,-111.8363968252511,yPq_lp0eve2JaERFOSxfAA,2018-08,
41.73331662089604,-111.8366500029203,cv2BZyrQcm4vEXS4V7e9Tw,2018-08,
41.73332883701133,-111.8370513754704,ICCFqVB1naULE8TJ67pBMQ,2018-08,
41.73334208694008,-111.8374832239165,qP2SW1vCMLVeR89Gas-LyA,2018-08,
41.7333458235546,-111.8377236653258,c6Q-ypT19WG3Pd2YhKcf4w,2022-09,
41.73335091133691,-111.8380891034965,7afLk1BL2N_xnUiY6L6NHw,2022-09,
41.7333577369097,-111.8384538138584,MAK6BZlgwuB_wRGeJLc_oA,2022-09,
41.73336465156326,-111.8388180693303,6sD5SDPggjKOTEVrKx6BAw,2022-09,
41.7333680125891,-111.8391684968981,bIqHS20ATBbhbw9OvM7b6Q,2022-09,
41.7333697415657,-111.839517650822,LyEsjzW0sgWTCbJQNzdulw,2022-09,
41.73337091738741,-111.8397469024737,vwTzEVej_dGly5oVBkq5Lw,2022-09,
41.73325958969774,-111.8401091564518,nGWTVGXvRUZPTjQP_VXEPg,2022-09,
41.73338906454047,-111.8404682263543,IBAJtDfN6UqCXcS15TPwAQ,2022-09,
41.73359299197683,-111.8296749218847,pnl8c8sByiIRTPB1DTJaRA,2022-09,
41.73359299197683,-111.8296749218847,pnl8c8sByiIRTPB1DTJaRA,2022-09,
41.73359299197683,-111.8296749218847,pnl8c8sByiIRTPB1DTJaRA,2022-09,
41.73321489426615,-111.8301975620222,ctunCbv6-ikpRS842SNMDA,2021-11,
41.73322853025061,-111.8305751910963,NoThDZiUy6XnW5CZJxXx8w,2021-11,
41.73324051237566,-111.8309319873209,PHWcsJ2gqTbBfPLdV8E21Q,2021-11,
41.73324415806018,-111.8312858723852,JwQ_o-3mBw3R1nvPNTriOA,2021-11,
41.73324717595064,-111.8315744388009,iN25nM1IvS-FHxI72Y12dg,2021-11,
41.73357201805249,-111.8322513689732,0AdlmojYKXduTNmpF0lQ7Q,2022-09,
41.73357201805249,-111.8322513689732,0AdlmojYKXduTNmpF0lQ7Q,2022-09,
41.73357201805249,-111.8322513689732,0AdlmojYKXduTNmpF0lQ7Q,2022-09,
41.7332720213228,-111.8330439257337,yk7474lvzCeDE2jZj2YtQQ,2018-08,
41.73327921500479,-111.833304199456,eaKXb_V_G1M3ltVebVWIbg,2018-08,
41.73353934178457,-111.8337126681522,88kk6xA7-VS_rgnIKCy_BA,2018-08,
41.73353546207728,-111.8339663008147,-lbbc-FW6PE1lKMnH7vgwg,2018-08,
41.73356564273217,-111.834210472276,q5EUY6rbrq5woIuN3eqzZg,2018-08,
41.7335963328297,-111.8349163315156,uIrhlCRaey12rtJ0TqPaQA,2022-09,
41.7335963328297,-111.8349163315156,uIrhlCRaey12rtJ0TqPaQA,2022-09,
41.73328037108013,-111.8353830227772,KnLlm_Sz_Emv72F9KeEazA,2018-08,
41.73358460364725,-111.8357901267194,Kppobu4jPXMGvvwCsAEwRQ,2018-08,
41.73358460364725,-111.8357901267194,Kppobu4jPXMGvvwCsAEwRQ,2018-08,
41.73330896654377,-111.8363968252511,yPq_lp0eve2JaERFOSxfAA,2018-08,
41.73355617000419,-111.8367481627104,CLCP61BaW302StkEc44pug,2018-08,
41.73332883701133,-111.8370513754704,ICCFqVB1naULE8TJ67pBMQ,2018-08,
41.73356006833167,-111.8375226151887,OfqEzhkuciAYl8jD-tHRkA,2022-09,
41.73356006833167,-111.8375226151887,OfqEzhkuciAYl8jD-tHRkA,2022-09,
41.73335091133691,-111.8380891034965,7afLk1BL2N_xnUiY6L6NHw,2022-09,
41.73335791883692,-111.8384627292024,UYRk0G2yAX3q0mgg2F7i6Q,2008-06,
41.73336465156326,-111.8388180693303,6sD5SDPggjKOTEVrKx6BAw,2022-09,
41.7333680125891,-111.8391684968981,bIqHS20ATBbhbw9OvM7b6Q,2022-09,
41.7333697415657,-111.839517650822,LyEsjzW0sgWTCbJQNzdulw,2022-09,
41.73337091738741,-111.8397469024737,vwTzEVej_dGly5oVBkq5Lw,2022-09,
41.73357724913804,-111.840108337696,xLIFs7NFv80LpDyU-9WYNA,2022-09,
41.73338906454047,-111.8404682263543,IBAJtDfN6UqCXcS15TPwAQ,2022-09,
41.73378185953888,-111.8296738302082,jlUYjEWtiYrqU4xqvawxrQ,2022-09,
41.73378185953888,-111.8296738302082,jlUYjEWtiYrqU4xqvawxrQ,2022-09,
41.73378185953888,-111.8296738302082,jlUYjEWtiYrqU4xqvawxrQ,2022-09,
41.73378185953888,-111.8296738302082,jlUYjEWtiYrqU4xqvawxrQ,2022-09,
41.73382349999992,-111.83057819999999,None,None,ZERO_RESULTS
41.73382349999992,-111.83092049999999,None,None,ZERO_RESULTS
41.73382349999992,-111.83126279999999,None,None,ZERO_RESULTS
41.73373229365203,-111.8322555537315,stgL9wpC2FVNzkjj2y8GMg,2022-09,
41.73381761316381,-111.8322580100026,K9XQk1JJwApGCcEl8ELl0w,2022-09,
41.73381761316381,-111.8322580100026,K9XQk1JJwApGCcEl8ELl0w,2022-09,
41.73381761316381,-111.8322580100026,K9XQk1JJwApGCcEl8ELl0w,2022-09,
41.73412001948029,-111.8329744223677,0ytHgwobVMXoiP4xuQz8iA,2018-08,
41.73387758378407,-111.8336598128505,EndI5pFLMhC5WHpVoW-h7w,2018-08,
41.73378914977123,-111.8336660899862,ca7qPwYkG0DZi85qcRz1GQ,2018-08,
41.73371298674252,-111.83398358568,dW1rULi7m6yURSti3BuT9Q,2018-08,
41.73369877240389,-111.834187910979,R-faSSSn1wNI2L5ucd0TPA,2018-08,
41.73386571203503,-111.8349083258952,tso4h1CYOCxyMU10jRMS-w,2022-09,
41.73386571203503,-111.8349083258952,tso4h1CYOCxyMU10jRMS-w,2022-09,
41.73377442680194,-111.8357918552053,TS41GmSd0knB6AB7Tozcfg,2018-08,
41.73377442680194,-111.8357918552053,TS41GmSd0knB6AB7Tozcfg,2018-08,
41.73393918417931,-111.8360531294953,RoffwYqnw1-hPuNG_iclLA,2018-08,
41.73394751884054,-111.8364001002767,U-0yH632JGUINhHN31YjXw,2018-08,
41.7338623983418,-111.8367308778541,LYf5R0Bi-U-9n8HpOTQLBA,2018-08,
41.7338623983418,-111.8367308778541,LYf5R0Bi-U-9n8HpOTQLBA,2018-08,
41.73383140141591,-111.8375127901139,QDHFj1-dMi9khUjQ4X1p0Q,2022-09,
41.73383140141591,-111.8375127901139,QDHFj1-dMi9khUjQ4X1p0Q,2022-09,
41.73383140141591,-111.8375127901139,QDHFj1-dMi9khUjQ4X1p0Q,2022-09,
41.73335546195477,-111.838333092821,_UfalE_yczrynkq9EjZ0rg,2022-09,
41.73336521548982,-111.8388465438454,wertld26b3Z_7oUWoMUXjQ,2008-06,
41.73336294126593,-111.8387283700581,JmKoqn7xo9OCDTqI50ZHkg,2008-06,
41.73384923182138,-111.8401025154323,SXwIiwABxc_2vb7wNOx3Gg,2022-09,
41.73384923182138,-111.8401025154323,SXwIiwABxc_2vb7wNOx3Gg,2022-09,
41.73384923182138,-111.8401025154323,SXwIiwABxc_2vb7wNOx3Gg,2022-09,
41.73384923182138,-111.8401025154323,SXwIiwABxc_2vb7wNOx3Gg,2022-09,
41.73405302032868,-111.8296721926933,7qfrAn3GcRenzy-AxXFRPQ,2022-09,
41.73405302032868,-111.8296721926933,7qfrAn3GcRenzy-AxXFRPQ,2022-09,
41.73405302032868,-111.8296721926933,7qfrAn3GcRenzy-AxXFRPQ,2022-09,
41.73405302032868,-111.8296721926933,7qfrAn3GcRenzy-AxXFRPQ,2022-09,
41.73405302032868,-111.8296721926933,7qfrAn3GcRenzy-AxXFRPQ,2022-09,
41.73409319999992,-111.83092049999999,None,None,ZERO_RESULTS
41.73409319999992,-111.83126279999999,None,None,ZERO_RESULTS
41.73421460328825,-111.8322679260601,PFhVtI4a2hNzYjinYOjFDQ,2022-09,
41.73408083644994,-111.832266379519,WYru-qWfJufrSZDtHZIEKQ,2022-09,
41.73408083644994,-111.832266379519,WYru-qWfJufrSZDtHZIEKQ,2022-09,
41.73411223763244,-111.832654834235,NxLWAq9Iiy17mwONJdUz4A,2018-08,
41.73412001948029,-111.8329744223677,0ytHgwobVMXoiP4xuQz8iA,2018-08,
41.73412990025043,-111.8332820020471,JDzrESTnvTxQMy4dY2j7uQ,2018-08,
41.7340459904213,-111.8336486231738,F89cFE4d5_Brr0_OVZIQww,2018-08,
41.7341461386842,-111.8339982323291,q2bQqNW88nODNLR8-geAFQ,2018-08,
41.73414930565875,-111.8343977856212,YB2CNxB501oy8ciFFLZXPg,2018-08,
41.73415197941842,-111.8346290389018,50vZv9r3XO4hLp7cAjILsw,2018-08,
41.73404625763852,-111.8349024126528,j5qh0fcm59wnT4FMZ9lrsg,2022-09,
41.73404625763852,-111.8349024126528,j5qh0fcm59wnT4FMZ9lrsg,2022-09,
41.73393216704536,-111.8358360680562,UBVaTRx-BRCFBNQokzbZFQ,2018-08,
41.73409748256572,-111.8360719608938,fvE513DkO_R1z27SfoOX2Q,2018-08,
41.73394751884054,-111.8364001002767,U-0yH632JGUINhHN31YjXw,2018-08,
41.73395292693836,-111.8366649224808,mA7pxp4qXLpKxrKd7RjrWw,2018-08,
41.7340971350664,-111.8375059671453,blk3TPyIieCxSe6A-BvFoA,2022-09,
41.7340971350664,-111.8375059671453,blk3TPyIieCxSe6A-BvFoA,2022-09,
41.7340971350664,-111.8375059671453,blk3TPyIieCxSe6A-BvFoA,2022-09,
41.73392063168221,-111.837510515791,3QCjUcJVt6zOrabn9bGDlw,2022-09,
41.73392063168221,-111.837510515791,3QCjUcJVt6zOrabn9bGDlw,2022-09,
41.73336294126593,-111.8387283700581,JmKoqn7xo9OCDTqI50ZHkg,2008-06,
41.73409319999992,-111.83913569999999,None,None,ZERO_RESULTS
41.73403053473172,-111.8400982397075,6ET4dshlGs8r_dwDJFASoQ,2022-09,
41.73412003549735,-111.8400960563586,yOtPk6qQPjk2li9_qzbbwQ,2022-09,
41.73412003549735,-111.8400960563586,yOtPk6qQPjk2li9_qzbbwQ,2022-09,
41.73412003549735,-111.8400960563586,yOtPk6qQPjk2li9_qzbbwQ,2022-09,
41.73432504947223,-111.8296705551784,wI5pNcccF6v23oIUMkhv5Q,2022-09,
41.73432504947223,-111.8296705551784,wI5pNcccF6v23oIUMkhv5Q,2022-09,
41.73432504947223,-111.8296705551784,wI5pNcccF6v23oIUMkhv5Q,2022-09,
41.73432504947223,-111.8296705551784,wI5pNcccF6v23oIUMkhv5Q,2022-09,
41.73423442155504,-111.8296711010167,KpsVPBhsQCUgXXAQw8KP2A,2022-09,
41.734362899999915,-111.83092049999999,None,None,ZERO_RESULTS
41.73421460328825,-111.8322679260601,PFhVtI4a2hNzYjinYOjFDQ,2022-09,
41.73421460328825,-111.8322679260601,PFhVtI4a2hNzYjinYOjFDQ,2022-09,
41.73439357403889,-111.832266288546,MslFO9QtSQ2Bpe9UuMFwBg,2022-09,
41.73439357403889,-111.832266288546,MslFO9QtSQ2Bpe9UuMFwBg,2022-09,
41.73411223763244,-111.832654834235,NxLWAq9Iiy17mwONJdUz4A,2018-08,
41.73412001948029,-111.8329744223677,0ytHgwobVMXoiP4xuQz8iA,2018-08,
41.73412990025043,-111.8332820020471,JDzrESTnvTxQMy4dY2j7uQ,2018-08,
41.7343647584421,-111.8336397078217,KeaQhGSiOtTh8N1RzcWUGw,2018-08,
41.73438139376339,-111.8342261196271,sqbgg0hB3P4MIhLbYiqJzQ,2018-08,
41.73438139376339,-111.8342261196271,sqbgg0hB3P4MIhLbYiqJzQ,2018-08,
41.73436138207447,-111.8348914049247,xbjpW3e4MYrboxwGjoKu6Q,2022-09,
41.73436138207447,-111.8348914049247,xbjpW3e4MYrboxwGjoKu6Q,2022-09,
41.73436138207447,-111.8348914049247,xbjpW3e4MYrboxwGjoKu6Q,2022-09,
41.73436446733209,-111.836071597002,IvM8MDOiNNO77Oe96xr1Og,2018-08,
41.73436446733209,-111.836071597002,IvM8MDOiNNO77Oe96xr1Og,2018-08,
41.73436446733209,-111.836071597002,IvM8MDOiNNO77Oe96xr1Og,2018-08,
41.73395292693836,-111.8366649224808,mA7pxp4qXLpKxrKd7RjrWw,2018-08,
41.73436301239621,-111.8374991441767,HZxXW8jYMsHuqTblLkXxBA,2022-09,
41.73436301239621,-111.8374991441767,HZxXW8jYMsHuqTblLkXxBA,2022-09,
41.73436301239621,-111.8374991441767,HZxXW8jYMsHuqTblLkXxBA,2022-09,
41.734362899999915,-111.83810879999999,None,None,ZERO_RESULTS
41.734362899999915,-111.83845109999999,None,None,ZERO_RESULTS
41.734362899999915,-111.83879339999999,None,None,ZERO_RESULTS
41.734362899999915,-111.83913569999999,None,None,ZERO_RESULTS
41.73403053473172,-111.8400982397075,6ET4dshlGs8r_dwDJFASoQ,2022-09,
41.73438784848116,-111.8400896882577,t5WtijENvUuWhR91NplCtg,2022-09,
41.73438784848116,-111.8400896882577,t5WtijENvUuWhR91NplCtg,2022-09,
41.73438784848116,-111.8400896882577,t5WtijENvUuWhR91NplCtg,2022-09,
41.73459445014996,-111.8296690086366,JCSAFSebz0sOlWaM3SfDLQ,2022-09,
41.73459445014996,-111.8296690086366,JCSAFSebz0sOlWaM3SfDLQ,2022-09,
41.73459445014996,-111.8296690086366,JCSAFSebz0sOlWaM3SfDLQ,2022-09,
41.73459445014996,-111.8296690086366,JCSAFSebz0sOlWaM3SfDLQ,2022-09,
41.734683338129,-111.8296684627983,o5tXnkGnwTlkufqWbbHaVQ,2022-09,
41.73515543209587,-111.8310377889505,8_DHXiCBY6TamTr68uajlg,2022-09,
41.73515543209587,-111.8310377889505,8_DHXiCBY6TamTr68uajlg,2022-09,
41.73421460328825,-111.8322679260601,PFhVtI4a2hNzYjinYOjFDQ,2022-09,
41.73466724672892,-111.8322614669768,bE3RoXvGr9BuKT259Yy4Jg,2022-09,
41.73466724672892,-111.8322614669768,bE3RoXvGr9BuKT259Yy4Jg,2022-09,
41.73466724672892,-111.8322614669768,bE3RoXvGr9BuKT259Yy4Jg,2022-09,
41.73463259999991,-111.83297429999999,None,None,ZERO_RESULTS
41.73464107507694,-111.8336361598754,ofZxh0ZMLK1mpocHqbZtfg,2018-08,
41.73464107507694,-111.8336361598754,ofZxh0ZMLK1mpocHqbZtfg,2018-08,
41.73470373291553,-111.833965118166,IQcAfbh2R8PahT08z-akjg,2018-08,
41.73448026863796,-111.8344146156203,8dYqHgIRxYqkzUpSOAdIVQ,2018-08,
41.73463659139504,-111.8348821256827,vdFLO81tkIrq5DvzLeUT4w,2022-09,
41.73463659139504,-111.8348821256827,vdFLO81tkIrq5DvzLeUT4w,2022-09,
41.73463659139504,-111.8348821256827,vdFLO81tkIrq5DvzLeUT4w,2022-09,
41.73463280923126,-111.8360673212739,v8pkyz9IuzpvFV935OV0Nw,2018-08,
41.73463280923126,-111.8360673212739,v8pkyz9IuzpvFV935OV0Nw,2018-08,
41.73463280923126,-111.8360673212739,v8pkyz9IuzpvFV935OV0Nw,2018-08,
41.73461767368007,-111.8374925941268,upnEk6JINnrhgHFH1IEHbw,2022-09,
41.73461767368007,-111.8374925941268,upnEk6JINnrhgHFH1IEHbw,2022-09,
41.73461767368007,-111.8374925941268,upnEk6JINnrhgHFH1IEHbw,2022-09,
41.73461767368007,-111.8374925941268,upnEk6JINnrhgHFH1IEHbw,2022-09,
41.73490927546107,-111.8374861350498,-2oV6a5DbXFMAvZPPoN0uw,2022-09,
41.73527942291346,-111.8384801050259,94lnppAFvNxssIRdbg-RLA,2022-09,
41.73528454971909,-111.8387200915248,Xiz86bI0bvIU0XSzAUgGgg,2022-09,
41.73528454971909,-111.8387200915248,Xiz86bI0bvIU0XSzAUgGgg,2022-09,
41.73492059000512,-111.8400779527576,wCcwOCIRT3N1jnlX-ZWF9g,2022-09,
41.73465332306422,-111.8400837750212,mb3pxbLPuOyJNV7neIKugA,2022-09,
41.73465332306422,-111.8400837750212,mb3pxbLPuOyJNV7neIKugA,2022-09,
41.73465332306422,-111.8400837750212,mb3pxbLPuOyJNV7neIKugA,2022-09,
41.73513146853768,-111.8292301546333,vAI2xZaC0prUscDhixZbzQ,2022-09,
41.73494491003014,-111.8296669162565,3KvcWXsXK-aOPV3QrL3Zvg,2022-09,
41.73494491003014,-111.8296669162565,3KvcWXsXK-aOPV3QrL3Zvg,2022-09,
41.73514930469953,-111.830229493559,eXr7bougjScFrtzbjaIiyQ,2022-09,
41.73515195244483,-111.8305767376379,1_iZcuYKxaWwkqkqQAUTGA,2022-09,
41.73515452587805,-111.8309207066655,NhoxEmgpm_hzf4fNBPWNTg,2022-09,
41.7351572078726,-111.8312721354589,3Zpizu2D-wZiVboy5kHMGA,2022-09,
41.73515983425469,-111.8316242010406,TOd5QxNa2tM_xIDIZHI7gg,2022-09,
41.73494481239175,-111.8322494585401,rmc09xUY-FPRUe0h3OYuSw,2022-09,
41.73494481239175,-111.8322494585401,rmc09xUY-FPRUe0h3OYuSw,2022-09,
41.73517306077964,-111.8326276333085,794osyiqYmHi84zzJv2Gfw,2022-09,
41.73517962994578,-111.8329675084203,hv_nr_YxBbTyZaQnI0yLHQ,2022-09,
41.73488251356273,-111.8336330667941,4whrFv0mze8dyLAcwXUxqg,2018-08,
41.73488251356273,-111.8336330667941,4whrFv0mze8dyLAcwXUxqg,2018-08,
41.73490826850524,-111.83399122741,OmSz3GUKNYvfHidSIrxPCg,2018-08,
41.7348965838822,-111.8341471550874,nMIQTLqC_zn367uJK3J5Hg,2018-08,
41.7349002051143,-111.8348823076287,nOaohwWoYC4IPlUu-2Oskg,2022-09,
41.7349002051143,-111.8348823076287,nOaohwWoYC4IPlUu-2Oskg,2022-09,
41.73522445537168,-111.8353500905687,pbXG5lSOOdgB0rni8HlXBg,2022-09,
41.73490520792625,-111.8360604983034,VpPN0VaJyP1TEhmK05papg,2018-08,
41.73490520792625,-111.8360604983034,VpPN0VaJyP1TEhmK05papg,2018-08,
41.73490520792625,-111.8360604983034,VpPN0VaJyP1TEhmK05papg,2018-08,
41.73524606040634,-111.8366778406367,_i-rOUH91Lhn4L1ll4bb2w,2022-09,
41.73490927546107,-111.8374861350498,-2oV6a5DbXFMAvZPPoN0uw,2022-09,
41.73490927546107,-111.8374861350498,-2oV6a5DbXFMAvZPPoN0uw,2022-09,
41.73490927546107,-111.8374861350498,-2oV6a5DbXFMAvZPPoN0uw,2022-09,
41.73527202273615,-111.8381372281628,GuRH8lTyaCz1Z7ONDs8fcQ,2022-09,
41.73527757001256,-111.8384147864849,oqx6oiO7WinRXvGWSpLKww,2019-06,
41.73528478883974,-111.8387698536974,E5cbOJSpO_NDumtrqc888g,2019-06,
41.73528870585459,-111.8390799802795,WmO0P4ZOODpWNj_MeNbnKg,2022-09,
41.73529633959286,-111.8394478746228,82zVreXNJ1RXtVjRiOOmWg,2022-09,
41.73492059000512,-111.8400779527576,wCcwOCIRT3N1jnlX-ZWF9g,2022-09,
41.73492059000512,-111.8400779527576,wCcwOCIRT3N1jnlX-ZWF9g,2022-09,
41.73492059000512,-111.8400779527576,wCcwOCIRT3N1jnlX-ZWF9g,2022-09,
41.73513146853768,-111.8292301546333,vAI2xZaC0prUscDhixZbzQ,2022-09,
41.73514256467101,-111.8295863141349,a4T4074rRubiPCVcVa47pA,2022-09,
41.73514634041516,-111.8298397650458,BnRkICxgPN90DeWy5dgSCg,2022-09,
41.73514930469953,-111.830229493559,eXr7bougjScFrtzbjaIiyQ,2022-09,
41.73515195244483,-111.8305767376379,1_iZcuYKxaWwkqkqQAUTGA,2022-09,
41.73515452587805,-111.8309207066655,NhoxEmgpm_hzf4fNBPWNTg,2022-09,
41.7351572078726,-111.8312721354589,3Zpizu2D-wZiVboy5kHMGA,2022-09,
41.73515983425469,-111.8316242010406,TOd5QxNa2tM_xIDIZHI7gg,2022-09,
41.73516293063581,-111.8319782680055,G7xs8MRMwT7jT5MNpg5v9w,2022-09,
41.73516539626867,-111.8322389966445,aa4pIAFnFN8Kul0iMg-gBQ,2017-07,
41.73517306077964,-111.8326276333085,794osyiqYmHi84zzJv2Gfw,2022-09,
41.73517962994578,-111.8329675084203,hv_nr_YxBbTyZaQnI0yLHQ,2022-09,
41.73518550481284,-111.8332729957213,R3zZ2llhgmMhtZPm4FIQNw,2022-09,
41.73519245476902,-111.8336342494428,3PgRsIp9hMXeDlu0Ia1sPg,2022-09,
41.73519770593045,-111.8340415354651,3Ya7ljIEBNOCW_FwzFFbwg,2022-09,
41.73520117797806,-111.8342837055176,NV0BduIMvOC2IFYxAzcIBw,2022-09,
41.73520970082605,-111.8346508724132,68baVY4AwH-oLMZELqnmow,2022-09,
41.73521773640307,-111.8350481513323,03gGPeEal8fpGrmYh0cYaA,2018-08,
41.73522445537168,-111.8353500905687,pbXG5lSOOdgB0rni8HlXBg,2022-09,
41.7352307072256,-111.8356987898824,HmIqODXaxhOH-87qjSu1Iw,2022-09,
41.73516702467988,-111.8360540392247,rZLom4Huib8NtaiEsDDcng,2018-08,
41.73524099282595,-111.836358161754,kvo2jqyw5QjDlU8pLv9AyA,2022-09,
41.73524606040634,-111.8366778406367,_i-rOUH91Lhn4L1ll4bb2w,2022-09,
41.73525499364651,-111.8370829430745,E8R54y9MzdtFCLPxW82TeQ,2022-09,
41.73518185406401,-111.837498780285,Ikkp8zBJ52_8HNmeczOxnQ,2022-09,
41.735263565293,-111.8377323077523,s_AMNJB4dM5zC2-QOdTZmg,2022-09,
41.73527202273615,-111.8381372281628,GuRH8lTyaCz1Z7ONDs8fcQ,2022-09,
41.73527757001256,-111.8384147864849,oqx6oiO7WinRXvGWSpLKww,2019-06,
41.73528478883974,-111.8387698536974,E5cbOJSpO_NDumtrqc888g,2019-06,
41.73528870585459,-111.8390799802795,WmO0P4ZOODpWNj_MeNbnKg,2022-09,
41.73529633959286,-111.8394478746228,82zVreXNJ1RXtVjRiOOmWg,2022-09,
41.73530161580999,-111.8398028507919,49DU17HD4PHFp2FCpmiePA,2022-09,
41.73519008360362,-111.8400638519627,00oWPAoKYb4MNKwyBZtVIA,2022-09,
41.73531107466634,-111.8404680444086,t7hjthVgKCB1LXALQddeNQ,2022-09,
41.73570267224713,-111.8292127787796,1MKatqQ-1OkZnsBWAmbkfg,2013-06,
41.73543306244638,-111.8296528154339,_hnOqRNmAJzCq9sdKl4wcw,2022-09,
41.73543306244638,-111.8296528154339,_hnOqRNmAJzCq9sdKl4wcw,2022-09,
41.73514930469953,-111.830229493559,eXr7bougjScFrtzbjaIiyQ,2022-09,
41.73515195244483,-111.8305767376379,1_iZcuYKxaWwkqkqQAUTGA,2022-09,
41.73515452587805,-111.8309207066655,NhoxEmgpm_hzf4fNBPWNTg,2022-09,
41.7351572078726,-111.8312721354589,3Zpizu2D-wZiVboy5kHMGA,2022-09,
41.73515983425469,-111.8316242010406,TOd5QxNa2tM_xIDIZHI7gg,2022-09,
41.73543556742943,-111.8322269882079,pDp-tZeXdedLnsey-NYsZA,2019-06,
41.73543556742943,-111.8322269882079,pDp-tZeXdedLnsey-NYsZA,2019-06,
41.73517306077964,-111.8326276333085,794osyiqYmHi84zzJv2Gfw,2022-09,
41.73517962994578,-111.8329675084203,hv_nr_YxBbTyZaQnI0yLHQ,2022-09,
41.73518550481284,-111.8332729957213,R3zZ2llhgmMhtZPm4FIQNw,2022-09,
41.73519245476902,-111.8336342494428,3PgRsIp9hMXeDlu0Ia1sPg,2022-09,
41.73557260678208,-111.8341281417361,_rGrtznHdCMj2oeJOvH2bQ,2018-08,
41.73557099620341,-111.8342942583822,TgVdNag8HuelhOJxVtScLQ,2018-08,
41.73556140334045,-111.8346832587883,dVOef85aGnTX20c8UiqpoQ,2018-08,
41.73544920482463,-111.8348715728194,ZMoGPwGmIKeSdEwHTVjdwg,2022-09,
41.73522445537168,-111.8353500905687,pbXG5lSOOdgB0rni8HlXBg,2022-09,
41.7352307072256,-111.8356987898824,HmIqODXaxhOH-87qjSu1Iw,2022-09,
41.735402950566,-111.8360498544694,Yhqv9V9vBFc62c0MKBLzOA,2018-08,
41.73554965083512,-111.8362649144952,hKIymQUawlHQRl5TJLJAgw,2018-08,
41.73524606040634,-111.8366778406367,_i-rOUH91Lhn4L1ll4bb2w,2022-09,
41.73525499364651,-111.8370829430745,E8R54y9MzdtFCLPxW82TeQ,2022-09,
41.73543200035411,-111.8374919573164,q_rqpcrVvXfYIj1uAsmfMA,2022-09,
41.735263565293,-111.8377323077523,s_AMNJB4dM5zC2-QOdTZmg,2022-09,
41.73527202273615,-111.8381372281628,GuRH8lTyaCz1Z7ONDs8fcQ,2022-09,
41.73527942291346,-111.8384801050259,94lnppAFvNxssIRdbg-RLA,2022-09,
41.73528478883974,-111.8387698536974,E5cbOJSpO_NDumtrqc888g,2019-06,
41.73529155858817,-111.8392025207573,PkAIN-ECNrsDRGeL3RWSuQ,2022-09,
41.73529633959286,-111.8394478746228,82zVreXNJ1RXtVjRiOOmWg,2022-09,
41.73530161580999,-111.8398028507919,49DU17HD4PHFp2FCpmiePA,2022-09,
41.73543879625741,-111.8400620325053,c8PsFs7eF0dvc54Ocb76AQ,2022-09,
41.73531107466634,-111.8404680444086,t7hjthVgKCB1LXALQddeNQ,2022-09,
41.73570267224713,-111.8292127787796,1MKatqQ-1OkZnsBWAmbkfg,2013-06,
41.73571001757828,-111.8295721223391,xTEpG-kfM9l6gx6-gqUzfw,2013-06,
41.73570098842727,-111.8296408069915,TSKtkQCc_S_aYqxiaQhzvA,2022-09,
41.73570098842727,-111.8296408069915,TSKtkQCc_S_aYqxiaQhzvA,2022-09,
41.7357113999999,-111.83057819999999,None,None,ZERO_RESULTS
41.73515452587805,-111.8309207066655,NhoxEmgpm_hzf4fNBPWNTg,2022-09,
41.73515452587805,-111.8309207066655,NhoxEmgpm_hzf4fNBPWNTg,2022-09,
41.73588783796429,-111.8322157985282,qkuUyAcFz874JO8YLkLfMg,2019-06,
41.73570883615427,-111.8322201652325,DWr9WVZBoYeYUMDtim7-bA,2019-06,
41.73570883615427,-111.8322201652325,DWr9WVZBoYeYUMDtim7-bA,2019-06,
41.73570883615427,-111.8322201652325,DWr9WVZBoYeYUMDtim7-bA,2019-06,
41.7351752683803,-111.8327381655006,qhswZ4_vVNHMgpoqu2Bt-g,2022-09,
41.7351878579961,-111.8333944446584,B-Fi7yrR9EljdSA6MSy87Q,2022-09,
41.7356452356767,-111.8340916615738,wWA9VCCpIcdjdaDk4rXvxg,2018-08,
41.7356452356767,-111.8340916615738,wWA9VCCpIcdjdaDk4rXvxg,2018-08,
41.73575222646755,-111.8342990799496,9ZvcYTyVsBwQyjgz8Qt8XA,2018-08,
41.73575603998661,-111.8346858970042,iJeW6y08vG60rHui0mkYlg,2018-08,
41.73571861095801,-111.8348601102264,64xQQVbmN-m4Z_AKQaxLTg,2022-09,
41.73571861095801,-111.8348601102264,64xQQVbmN-m4Z_AKQaxLTg,2022-09,
41.73570942440769,-111.8360440322013,oNN8AtQCmXgobAFAn_HDZA,2018-08,
41.73570942440769,-111.8360440322013,oNN8AtQCmXgobAFAn_HDZA,2018-08,
41.73573244180758,-111.8363132211241,oXuHrG4qzeYbvBc7fn9Nmw,2018-08,
41.73573244180758,-111.8363132211241,oXuHrG4qzeYbvBc7fn9Nmw,2018-08,
41.73571406783074,-111.8374813134853,KtMXoMz2t2H6y2mvEPNOFg,2022-09,
41.73571406783074,-111.8374813134853,KtMXoMz2t2H6y2mvEPNOFg,2022-09,
41.73571406783074,-111.8374813134853,KtMXoMz2t2H6y2mvEPNOFg,2022-09,
41.73527202273615,-111.8381372281628,GuRH8lTyaCz1Z7ONDs8fcQ,2022-09,
41.73527942291346,-111.8384801050259,94lnppAFvNxssIRdbg-RLA,2022-09,
41.73528478883974,-111.8387698536974,E5cbOJSpO_NDumtrqc888g,2019-06,
41.73529155858817,-111.8392025207573,PkAIN-ECNrsDRGeL3RWSuQ,2022-09,
41.73529633959286,-111.8394478746228,82zVreXNJ1RXtVjRiOOmWg,2022-09,
41.73572856067516,-111.8400534810555,zeG4716QwmD3K_rLZqvBWA,2022-09,
41.73572856067516,-111.8400534810555,zeG4716QwmD3K_rLZqvBWA,2022-09,
41.73572856067516,-111.8400534810555,zeG4716QwmD3K_rLZqvBWA,2022-09,
