48.9802078,-123.0620986,None,None,ZERO_RESULTS
48.9802078,-123.0624409,None,None,ZERO_RESULTS
48.9802078,-123.0627832,None,None,ZERO_RESULTS
48.9802078,-123.0631255,None,None,ZERO_RESULTS
48.9802078,-123.0634678,None,None,ZERO_RESULTS
48.9802078,-123.0638101,None,None,ZERO_RESULTS
48.9802078,-123.0641524,None,None,ZERO_RESULTS
48.9802078,-123.0644947,None,None,ZERO_RESULTS
48.9802078,-123.064837,None,None,ZERO_RESULTS
48.9802078,-123.0651793,None,None,ZERO_RESULTS
48.9802078,-123.0655216,None,None,ZERO_RESULTS
48.9802078,-123.0658639,None,None,ZERO_RESULTS
48.9802078,-123.0662062,None,None,ZERO_RESULTS
48.9802078,-123.0665485,None,None,ZERO_RESULTS
48.9802078,-123.0668908,None,None,ZERO_RESULTS
48.98058969437155,-123.0680469962339,RWOTUIQSO2KgZSpko0wEmQ,2023-05,
48.98058969437155,-123.0680469962339,RWOTUIQSO2KgZSpko0wEmQ,2023-05,
48.98045699144864,-123.0682525386555,kuoDju5FFAX-b4pdqIsh6Q,2023-05,
48.98041867859834,-123.0684000024683,HpLPCb9txGDhm_6u8FbJJw,2023-05,
48.98039556211641,-123.0685835548583,bpOH1YI2xkWvyxl3CXhIsQ,2023-05,
48.98034518981965,-123.0690175476287,KF961WbG2vPBSzTwX_8sJA,2023-05,
48.98026947060978,-123.0693808326825,lF_uRZ6hP7hbyRsEKGwcSw,2023-05,
48.98019436874259,-123.0696134900075,RQyy9sVDU7Fsyqap3DBBdg,2023-05,
48.98010754375602,-123.0698530693033,YRcWIr95wp4GMTQLvCah6w,2023-05,
48.98000646288297,-123.0700924409553,PfkgUHNvqWuzYk6vIoHzMw,2023-05,
48.97989144929052,-123.0703156184,OdBaY22oQpUE-RCxhJiJXg,2023-05,
48.9802078,-123.0709984,None,None,ZERO_RESULTS
48.9802078,-123.0713407,None,None,ZERO_RESULTS
48.9802078,-123.071683,None,None,ZERO_RESULTS
48.9802078,-123.07202529999999,None,None,ZERO_RESULTS
48.9802078,-123.07236759999999,None,None,ZERO_RESULTS
48.9802078,-123.07270989999999,None,None,ZERO_RESULTS
48.9802078,-123.07305219999999,None,None,ZERO_RESULTS
48.9802078,-123.07339449999999,None,None,ZERO_RESULTS
48.9804775,-123.0620986,None,None,ZERO_RESULTS
48.9804775,-123.0624409,None,None,ZERO_RESULTS
48.9804775,-123.0627832,None,None,ZERO_RESULTS
48.9804775,-123.0631255,None,None,ZERO_RESULTS
48.9804775,-123.0634678,None,None,ZERO_RESULTS
48.9804775,-123.0638101,None,None,ZERO_RESULTS
48.9804775,-123.0641524,None,None,ZERO_RESULTS
48.9804775,-123.0644947,None,None,ZERO_RESULTS
48.9804775,-123.064837,None,None,ZERO_RESULTS
48.9804775,-123.0651793,None,None,ZERO_RESULTS
48.9804775,-123.0655216,None,None,ZERO_RESULTS
48.9804775,-123.0658639,None,None,ZERO_RESULTS
48.9804775,-123.0662062,None,None,ZERO_RESULTS
48.9804775,-123.0665485,None,None,ZERO_RESULTS
48.9804775,-123.0668908,None,None,ZERO_RESULTS
48.9804775,-123.0672331,None,None,ZERO_RESULTS
48.98058969437155,-123.0680469962339,RWOTUIQSO2KgZSpko0wEmQ,2023-05,
48.98058969437155,-123.0680469962339,RWOTUIQSO2KgZSpko0wEmQ,2023-05,
48.98045699144864,-123.0682525386555,kuoDju5FFAX-b4pdqIsh6Q,2023-05,
48.98039556211641,-123.0685835548583,bpOH1YI2xkWvyxl3CXhIsQ,2023-05,
48.98036626341082,-123.0688609387611,vRXMdgHa1IO1IWi_7N5wmA,2023-05,
48.98032364663119,-123.069153937327,XRbR_FY-Doilm06aqWoPmQ,2023-05,
48.98023363604466,-123.0694981266512,4Y-BWNaAkf1ZI4LDDAKr-w,2023-05,
48.98015344978429,-123.0697339753193,KTBpnNN6K0oAMEPrJqV6sg,2023-05,
48.9804775,-123.0703138,None,None,ZERO_RESULTS
48.9804775,-123.0706561,None,None,ZERO_RESULTS
48.9804775,-123.0709984,None,None,ZERO_RESULTS
48.9804775,-123.0713407,None,None,ZERO_RESULTS
48.9804775,-123.071683,None,None,ZERO_RESULTS
48.9804775,-123.07202529999999,None,None,ZERO_RESULTS
48.9804775,-123.07236759999999,None,None,ZERO_RESULTS
48.9804775,-123.07270989999999,None,None,ZERO_RESULTS
48.9804775,-123.07305219999999,None,None,ZERO_RESULTS
48.9804775,-123.07339449999999,None,None,ZERO_RESULTS
48.980747199999996,-123.0620986,None,None,ZERO_RESULTS
48.980747199999996,-123.0624409,None,None,ZERO_RESULTS
48.980747199999996,-123.0627832,None,None,ZERO_RESULTS
48.980747199999996,-123.0631255,None,None,ZERO_RESULTS
48.980747199999996,-123.0634678,None,None,ZERO_RESULTS
48.980747199999996,-123.0638101,None,None,ZERO_RESULTS
48.980747199999996,-123.0641524,None,None,ZERO_RESULTS
48.980747199999996,-123.0644947,None,None,ZERO_RESULTS
48.980747199999996,-123.064837,None,None,ZERO_RESULTS
48.980747199999996,-123.0651793,None,None,ZERO_RESULTS
48.980747199999996,-123.0655216,None,None,ZERO_RESULTS
48.980747199999996,-123.0658639,None,None,ZERO_RESULTS
48.980747199999996,-123.0662062,None,None,ZERO_RESULTS
48.980747199999996,-123.0665485,None,None,ZERO_RESULTS
48.980747199999996,-123.0668908,None,None,ZERO_RESULTS
48.980747199999996,-123.0672331,None,None,ZERO_RESULTS
48.98074944171749,-123.0679456943865,2NIqGngXBtNKSGoPLMDwrg,2023-05,
48.98074944171749,-123.0679456943865,2NIqGngXBtNKSGoPLMDwrg,2023-05,
48.98066979843331,-123.0679853280342,lSPn_7QL1HXW00NsIJv0Jg,2023-05,
48.98039556211641,-123.0685835548583,bpOH1YI2xkWvyxl3CXhIsQ,2023-05,
48.98036626341082,-123.0688609387611,vRXMdgHa1IO1IWi_7N5wmA,2023-05,
48.98032364663119,-123.069153937327,XRbR_FY-Doilm06aqWoPmQ,2023-05,
48.980747199999996,-123.0696292,None,None,ZERO_RESULTS
48.980747199999996,-123.0699715,None,None,ZERO_RESULTS
48.980747199999996,-123.0703138,None,None,ZERO_RESULTS
48.980747199999996,-123.0706561,None,None,ZERO_RESULTS
48.980747199999996,-123.0709984,None,None,ZERO_RESULTS
48.980747199999996,-123.0713407,None,None,ZERO_RESULTS
48.980747199999996,-123.071683,None,None,ZERO_RESULTS
48.980747199999996,-123.07202529999999,None,None,ZERO_RESULTS
48.980747199999996,-123.07236759999999,None,None,ZERO_RESULTS
48.980747199999996,-123.07270989999999,None,None,ZERO_RESULTS
48.980747199999996,-123.07305219999999,None,None,ZERO_RESULTS
48.980747199999996,-123.07339449999999,None,None,ZERO_RESULTS
48.98101689999999,-123.0620986,None,None,ZERO_RESULTS
48.98101689999999,-123.0624409,None,None,ZERO_RESULTS
48.98101689999999,-123.0627832,None,None,ZERO_RESULTS
48.98101689999999,-123.0631255,None,None,ZERO_RESULTS
48.98101689999999,-123.0634678,None,None,ZERO_RESULTS
48.98101689999999,-123.0638101,None,None,ZERO_RESULTS
48.98101689999999,-123.0641524,None,None,ZERO_RESULTS
48.98101689999999,-123.0644947,None,None,ZERO_RESULTS
48.98101689999999,-123.064837,None,None,ZERO_RESULTS
48.98101689999999,-123.0651793,None,None,ZERO_RESULTS
48.98101689999999,-123.0655216,None,None,ZERO_RESULTS
48.98101689999999,-123.0658639,None,None,ZERO_RESULTS
48.98101689999999,-123.0662062,None,None,ZERO_RESULTS
48.98101689999999,-123.0665485,None,None,ZERO_RESULTS
48.98101689999999,-123.0668908,None,None,ZERO_RESULTS
48.98102048634347,-123.0679115647429,2g94hdduccj5Fc3e9urGGQ,2023-05,
48.98102048634347,-123.0679115647429,2g94hdduccj5Fc3e9urGGQ,2023-05,
48.98102048634347,-123.0679115647429,2g94hdduccj5Fc3e9urGGQ,2023-05,
48.98102048634347,-123.0679115647429,2g94hdduccj5Fc3e9urGGQ,2023-05,
48.98101689999999,-123.0686023,None,None,ZERO_RESULTS
48.98101689999999,-123.0689446,None,None,ZERO_RESULTS
48.98101689999999,-123.0692869,None,None,ZERO_RESULTS
48.98101689999999,-123.0696292,None,None,ZERO_RESULTS
48.98101689999999,-123.0699715,None,None,ZERO_RESULTS
48.98101689999999,-123.0703138,None,None,ZERO_RESULTS
48.98101689999999,-123.0706561,None,None,ZERO_RESULTS
48.98101689999999,-123.0709984,None,None,ZERO_RESULTS
48.98101689999999,-123.0713407,None,None,ZERO_RESULTS
48.98101689999999,-123.071683,None,None,ZERO_RESULTS
48.98101689999999,-123.07202529999999,None,None,ZERO_RESULTS
48.98101689999999,-123.07236759999999,None,None,ZERO_RESULTS
48.98101689999999,-123.07270989999999,None,None,ZERO_RESULTS
48.98101689999999,-123.07305219999999,None,None,ZERO_RESULTS
48.98101689999999,-123.07339449999999,None,None,ZERO_RESULTS
48.98128659999999,-123.0620986,None,None,ZERO_RESULTS
48.98128659999999,-123.0624409,None,None,ZERO_RESULTS
48.98128659999999,-123.0627832,None,None,ZERO_RESULTS
48.98128659999999,-123.0631255,None,None,ZERO_RESULTS
48.98128659999999,-123.0634678,None,None,ZERO_RESULTS
48.98128659999999,-123.0638101,None,None,ZERO_RESULTS
48.98128659999999,-123.0641524,None,None,ZERO_RESULTS
48.98128659999999,-123.0644947,None,None,ZERO_RESULTS
48.98128659999999,-123.064837,None,None,ZERO_RESULTS
48.98128659999999,-123.0651793,None,None,ZERO_RESULTS
48.98128659999999,-123.0655216,None,None,ZERO_RESULTS
48.98128659999999,-123.0658639,None,None,ZERO_RESULTS
48.98128659999999,-123.0662062,None,None,ZERO_RESULTS
48.98128659999999,-123.0665485,None,None,ZERO_RESULTS
48.98128659999999,-123.0668908,None,None,ZERO_RESULTS
48.98130115957429,-123.0679093911057,H3J9QOsIugyujRRov11hSA,2023-05,
48.98130115957429,-123.0679093911057,H3J9QOsIugyujRRov11hSA,2023-05,
48.98130115957429,-123.0679093911057,H3J9QOsIugyujRRov11hSA,2023-05,
48.98130115957429,-123.0679093911057,H3J9QOsIugyujRRov11hSA,2023-05,
48.98128659999999,-123.0686023,None,None,ZERO_RESULTS
48.98128659999999,-123.0689446,None,None,ZERO_RESULTS
48.98128659999999,-123.0692869,None,None,ZERO_RESULTS
48.98128659999999,-123.0696292,None,None,ZERO_RESULTS
48.98128659999999,-123.0699715,None,None,ZERO_RESULTS
48.98128659999999,-123.0703138,None,None,ZERO_RESULTS
48.98128659999999,-123.0706561,None,None,ZERO_RESULTS
48.98128659999999,-123.0709984,None,None,ZERO_RESULTS
48.98128659999999,-123.0713407,None,None,ZERO_RESULTS
48.98128659999999,-123.071683,None,None,ZERO_RESULTS
48.98128659999999,-123.07202529999999,None,None,ZERO_RESULTS
48.98128659999999,-123.07236759999999,None,None,ZERO_RESULTS
48.98128659999999,-123.07270989999999,None,None,ZERO_RESULTS
48.98128659999999,-123.07305219999999,None,None,ZERO_RESULTS
48.98128659999999,-123.07339449999999,None,None,ZERO_RESULTS
48.98155629999999,-123.0620986,None,None,ZERO_RESULTS
48.98155629999999,-123.0624409,None,None,ZERO_RESULTS
48.98155629999999,-123.0627832,None,None,ZERO_RESULTS
48.98155629999999,-123.0631255,None,None,ZERO_RESULTS
48.98155629999999,-123.0634678,None,None,ZERO_RESULTS
48.98155629999999,-123.0638101,None,None,ZERO_RESULTS
48.98155629999999,-123.0641524,None,None,ZERO_RESULTS
48.98155629999999,-123.0644947,None,None,ZERO_RESULTS
48.98155629999999,-123.064837,None,None,ZERO_RESULTS
48.98155629999999,-123.0651793,None,None,ZERO_RESULTS
48.98155629999999,-123.0655216,None,None,ZERO_RESULTS
48.98155629999999,-123.0658639,None,None,ZERO_RESULTS
48.98155629999999,-123.0662062,None,None,ZERO_RESULTS
48.98155629999999,-123.0665485,None,None,ZERO_RESULTS
48.98155629999999,-123.0668908,None,None,ZERO_RESULTS
48.98157841588107,-123.0679092566059,RgyQfzOcZ-8my5PWEjf4Iw,2023-05,
48.98157841588107,-123.0679092566059,RgyQfzOcZ-8my5PWEjf4Iw,2023-05,
48.98157841588107,-123.0679092566059,RgyQfzOcZ-8my5PWEjf4Iw,2023-05,
48.98157841588107,-123.0679092566059,RgyQfzOcZ-8my5PWEjf4Iw,2023-05,
48.98155629999999,-123.0686023,None,None,ZERO_RESULTS
48.98155629999999,-123.0689446,None,None,ZERO_RESULTS
48.98155629999999,-123.0692869,None,None,ZERO_RESULTS
48.98155629999999,-123.0696292,None,None,ZERO_RESULTS
48.98155629999999,-123.0699715,None,None,ZERO_RESULTS
48.98155629999999,-123.0703138,None,None,ZERO_RESULTS
48.98155629999999,-123.0706561,None,None,ZERO_RESULTS
48.98155629999999,-123.0709984,None,None,ZERO_RESULTS
48.98155629999999,-123.0713407,None,None,ZERO_RESULTS
48.98155629999999,-123.071683,None,None,ZERO_RESULTS
48.98155629999999,-123.07202529999999,None,None,ZERO_RESULTS
48.98155629999999,-123.07236759999999,None,None,ZERO_RESULTS
48.98155629999999,-123.07270989999999,None,None,ZERO_RESULTS
48.98155629999999,-123.07305219999999,None,None,ZERO_RESULTS
48.98155629999999,-123.07339449999999,None,None,ZERO_RESULTS
48.981825999999984,-123.0620986,None,None,ZERO_RESULTS
48.981825999999984,-123.0624409,None,None,ZERO_RESULTS
48.981825999999984,-123.0627832,None,None,ZERO_RESULTS
48.981825999999984,-123.0631255,None,None,ZERO_RESULTS
48.981825999999984,-123.0634678,None,None,ZERO_RESULTS
48.981825999999984,-123.0638101,None,None,ZERO_RESULTS
48.981825999999984,-123.0641524,None,None,ZERO_RESULTS
48.981825999999984,-123.0644947,None,None,ZERO_RESULTS
48.981825999999984,-123.064837,None,None,ZERO_RESULTS
48.981825999999984,-123.0651793,None,None,ZERO_RESULTS
48.981825999999984,-123.0655216,None,None,ZERO_RESULTS
48.981825999999984,-123.0658639,None,None,ZERO_RESULTS
48.981825999999984,-123.0662062,None,None,ZERO_RESULTS
48.981825999999984,-123.0665485,None,None,ZERO_RESULTS
48.981825999999984,-123.0668908,None,None,ZERO_RESULTS
48.98185620921789,-123.0679090664282,IYBwPM4rTk4mHLQyqegEKw,2023-05,
48.98185620921789,-123.0679090664282,IYBwPM4rTk4mHLQyqegEKw,2023-05,
48.98185620921789,-123.0679090664282,IYBwPM4rTk4mHLQyqegEKw,2023-05,
48.98185620921789,-123.0679090664282,IYBwPM4rTk4mHLQyqegEKw,2023-05,
48.981825999999984,-123.0686023,None,None,ZERO_RESULTS
48.981825999999984,-123.0689446,None,None,ZERO_RESULTS
48.981825999999984,-123.0692869,None,None,ZERO_RESULTS
48.981825999999984,-123.0696292,None,None,ZERO_RESULTS
48.981825999999984,-123.0699715,None,None,ZERO_RESULTS
48.981825999999984,-123.0703138,None,None,ZERO_RESULTS
48.981825999999984,-123.0706561,None,None,ZERO_RESULTS
48.981825999999984,-123.0709984,None,None,ZERO_RESULTS
48.981825999999984,-123.0713407,None,None,ZERO_RESULTS
48.981825999999984,-123.071683,None,None,ZERO_RESULTS
48.981825999999984,-123.07202529999999,None,None,ZERO_RESULTS
48.981825999999984,-123.07236759999999,None,None,ZERO_RESULTS
48.981825999999984,-123.07270989999999,None,None,ZERO_RESULTS
48.981825999999984,-123.07305219999999,None,None,ZERO_RESULTS
48.981825999999984,-123.07339449999999,None,None,ZERO_RESULTS
48.98209569999998,-123.0620986,None,None,ZERO_RESULTS
48.98209569999998,-123.0624409,None,None,ZERO_RESULTS
48.98209569999998,-123.0627832,None,None,ZERO_RESULTS
48.98209569999998,-123.0631255,None,None,ZERO_RESULTS
48.98209569999998,-123.0634678,None,None,ZERO_RESULTS
48.98209569999998,-123.0638101,None,None,ZERO_RESULTS
48.98209569999998,-123.0641524,None,None,ZERO_RESULTS
48.98209569999998,-123.0644947,None,None,ZERO_RESULTS
48.98209569999998,-123.064837,None,None,ZERO_RESULTS
48.98209569999998,-123.0651793,None,None,ZERO_RESULTS
48.98209569999998,-123.0655216,None,None,ZERO_RESULTS
48.98209569999998,-123.0658639,None,None,ZERO_RESULTS
48.98209569999998,-123.0662062,None,None,ZERO_RESULTS
48.98209569999998,-123.0665485,None,None,ZERO_RESULTS
48.98209569999998,-123.0668908,None,None,ZERO_RESULTS
48.98213544695862,-123.067908949943,sl0E4dAFqWEITBG_jufQ0g,2023-05,
48.98213544695862,-123.067908949943,sl0E4dAFqWEITBG_jufQ0g,2023-05,
48.98213544695862,-123.067908949943,sl0E4dAFqWEITBG_jufQ0g,2023-05,
48.98213544695862,-123.067908949943,sl0E4dAFqWEITBG_jufQ0g,2023-05,
48.98209569999998,-123.0686023,None,None,ZERO_RESULTS
48.98209569999998,-123.0689446,None,None,ZERO_RESULTS
48.98209569999998,-123.0692869,None,None,ZERO_RESULTS
48.98209569999998,-123.0696292,None,None,ZERO_RESULTS
48.98209569999998,-123.0699715,None,None,ZERO_RESULTS
48.98209569999998,-123.0703138,None,None,ZERO_RESULTS
48.98209569999998,-123.0706561,None,None,ZERO_RESULTS
48.98209569999998,-123.0709984,None,None,ZERO_RESULTS
48.98209569999998,-123.0713407,None,None,ZERO_RESULTS
48.98209569999998,-123.071683,None,None,ZERO_RESULTS
48.98209569999998,-123.07202529999999,None,None,ZERO_RESULTS
48.98209569999998,-123.07236759999999,None,None,ZERO_RESULTS
48.98209569999998,-123.07270989999999,None,None,ZERO_RESULTS
48.98209569999998,-123.07305219999999,None,None,ZERO_RESULTS
48.98209569999998,-123.07339449999999,None,None,ZERO_RESULTS
48.98236539999998,-123.0620986,None,None,ZERO_RESULTS
48.98236539999998,-123.0624409,None,None,ZERO_RESULTS
48.98236539999998,-123.0627832,None,None,ZERO_RESULTS
48.98236539999998,-123.0631255,None,None,ZERO_RESULTS
48.98236539999998,-123.0634678,None,None,ZERO_RESULTS
48.98236539999998,-123.0638101,None,None,ZERO_RESULTS
48.98236539999998,-123.0641524,None,None,ZERO_RESULTS
48.98236539999998,-123.0644947,None,None,ZERO_RESULTS
48.98236539999998,-123.064837,None,None,ZERO_RESULTS
48.98236539999998,-123.0651793,None,None,ZERO_RESULTS
48.98236539999998,-123.0655216,None,None,ZERO_RESULTS
48.98236539999998,-123.0658639,None,None,ZERO_RESULTS
48.98236539999998,-123.0662062,None,None,ZERO_RESULTS
48.98236539999998,-123.0665485,None,None,ZERO_RESULTS
48.98236539999998,-123.0668908,None,None,ZERO_RESULTS
48.98241019346735,-123.0679088523543,b5i01X8EjTAAmY7oEie-Tw,2023-05,
48.98241019346735,-123.0679088523543,b5i01X8EjTAAmY7oEie-Tw,2023-05,
48.98241019346735,-123.0679088523543,b5i01X8EjTAAmY7oEie-Tw,2023-05,
48.98241019346735,-123.0679088523543,b5i01X8EjTAAmY7oEie-Tw,2023-05,
48.98236539999998,-123.0686023,None,None,ZERO_RESULTS
48.98236539999998,-123.0689446,None,None,ZERO_RESULTS
48.98236539999998,-123.0692869,None,None,ZERO_RESULTS
48.98236539999998,-123.0696292,None,None,ZERO_RESULTS
48.98236539999998,-123.0699715,None,None,ZERO_RESULTS
48.98236539999998,-123.0703138,None,None,ZERO_RESULTS
48.98236539999998,-123.0706561,None,None,ZERO_RESULTS
48.98236539999998,-123.0709984,None,None,ZERO_RESULTS
48.98236539999998,-123.0713407,None,None,ZERO_RESULTS
48.98236539999998,-123.071683,None,None,ZERO_RESULTS
48.98236539999998,-123.07202529999999,None,None,ZERO_RESULTS
48.98236539999998,-123.07236759999999,None,None,ZERO_RESULTS
48.98236539999998,-123.07270989999999,None,None,ZERO_RESULTS
48.98236539999998,-123.07305219999999,None,None,ZERO_RESULTS
48.98236539999998,-123.07339449999999,None,None,ZERO_RESULTS
48.982635099999975,-123.0620986,None,None,ZERO_RESULTS
48.982635099999975,-123.0624409,None,None,ZERO_RESULTS
48.982635099999975,-123.0627832,None,None,ZERO_RESULTS
48.982635099999975,-123.0631255,None,None,ZERO_RESULTS
48.982635099999975,-123.0634678,None,None,ZERO_RESULTS
48.982635099999975,-123.0638101,None,None,ZERO_RESULTS
48.982635099999975,-123.0641524,None,None,ZERO_RESULTS
48.982635099999975,-123.0644947,None,None,ZERO_RESULTS
48.982635099999975,-123.064837,None,None,ZERO_RESULTS
48.982635099999975,-123.0651793,None,None,ZERO_RESULTS
48.982635099999975,-123.0655216,None,None,ZERO_RESULTS
48.982635099999975,-123.0658639,None,None,ZERO_RESULTS
48.982635099999975,-123.0662062,None,None,ZERO_RESULTS
48.982635099999975,-123.0665485,None,None,ZERO_RESULTS
48.982635099999975,-123.0668908,None,None,ZERO_RESULTS
48.98259519028959,-123.0679088149947,uQflJWyzYFrXTZA2LRLAsg,2023-05,
48.98259519028959,-123.0679088149947,uQflJWyzYFrXTZA2LRLAsg,2023-05,
48.98259519028959,-123.0679088149947,uQflJWyzYFrXTZA2LRLAsg,2023-05,
48.98259519028959,-123.0679088149947,uQflJWyzYFrXTZA2LRLAsg,2023-05,
48.982635099999975,-123.0686023,None,None,ZERO_RESULTS
48.982635099999975,-123.0689446,None,None,ZERO_RESULTS
48.982635099999975,-123.0692869,None,None,ZERO_RESULTS
48.982635099999975,-123.0696292,None,None,ZERO_RESULTS
48.982635099999975,-123.0699715,None,None,ZERO_RESULTS
48.982635099999975,-123.0703138,None,None,ZERO_RESULTS
48.982635099999975,-123.0706561,None,None,ZERO_RESULTS
48.982635099999975,-123.0709984,None,None,ZERO_RESULTS
48.982635099999975,-123.0713407,None,None,ZERO_RESULTS
48.982635099999975,-123.071683,None,None,ZERO_RESULTS
48.982635099999975,-123.07202529999999,None,None,ZERO_RESULTS
48.982635099999975,-123.07236759999999,None,None,ZERO_RESULTS
48.982635099999975,-123.07270989999999,None,None,ZERO_RESULTS
48.982635099999975,-123.07305219999999,None,None,ZERO_RESULTS
48.982635099999975,-123.07339449999999,None,None,ZERO_RESULTS
48.98290479999997,-123.0620986,None,None,ZERO_RESULTS
48.98290479999997,-123.0624409,None,None,ZERO_RESULTS
48.98290479999997,-123.0627832,None,None,ZERO_RESULTS
48.98290479999997,-123.0631255,None,None,ZERO_RESULTS
48.98290479999997,-123.0634678,None,None,ZERO_RESULTS
48.98290479999997,-123.0638101,None,None,ZERO_RESULTS
48.98290479999997,-123.0641524,None,None,ZERO_RESULTS
48.98290479999997,-123.0644947,None,None,ZERO_RESULTS
48.98290479999997,-123.064837,None,None,ZERO_RESULTS
48.98290479999997,-123.0651793,None,None,ZERO_RESULTS
48.98290479999997,-123.0655216,None,None,ZERO_RESULTS
48.98290479999997,-123.0658639,None,None,ZERO_RESULTS
48.98290479999997,-123.0662062,None,None,ZERO_RESULTS
48.98290479999997,-123.0665485,None,None,ZERO_RESULTS
48.98290479999997,-123.0668908,None,None,ZERO_RESULTS
48.98291907428472,-123.0679085890378,Wo6Ad7rzTR4CaoFhSC-7Eg,2023-05,
48.98291907428472,-123.0679085890378,Wo6Ad7rzTR4CaoFhSC-7Eg,2023-05,
48.98291907428472,-123.0679085890378,Wo6Ad7rzTR4CaoFhSC-7Eg,2023-05,
48.98291907428472,-123.0679085890378,Wo6Ad7rzTR4CaoFhSC-7Eg,2023-05,
48.98290479999997,-123.0686023,None,None,ZERO_RESULTS
48.98290479999997,-123.0689446,None,None,ZERO_RESULTS
48.98290479999997,-123.0692869,None,None,ZERO_RESULTS
48.98290479999997,-123.0696292,None,None,ZERO_RESULTS
48.98290479999997,-123.0699715,None,None,ZERO_RESULTS
48.98290479999997,-123.0703138,None,None,ZERO_RESULTS
48.98290479999997,-123.0706561,None,None,ZERO_RESULTS
48.98290479999997,-123.0709984,None,None,ZERO_RESULTS
48.98290479999997,-123.0713407,None,None,ZERO_RESULTS
48.98290479999997,-123.071683,None,None,ZERO_RESULTS
48.98290479999997,-123.07202529999999,None,None,ZERO_RESULTS
48.98290479999997,-123.07236759999999,None,None,ZERO_RESULTS
48.98290479999997,-123.07270989999999,None,None,ZERO_RESULTS
48.98290479999997,-123.07305219999999,None,None,ZERO_RESULTS
48.98290479999997,-123.07339449999999,None,None,ZERO_RESULTS
48.98317449999997,-123.0620986,None,None,ZERO_RESULTS
48.98317449999997,-123.0624409,None,None,ZERO_RESULTS
48.98317449999997,-123.0627832,None,None,ZERO_RESULTS
48.98317449999997,-123.0631255,None,None,ZERO_RESULTS
48.98317449999997,-123.0634678,None,None,ZERO_RESULTS
48.98317449999997,-123.0638101,None,None,ZERO_RESULTS
48.98317449999997,-123.0641524,None,None,ZERO_RESULTS
48.98317449999997,-123.0644947,None,None,ZERO_RESULTS
48.98317449999997,-123.064837,None,None,ZERO_RESULTS
48.98317449999997,-123.0651793,None,None,ZERO_RESULTS
48.98317449999997,-123.0655216,None,None,ZERO_RESULTS
48.98317449999997,-123.0658639,None,None,ZERO_RESULTS
48.98317449999997,-123.0662062,None,None,ZERO_RESULTS
48.98317449999997,-123.0665485,None,None,ZERO_RESULTS
48.98317449999997,-123.0668908,None,None,ZERO_RESULTS
48.98319372983745,-123.0679085181446,1bBb4_Rzv7VyHAXskAs_ig,2023-05,
48.98319372983745,-123.0679085181446,1bBb4_Rzv7VyHAXskAs_ig,2023-05,
48.98319372983745,-123.0679085181446,1bBb4_Rzv7VyHAXskAs_ig,2023-05,
48.98319372983745,-123.0679085181446,1bBb4_Rzv7VyHAXskAs_ig,2023-05,
48.98317449999997,-123.0686023,None,None,ZERO_RESULTS
48.98317449999997,-123.0689446,None,None,ZERO_RESULTS
48.98317449999997,-123.0692869,None,None,ZERO_RESULTS
48.98317449999997,-123.0696292,None,None,ZERO_RESULTS
48.98317449999997,-123.0699715,None,None,ZERO_RESULTS
48.98317449999997,-123.0703138,None,None,ZERO_RESULTS
48.98317449999997,-123.0706561,None,None,ZERO_RESULTS
48.98317449999997,-123.0709984,None,None,ZERO_RESULTS
48.98317449999997,-123.0713407,None,None,ZERO_RESULTS
48.98317449999997,-123.071683,None,None,ZERO_RESULTS
48.98317449999997,-123.07202529999999,None,None,ZERO_RESULTS
48.98317449999997,-123.07236759999999,None,None,ZERO_RESULTS
48.98317449999997,-123.07270989999999,None,None,ZERO_RESULTS
48.98317449999997,-123.07305219999999,None,None,ZERO_RESULTS
48.98317449999997,-123.07339449999999,None,None,ZERO_RESULTS
48.983444199999965,-123.0620986,None,None,ZERO_RESULTS
48.983444199999965,-123.0624409,None,None,ZERO_RESULTS
48.983444199999965,-123.0627832,None,None,ZERO_RESULTS
48.983444199999965,-123.0631255,None,None,ZERO_RESULTS
48.983444199999965,-123.0634678,None,None,ZERO_RESULTS
48.983444199999965,-123.0638101,None,None,ZERO_RESULTS
48.983444199999965,-123.0641524,None,None,ZERO_RESULTS
48.983444199999965,-123.0644947,None,None,ZERO_RESULTS
48.983444199999965,-123.064837,None,None,ZERO_RESULTS
48.983444199999965,-123.0651793,None,None,ZERO_RESULTS
48.983444199999965,-123.0655216,None,None,ZERO_RESULTS
48.983444199999965,-123.0658639,None,None,ZERO_RESULTS
48.983444199999965,-123.0662062,None,None,ZERO_RESULTS
48.983444199999965,-123.0665485,None,None,ZERO_RESULTS
48.983444199999965,-123.0668908,None,None,ZERO_RESULTS
48.9834682312115,-123.0679083945011,0oub4ODF7eZELtDHNXdgHw,2023-05,
48.9834682312115,-123.0679083945011,0oub4ODF7eZELtDHNXdgHw,2023-05,
48.9834682312115,-123.0679083945011,0oub4ODF7eZELtDHNXdgHw,2023-05,
48.9834682312115,-123.0679083945011,0oub4ODF7eZELtDHNXdgHw,2023-05,
48.983444199999965,-123.0686023,None,None,ZERO_RESULTS
48.983444199999965,-123.0689446,None,None,ZERO_RESULTS
48.983444199999965,-123.0692869,None,None,ZERO_RESULTS
48.983444199999965,-123.0696292,None,None,ZERO_RESULTS
48.983444199999965,-123.0699715,None,None,ZERO_RESULTS
48.983444199999965,-123.0703138,None,None,ZERO_RESULTS
48.983444199999965,-123.0706561,None,None,ZERO_RESULTS
48.983444199999965,-123.0709984,None,None,ZERO_RESULTS
48.983444199999965,-123.0713407,None,None,ZERO_RESULTS
48.983444199999965,-123.071683,None,None,ZERO_RESULTS
48.983444199999965,-123.07202529999999,None,None,ZERO_RESULTS
48.983444199999965,-123.07236759999999,None,None,ZERO_RESULTS
48.983444199999965,-123.07270989999999,None,None,ZERO_RESULTS
48.983444199999965,-123.07305219999999,None,None,ZERO_RESULTS
48.983444199999965,-123.07339449999999,None,None,ZERO_RESULTS
48.98371389999996,-123.0620986,None,None,ZERO_RESULTS
48.98371389999996,-123.0624409,None,None,ZERO_RESULTS
48.98371389999996,-123.0627832,None,None,ZERO_RESULTS
48.98371389999996,-123.0631255,None,None,ZERO_RESULTS
48.98371389999996,-123.0634678,None,None,ZERO_RESULTS
48.98371389999996,-123.0638101,None,None,ZERO_RESULTS
48.98371389999996,-123.0641524,None,None,ZERO_RESULTS
48.98371389999996,-123.0644947,None,None,ZERO_RESULTS
48.98371389999996,-123.064837,None,None,ZERO_RESULTS
48.98371389999996,-123.0651793,None,None,ZERO_RESULTS
48.98371389999996,-123.0655216,None,None,ZERO_RESULTS
48.98371389999996,-123.0658639,None,None,ZERO_RESULTS
48.98371389999996,-123.0662062,None,None,ZERO_RESULTS
48.98371389999996,-123.0665485,None,None,ZERO_RESULTS
48.98371389999996,-123.0668908,None,None,ZERO_RESULTS
48.98374104040498,-123.0679081713344,l2xhyJy9yr7IkWAMZYBpTg,2023-05,
48.98374104040498,-123.0679081713344,l2xhyJy9yr7IkWAMZYBpTg,2023-05,
48.98374104040498,-123.0679081713344,l2xhyJy9yr7IkWAMZYBpTg,2023-05,
48.98374104040498,-123.0679081713344,l2xhyJy9yr7IkWAMZYBpTg,2023-05,
48.98371389999996,-123.0686023,None,None,ZERO_RESULTS
48.98371389999996,-123.0689446,None,None,ZERO_RESULTS
48.98371389999996,-123.0692869,None,None,ZERO_RESULTS
48.98371389999996,-123.0696292,None,None,ZERO_RESULTS
48.98371389999996,-123.0699715,None,None,ZERO_RESULTS
48.98371389999996,-123.0703138,None,None,ZERO_RESULTS
48.98371389999996,-123.0706561,None,None,ZERO_RESULTS
48.98371389999996,-123.0709984,None,None,ZERO_RESULTS
48.98371389999996,-123.0713407,None,None,ZERO_RESULTS
48.98371389999996,-123.071683,None,None,ZERO_RESULTS
48.98371389999996,-123.07202529999999,None,None,ZERO_RESULTS
48.98371389999996,-123.07236759999999,None,None,ZERO_RESULTS
48.98371389999996,-123.07270989999999,None,None,ZERO_RESULTS
48.98371389999996,-123.07305219999999,None,None,ZERO_RESULTS
48.98371389999996,-123.07339449999999,None,None,ZERO_RESULTS
48.98398359999996,-123.0620986,None,None,ZERO_RESULTS
48.98398359999996,-123.0624409,None,None,ZERO_RESULTS
48.98398359999996,-123.0627832,None,None,ZERO_RESULTS
48.98398359999996,-123.0631255,None,None,ZERO_RESULTS
48.98398359999996,-123.0634678,None,None,ZERO_RESULTS
48.98398359999996,-123.0638101,None,None,ZERO_RESULTS
48.98398359999996,-123.0641524,None,None,ZERO_RESULTS
48.98398359999996,-123.0644947,None,None,ZERO_RESULTS
48.98398359999996,-123.064837,None,None,ZERO_RESULTS
48.98398359999996,-123.0651793,None,None,ZERO_RESULTS
48.98398359999996,-123.0655216,None,None,ZERO_RESULTS
48.98398359999996,-123.0658639,None,None,ZERO_RESULTS
48.98398359999996,-123.0662062,None,None,ZERO_RESULTS
48.98398359999996,-123.0665485,None,None,ZERO_RESULTS
48.98398359999996,-123.0668908,None,None,ZERO_RESULTS
48.98401199357431,-123.0679080891349,G71p1UfYSxDOsfBsW5wcVQ,2023-05,
48.98401199357431,-123.0679080891349,G71p1UfYSxDOsfBsW5wcVQ,2023-05,
48.98401199357431,-123.0679080891349,G71p1UfYSxDOsfBsW5wcVQ,2023-05,
48.98401199357431,-123.0679080891349,G71p1UfYSxDOsfBsW5wcVQ,2023-05,
48.98398359999996,-123.0686023,None,None,ZERO_RESULTS
48.98398359999996,-123.0689446,None,None,ZERO_RESULTS
48.98398359999996,-123.0692869,None,None,ZERO_RESULTS
48.98398359999996,-123.0696292,None,None,ZERO_RESULTS
48.98398359999996,-123.0699715,None,None,ZERO_RESULTS
48.98398359999996,-123.0703138,None,None,ZERO_RESULTS
48.98467380769448,-123.0707094144761,YunFonj6HSZWkUGDh_jJXQ,2023-05,
48.98467380769448,-123.0707094144761,YunFonj6HSZWkUGDh_jJXQ,2023-05,
48.98398359999996,-123.0713407,None,None,ZERO_RESULTS
48.98398359999996,-123.071683,None,None,ZERO_RESULTS
48.98398359999996,-123.07202529999999,None,None,ZERO_RESULTS
48.98398359999996,-123.07236759999999,None,None,ZERO_RESULTS
48.98398359999996,-123.07270989999999,None,None,ZERO_RESULTS
48.98398359999996,-123.07305219999999,None,None,ZERO_RESULTS
48.98398359999996,-123.07339449999999,None,None,ZERO_RESULTS
48.984253299999956,-123.0620986,None,None,ZERO_RESULTS
48.984253299999956,-123.0624409,None,None,ZERO_RESULTS
48.984253299999956,-123.0627832,None,None,ZERO_RESULTS
48.984253299999956,-123.0631255,None,None,ZERO_RESULTS
48.984253299999956,-123.0634678,None,None,ZERO_RESULTS
48.984253299999956,-123.0638101,None,None,ZERO_RESULTS
48.984253299999956,-123.0641524,None,None,ZERO_RESULTS
48.984253299999956,-123.0644947,None,None,ZERO_RESULTS
48.984253299999956,-123.064837,None,None,ZERO_RESULTS
48.984253299999956,-123.0651793,None,None,ZERO_RESULTS
48.984253299999956,-123.0655216,None,None,ZERO_RESULTS
48.984253299999956,-123.0658639,None,None,ZERO_RESULTS
48.984253299999956,-123.0662062,None,None,ZERO_RESULTS
48.984253299999956,-123.0665485,None,None,ZERO_RESULTS
48.98455599929326,-123.0679049046876,gqJS9cl2_RfvBTh9_5lsrw,2023-05,
48.98427745955635,-123.0679065646441,lyDjDbrbhokb93V_WB1bPw,2023-05,
48.98427745955635,-123.0679065646441,lyDjDbrbhokb93V_WB1bPw,2023-05,
48.98427745955635,-123.0679065646441,lyDjDbrbhokb93V_WB1bPw,2023-05,
48.98427745955635,-123.0679065646441,lyDjDbrbhokb93V_WB1bPw,2023-05,
48.98466161722531,-123.0685578857371,o6_y8FIHFl8j0cJmmp3rGA,2023-05,
48.98466619493626,-123.0690061338677,Hyu2v_Gs57JZV_Xl6aOSdA,2023-05,
48.9846686538163,-123.0692532784961,v-ZkxnHEtHqIf_sGNf6oGQ,2023-05,
48.98467296073057,-123.0696774691608,9j4dxlxGJBynaK7WU3ZCBA,2023-05,
48.98467404245159,-123.0699971204866,n_uLfeI9ZTKy0LQPi73Zmg,2023-05,
48.98467394180276,-123.070306252554,idcX-cqu_dwziTrboh8IjQ,2023-05,
48.98467380769448,-123.0707094144761,YunFonj6HSZWkUGDh_jJXQ,2023-05,
48.98467367036845,-123.0709817245533,w8ztGrwSmDIwQgExwb_wIw,2023-05,
48.98467348892283,-123.0713965316335,Oaark-I8fnmWwyLZTJm6_w,2023-05,
48.98467343015841,-123.0716771553854,T4TJGpTQ_5WyPzQg1-fzNg,2023-05,
48.98467327465547,-123.0719634285946,4H07gA_WCnci0HH-NDwKTw,2023-05,
48.98467256242978,-123.0723913755738,_cJGVmxz1mDzdqvjnCn9uQ,2023-05,
48.98467115191627,-123.0726652116276,__mBmzxMQCF5hYKsi-I6DQ,2023-05,
48.98466889681026,-123.073092047123,TDPLe9rxTIZZRFDUeSXE7w,2023-05,
48.98466733210319,-123.0733936487354,M-kCspN_xzQHmQfwEKhesA,2023-05,
48.98452299999995,-123.0620986,None,None,ZERO_RESULTS
48.98452299999995,-123.0624409,None,None,ZERO_RESULTS
48.98452299999995,-123.0627832,None,None,ZERO_RESULTS
48.98452299999995,-123.0631255,None,None,ZERO_RESULTS
48.98452299999995,-123.0634678,None,None,ZERO_RESULTS
48.98452299999995,-123.0638101,None,None,ZERO_RESULTS
48.98452299999995,-123.0641524,None,None,ZERO_RESULTS
48.98452299999995,-123.0644947,None,None,ZERO_RESULTS
48.98452299999995,-123.064837,None,None,ZERO_RESULTS
48.98452299999995,-123.0651793,None,None,ZERO_RESULTS
48.98452299999995,-123.0655216,None,None,ZERO_RESULTS
48.98452299999995,-123.0658639,None,None,ZERO_RESULTS
48.98452299999995,-123.0662062,None,None,ZERO_RESULTS
48.98455599929326,-123.0679049046876,gqJS9cl2_RfvBTh9_5lsrw,2023-05,
48.98455599929326,-123.0679049046876,gqJS9cl2_RfvBTh9_5lsrw,2023-05,
48.98455599929326,-123.0679049046876,gqJS9cl2_RfvBTh9_5lsrw,2023-05,
48.98455599929326,-123.0679049046876,gqJS9cl2_RfvBTh9_5lsrw,2023-05,
48.98455599929326,-123.0679049046876,gqJS9cl2_RfvBTh9_5lsrw,2023-05,
48.98465892772771,-123.0682897737179,xtaCFvCz0aVtKcebgyBNdw,2023-05,
48.98466161722531,-123.0685578857371,o6_y8FIHFl8j0cJmmp3rGA,2023-05,
48.98466619493626,-123.0690061338677,Hyu2v_Gs57JZV_Xl6aOSdA,2023-05,
48.9846686538163,-123.0692532784961,v-ZkxnHEtHqIf_sGNf6oGQ,2023-05,
48.98467296073057,-123.0696774691608,9j4dxlxGJBynaK7WU3ZCBA,2023-05,
48.98467404245159,-123.0699971204866,n_uLfeI9ZTKy0LQPi73Zmg,2023-05,
48.98467394180276,-123.070306252554,idcX-cqu_dwziTrboh8IjQ,2023-05,
48.98467380769448,-123.0707094144761,YunFonj6HSZWkUGDh_jJXQ,2023-05,
48.98467367036845,-123.0709817245533,w8ztGrwSmDIwQgExwb_wIw,2023-05,
48.98467348892283,-123.0713965316335,Oaark-I8fnmWwyLZTJm6_w,2023-05,
48.98467343015841,-123.0716771553854,T4TJGpTQ_5WyPzQg1-fzNg,2023-05,
48.98467327465547,-123.0719634285946,4H07gA_WCnci0HH-NDwKTw,2023-05,
48.98467256242978,-123.0723913755738,_cJGVmxz1mDzdqvjnCn9uQ,2023-05,
48.98467115191627,-123.0726652116276,__mBmzxMQCF5hYKsi-I6DQ,2023-05,
48.98466889681026,-123.073092047123,TDPLe9rxTIZZRFDUeSXE7w,2023-05,
48.98466733210319,-123.0733936487354,M-kCspN_xzQHmQfwEKhesA,2023-05,
48.98479269999995,-123.0620986,None,None,ZERO_RESULTS
48.98479269999995,-123.0624409,None,None,ZERO_RESULTS
48.98479269999995,-123.0627832,None,None,ZERO_RESULTS
48.98479269999995,-123.0631255,None,None,ZERO_RESULTS
48.98479269999995,-123.0634678,None,None,ZERO_RESULTS
48.98479269999995,-123.0638101,None,None,ZERO_RESULTS
48.98479269999995,-123.0641524,None,None,ZERO_RESULTS
48.98479269999995,-123.0644947,None,None,ZERO_RESULTS
48.98479269999995,-123.064837,None,None,ZERO_RESULTS
48.98479269999995,-123.0651793,None,None,ZERO_RESULTS
48.98479269999995,-123.0655216,None,None,ZERO_RESULTS
48.98479269999995,-123.0658639,None,None,ZERO_RESULTS
48.98479269999995,-123.0662062,None,None,ZERO_RESULTS
48.98479269999995,-123.0665485,None,None,ZERO_RESULTS
48.98455599929326,-123.0679049046876,gqJS9cl2_RfvBTh9_5lsrw,2023-05,
48.98477012289666,-123.0679060754796,t4S50YAMS3jrR-cTG4Wh-Q,2023-05,
48.98477012289666,-123.0679060754796,t4S50YAMS3jrR-cTG4Wh-Q,2023-05,
48.98477012289666,-123.0679060754796,t4S50YAMS3jrR-cTG4Wh-Q,2023-05,
48.98465892772771,-123.0682897737179,xtaCFvCz0aVtKcebgyBNdw,2023-05,
48.98466161722531,-123.0685578857371,o6_y8FIHFl8j0cJmmp3rGA,2023-05,
48.98466619493626,-123.0690061338677,Hyu2v_Gs57JZV_Xl6aOSdA,2023-05,
48.9846686538163,-123.0692532784961,v-ZkxnHEtHqIf_sGNf6oGQ,2023-05,
48.98482224220466,-123.0697906425747,4VGca1duDpV6_M14ea5Pzg,2023-05,
48.98467404245159,-123.0699971204866,n_uLfeI9ZTKy0LQPi73Zmg,2023-05,
48.98467394180276,-123.070306252554,idcX-cqu_dwziTrboh8IjQ,2023-05,
48.98467380769448,-123.0707094144761,YunFonj6HSZWkUGDh_jJXQ,2023-05,
48.98467367036845,-123.0709817245533,w8ztGrwSmDIwQgExwb_wIw,2023-05,
48.98467348892283,-123.0713965316335,Oaark-I8fnmWwyLZTJm6_w,2023-05,
48.98467343015841,-123.0716771553854,T4TJGpTQ_5WyPzQg1-fzNg,2023-05,
48.98467327465547,-123.0719634285946,4H07gA_WCnci0HH-NDwKTw,2023-05,
48.98467256242978,-123.0723913755738,_cJGVmxz1mDzdqvjnCn9uQ,2023-05,
48.98467115191627,-123.0726652116276,__mBmzxMQCF5hYKsi-I6DQ,2023-05,
48.98466889681026,-123.073092047123,TDPLe9rxTIZZRFDUeSXE7w,2023-05,
48.98480797833474,-123.0734573395493,hN2kxI9eRyqKxN598H7qbg,2023-05,
48.98506239999995,-123.0620986,None,None,ZERO_RESULTS
48.98506239999995,-123.0624409,None,None,ZERO_RESULTS
48.98506239999995,-123.0627832,None,None,ZERO_RESULTS
48.98506239999995,-123.0631255,None,None,ZERO_RESULTS
48.98506239999995,-123.0634678,None,None,ZERO_RESULTS
48.98506239999995,-123.0638101,None,None,ZERO_RESULTS
48.98506239999995,-123.0641524,None,None,ZERO_RESULTS
48.98506239999995,-123.0644947,None,None,ZERO_RESULTS
48.98506239999995,-123.064837,None,None,ZERO_RESULTS
48.98506239999995,-123.0651793,None,None,ZERO_RESULTS
48.98506239999995,-123.0655216,None,None,ZERO_RESULTS
48.98506239999995,-123.0658639,None,None,ZERO_RESULTS
48.98506239999995,-123.0662062,None,None,ZERO_RESULTS
48.98506239999995,-123.0665485,None,None,ZERO_RESULTS
48.98515651582431,-123.067912191344,-dKgmdwO64z2xBq5S1ZayQ,2023-05,
48.98506165192303,-123.0679107016656,cr4bDNzc3aQJ8bMjsCU86Q,2023-05,
48.98506165192303,-123.0679107016656,cr4bDNzc3aQJ8bMjsCU86Q,2023-05,
48.98506165192303,-123.0679107016656,cr4bDNzc3aQJ8bMjsCU86Q,2023-05,
48.98506165192303,-123.0679107016656,cr4bDNzc3aQJ8bMjsCU86Q,2023-05,
48.98466161722531,-123.0685578857371,o6_y8FIHFl8j0cJmmp3rGA,2023-05,
48.98466619493626,-123.0690061338677,Hyu2v_Gs57JZV_Xl6aOSdA,2023-05,
48.9850066181546,-123.0697917613484,MZlBwcZkGSOI2Tqhz9o18w,2023-05,
48.9850066181546,-123.0697917613484,MZlBwcZkGSOI2Tqhz9o18w,2023-05,
48.98515896381256,-123.0699144354942,xC9D1TZXxETQXcwV8F-C5A,2023-05,
48.98519194982097,-123.0701886609596,yVJl2oAXcAUEsYMIiANePg,2023-05,
48.98525918780211,-123.0704524591187,XKZtE_lHBAcDmNJ9W0UR-w,2023-05,
48.98531391684948,-123.0705642466914,3Bh1DNM54eaIRxsCe3PnUQ,2023-05,
48.98467348892283,-123.0713965316335,Oaark-I8fnmWwyLZTJm6_w,2023-05,
48.98467343015841,-123.0716771553854,T4TJGpTQ_5WyPzQg1-fzNg,2023-05,
48.98467327465547,-123.0719634285946,4H07gA_WCnci0HH-NDwKTw,2023-05,
48.98467256242978,-123.0723913755738,_cJGVmxz1mDzdqvjnCn9uQ,2023-05,
48.98467115191627,-123.0726652116276,__mBmzxMQCF5hYKsi-I6DQ,2023-05,
48.98510170919257,-123.0734551750378,gefRsHxrnSU52bgURuznfQ,2023-05,
48.98510170919257,-123.0734551750378,gefRsHxrnSU52bgURuznfQ,2023-05,
48.985332099999944,-123.0620986,None,None,ZERO_RESULTS
48.985332099999944,-123.0624409,None,None,ZERO_RESULTS
48.985332099999944,-123.0627832,None,None,ZERO_RESULTS
48.985332099999944,-123.0631255,None,None,ZERO_RESULTS
48.985332099999944,-123.0634678,None,None,ZERO_RESULTS
48.985332099999944,-123.0638101,None,None,ZERO_RESULTS
48.985332099999944,-123.0641524,None,None,ZERO_RESULTS
48.985332099999944,-123.0644947,None,None,ZERO_RESULTS
48.985332099999944,-123.064837,None,None,ZERO_RESULTS
48.985332099999944,-123.0651793,None,None,ZERO_RESULTS
48.985332099999944,-123.0655216,None,None,ZERO_RESULTS
48.985332099999944,-123.0658639,None,None,ZERO_RESULTS
48.985332099999944,-123.0662062,None,None,ZERO_RESULTS
48.985332099999944,-123.0665485,None,None,ZERO_RESULTS
48.98552987716651,-123.0678969131274,ZiDd2HM2pL6pYeuB-FiSEA,2023-05,
48.98534619175768,-123.0679147978722,moTMWyDno8Vt0NTHyQg8hQ,2023-05,
48.98534619175768,-123.0679147978722,moTMWyDno8Vt0NTHyQg8hQ,2023-05,
48.98534619175768,-123.0679147978722,moTMWyDno8Vt0NTHyQg8hQ,2023-05,
48.98534619175768,-123.0679147978722,moTMWyDno8Vt0NTHyQg8hQ,2023-05,
48.985332099999944,-123.0686023,None,None,ZERO_RESULTS
48.985332099999944,-123.0689446,None,None,ZERO_RESULTS
48.98509303552793,-123.0698143669394,32bHPFjpkX2VkyGzK4bTJA,2023-05,
48.98515896381256,-123.0699144354942,xC9D1TZXxETQXcwV8F-C5A,2023-05,
48.98518081648581,-123.0700503133447,37R9BmGpA9_00RefpI0umQ,2023-05,
48.98525918780211,-123.0704524591187,XKZtE_lHBAcDmNJ9W0UR-w,2023-05,
48.98537874634134,-123.0706698640785,f17qw_gfthnipYGV85E-cg,2023-05,
48.98544747549627,-123.0707775705571,n1sESZQEPOwFbha42vPZ3g,2023-05,
48.98558255113722,-123.0709760215462,gUfCvxWYQOPSZmz44omsXA,2023-05,
48.98558255113722,-123.0709760215462,gUfCvxWYQOPSZmz44omsXA,2023-05,
48.98467327465547,-123.0719634285946,4H07gA_WCnci0HH-NDwKTw,2023-05,
48.98467327465547,-123.0719634285946,4H07gA_WCnci0HH-NDwKTw,2023-05,
48.98510170919257,-123.0734551750378,gefRsHxrnSU52bgURuznfQ,2023-05,
48.98532943005321,-123.0734532812748,-sm4h_Ls6dhtPQcewdMP3w,2023-05,
48.98532943005321,-123.0734532812748,-sm4h_Ls6dhtPQcewdMP3w,2023-05,
48.98560179999994,-123.0620986,None,None,ZERO_RESULTS
48.98560179999994,-123.0624409,None,None,ZERO_RESULTS
48.98560179999994,-123.0627832,None,None,ZERO_RESULTS
48.98560179999994,-123.0631255,None,None,ZERO_RESULTS
48.98560179999994,-123.0634678,None,None,ZERO_RESULTS
48.98560179999994,-123.0638101,None,None,ZERO_RESULTS
48.98560179999994,-123.0641524,None,None,ZERO_RESULTS
48.98560179999994,-123.0644947,None,None,ZERO_RESULTS
48.98560179999994,-123.064837,None,None,ZERO_RESULTS
48.98560179999994,-123.0651793,None,None,ZERO_RESULTS
48.98560179999994,-123.0655216,None,None,ZERO_RESULTS
48.98560179999994,-123.0658639,None,None,ZERO_RESULTS
48.98560179999994,-123.0662062,None,None,ZERO_RESULTS
48.98560179999994,-123.0665485,None,None,ZERO_RESULTS
48.98560179999994,-123.0668908,None,None,ZERO_RESULTS
48.98562242853838,-123.0678879143812,hkzFukHJY4VmsQuV9Jo-TQ,2023-05,
48.98562242853838,-123.0678879143812,hkzFukHJY4VmsQuV9Jo-TQ,2023-05,
48.98562242853838,-123.0678879143812,hkzFukHJY4VmsQuV9Jo-TQ,2023-05,
48.98562242853838,-123.0678879143812,hkzFukHJY4VmsQuV9Jo-TQ,2023-05,
48.98560179999994,-123.0686023,None,None,ZERO_RESULTS
48.98560179999994,-123.0689446,None,None,ZERO_RESULTS
48.98515896381256,-123.0699144354942,xC9D1TZXxETQXcwV8F-C5A,2023-05,
48.98515896381256,-123.0699144354942,xC9D1TZXxETQXcwV8F-C5A,2023-05,
48.98518081648581,-123.0700503133447,37R9BmGpA9_00RefpI0umQ,2023-05,
48.98537874634134,-123.0706698640785,f17qw_gfthnipYGV85E-cg,2023-05,
48.98551638567042,-123.0708788285185,dblIpv96z5ojCKG3x5gSDQ,2023-05,
48.98558255113722,-123.0709760215462,gUfCvxWYQOPSZmz44omsXA,2023-05,
48.98570996852043,-123.0711786891838,u-QwYMhtakhMUIWyfgaEyQ,2023-05,
48.98583499935486,-123.0713801957443,_1JEgOGhFPj-svjmqOx-aA,2023-05,
48.98599441397852,-123.0719827124515,67bMNL4ORzOXTwXIJ5cQ6w,2023-05,
48.98600010219491,-123.0724031326939,nLo9rITy9QRBFsSUJvrCVg,2023-05,
48.98600310739345,-123.0726774656854,tBcdEPkj28V7Ckkn-x5VYA,2023-05,
48.98560519873372,-123.0734498312701,ssrwRmkuRr8N5nfMQoFs8Q,2023-05,
48.98560519873372,-123.0734498312701,ssrwRmkuRr8N5nfMQoFs8Q,2023-05,
48.98587149999994,-123.0620986,None,None,ZERO_RESULTS
48.98587149999994,-123.0624409,None,None,ZERO_RESULTS
48.98587149999994,-123.0627832,None,None,ZERO_RESULTS
48.98587149999994,-123.0631255,None,None,ZERO_RESULTS
48.98587149999994,-123.0634678,None,None,ZERO_RESULTS
48.98587149999994,-123.0638101,None,None,ZERO_RESULTS
48.98587149999994,-123.0641524,None,None,ZERO_RESULTS
48.98587149999994,-123.0644947,None,None,ZERO_RESULTS
48.98587149999994,-123.064837,None,None,ZERO_RESULTS
48.98587149999994,-123.0651793,None,None,ZERO_RESULTS
48.98587149999994,-123.0655216,None,None,ZERO_RESULTS
48.98587149999994,-123.0658639,None,None,ZERO_RESULTS
48.98587149999994,-123.0662062,None,None,ZERO_RESULTS
48.98587149999994,-123.0665485,None,None,ZERO_RESULTS
48.98587149999994,-123.0668908,None,None,ZERO_RESULTS
48.98589870115893,-123.0678609236818,QKxw74VPodYNL5eEtgb1wA,2023-05,
48.98589870115893,-123.0678609236818,QKxw74VPodYNL5eEtgb1wA,2023-05,
48.98589870115893,-123.0678609236818,QKxw74VPodYNL5eEtgb1wA,2023-05,
48.98589870115893,-123.0678609236818,QKxw74VPodYNL5eEtgb1wA,2023-05,
48.98587149999994,-123.0686023,None,None,ZERO_RESULTS
48.98587149999994,-123.0689446,None,None,ZERO_RESULTS
48.98587149999994,-123.0692869,None,None,ZERO_RESULTS
48.98587149999994,-123.0696292,None,None,ZERO_RESULTS
48.98544747549627,-123.0707775705571,n1sESZQEPOwFbha42vPZ3g,2023-05,
48.98551638567042,-123.0708788285185,dblIpv96z5ojCKG3x5gSDQ,2023-05,
48.98564740592519,-123.0710751388478,qsRrwe2hyaS__7PDoe7A1g,2023-05,
48.98570996852043,-123.0711786891838,u-QwYMhtakhMUIWyfgaEyQ,2023-05,
48.98583499935486,-123.0713801957443,_1JEgOGhFPj-svjmqOx-aA,2023-05,
48.9859524691277,-123.0715813353825,uMghZ9zqSKPAydfxhDvUpw,2023-05,
48.98599441397852,-123.0719827124515,67bMNL4ORzOXTwXIJ5cQ6w,2023-05,
48.98600010219491,-123.0724031326939,nLo9rITy9QRBFsSUJvrCVg,2023-05,
48.98600310739345,-123.0726774656854,tBcdEPkj28V7Ckkn-x5VYA,2023-05,
48.98600357587517,-123.0730744604671,tnYilwQWGCW1pGydCrkNUw,2023-05,
48.98588976771113,-123.0734485299365,4AeBnxpKgSgzKXsUKlvj6g,2023-05,
48.986141199999935,-123.0620986,None,None,ZERO_RESULTS
48.986141199999935,-123.0624409,None,None,ZERO_RESULTS
48.986141199999935,-123.0627832,None,None,ZERO_RESULTS
48.986141199999935,-123.0631255,None,None,ZERO_RESULTS
48.9882970726312,-123.0637369477283,G2b8MkLMq_w5oowX7oWiUQ,2023-05,
48.9882970726312,-123.0637369477283,G2b8MkLMq_w5oowX7oWiUQ,2023-05,
48.9882970726312,-123.0637369477283,G2b8MkLMq_w5oowX7oWiUQ,2023-05,
48.986141199999935,-123.0644947,None,None,ZERO_RESULTS
48.986141199999935,-123.064837,None,None,ZERO_RESULTS
48.986141199999935,-123.0651793,None,None,ZERO_RESULTS
48.986141199999935,-123.0655216,None,None,ZERO_RESULTS
48.986141199999935,-123.0658639,None,None,ZERO_RESULTS
48.986141199999935,-123.0662062,None,None,ZERO_RESULTS
48.986141199999935,-123.0665485,None,None,ZERO_RESULTS
48.986141199999935,-123.0668908,None,None,ZERO_RESULTS
48.9861749889554,-123.0678435247831,m55___JRbZtSo9PxGplnvQ,2023-05,
48.9861749889554,-123.0678435247831,m55___JRbZtSo9PxGplnvQ,2023-05,
48.9861749889554,-123.0678435247831,m55___JRbZtSo9PxGplnvQ,2023-05,
48.9861749889554,-123.0678435247831,m55___JRbZtSo9PxGplnvQ,2023-05,
48.986141199999935,-123.0686023,None,None,ZERO_RESULTS
48.986141199999935,-123.0689446,None,None,ZERO_RESULTS
48.986141199999935,-123.0692869,None,None,ZERO_RESULTS
48.986141199999935,-123.0696292,None,None,ZERO_RESULTS
48.98634426770796,-123.0703860275066,8kpYeYQxmNDGsTmgknVc-A,2023-05,
48.98634426770796,-123.0703860275066,8kpYeYQxmNDGsTmgknVc-A,2023-05,
48.98634426770796,-123.0703860275066,8kpYeYQxmNDGsTmgknVc-A,2023-05,
48.98583499935486,-123.0713801957443,_1JEgOGhFPj-svjmqOx-aA,2023-05,
48.9859524691277,-123.0715813353825,uMghZ9zqSKPAydfxhDvUpw,2023-05,
48.98598844511706,-123.0716974945857,yeKsrDKPab70zbyu8AG2uw,2023-05,
48.98599441397852,-123.0719827124515,67bMNL4ORzOXTwXIJ5cQ6w,2023-05,
48.98600010219491,-123.0724031326939,nLo9rITy9QRBFsSUJvrCVg,2023-05,
48.98600310739345,-123.0726774656854,tBcdEPkj28V7Ckkn-x5VYA,2023-05,
48.98600357587517,-123.0730744604671,tnYilwQWGCW1pGydCrkNUw,2023-05,
48.98612903783722,-123.0734482937549,UEs9ed7o9ypUuRhEQcjcHg,2023-05,
48.98641089999993,-123.0620986,None,None,ZERO_RESULTS
48.98641089999993,-123.0624409,None,None,ZERO_RESULTS
48.98641089999993,-123.0627832,None,None,ZERO_RESULTS
48.9882970726312,-123.0637369477283,G2b8MkLMq_w5oowX7oWiUQ,2023-05,
48.9882970726312,-123.0637369477283,G2b8MkLMq_w5oowX7oWiUQ,2023-05,
48.9882970726312,-123.0637369477283,G2b8MkLMq_w5oowX7oWiUQ,2023-05,
48.9882970726312,-123.0637369477283,G2b8MkLMq_w5oowX7oWiUQ,2023-05,
48.98641089999993,-123.0644947,None,None,ZERO_RESULTS
48.98641089999993,-123.064837,None,None,ZERO_RESULTS
48.98641089999993,-123.0651793,None,None,ZERO_RESULTS
48.98641089999993,-123.0655216,None,None,ZERO_RESULTS
48.9866327068581,-123.0678406769834,i3zHUky2_dlJKwBCqz-gFA,2023-05,
48.9866327068581,-123.0678406769834,i3zHUky2_dlJKwBCqz-gFA,2023-05,
48.9866327068581,-123.0678406769834,i3zHUky2_dlJKwBCqz-gFA,2023-05,
48.9866327068581,-123.0678406769834,i3zHUky2_dlJKwBCqz-gFA,2023-05,
48.98645115370886,-123.0678417670083,dHhqI4UExeGqTDgZCsL6bA,2023-05,
48.98645115370886,-123.0678417670083,dHhqI4UExeGqTDgZCsL6bA,2023-05,
48.98645115370886,-123.0678417670083,dHhqI4UExeGqTDgZCsL6bA,2023-05,
48.98645115370886,-123.0678417670083,dHhqI4UExeGqTDgZCsL6bA,2023-05,
48.98641089999993,-123.0686023,None,None,ZERO_RESULTS
48.98641089999993,-123.0689446,None,None,ZERO_RESULTS
48.98641089999993,-123.0692869,None,None,ZERO_RESULTS
48.98641089999993,-123.0696292,None,None,ZERO_RESULTS
48.98634426770796,-123.0703860275066,8kpYeYQxmNDGsTmgknVc-A,2023-05,
48.98634426770796,-123.0703860275066,8kpYeYQxmNDGsTmgknVc-A,2023-05,
48.98645111442932,-123.0704341296093,mzCSPxLuVGG_SVYckHZYyA,2023-05,
48.98645111442932,-123.0704341296093,mzCSPxLuVGG_SVYckHZYyA,2023-05,
48.9868013404984,-123.0713360502559,dgXD4DBb-QFQKGlfMqGXZw,2023-05,
48.98680138492985,-123.0716163683067,iTOGrBQuLBBeDiPm-z9k4g,2023-05,
48.98680150669963,-123.0720404163945,yLla-_zN_1xQXmpygf4o8Q,2023-05,
48.98680159449434,-123.0723224671315,8DKuSiuNRDkSbI2fYcnk4A,2023-05,
48.98680171230826,-123.0727398282954,4uavLFiKp5Q7gbY3nZZ6IA,2023-05,
48.98639398941702,-123.0734486981311,JGjZ28Cxxs3bRVJ4XYJ9Pg,2023-05,
48.98639398941702,-123.0734486981311,JGjZ28Cxxs3bRVJ4XYJ9Pg,2023-05,
48.98668059999993,-123.0620986,None,None,ZERO_RESULTS
48.98668059999993,-123.0624409,None,None,ZERO_RESULTS
48.98668059999993,-123.0627832,None,None,ZERO_RESULTS
48.9882970726312,-123.0637369477283,G2b8MkLMq_w5oowX7oWiUQ,2023-05,
48.9882970726312,-123.0637369477283,G2b8MkLMq_w5oowX7oWiUQ,2023-05,
48.9882970726312,-123.0637369477283,G2b8MkLMq_w5oowX7oWiUQ,2023-05,
48.9882970726312,-123.0637369477283,G2b8MkLMq_w5oowX7oWiUQ,2023-05,
48.98668059999993,-123.0644947,None,None,ZERO_RESULTS
48.98668059999993,-123.064837,None,None,ZERO_RESULTS
48.98668059999993,-123.0651793,None,None,ZERO_RESULTS
48.98668059999993,-123.0655216,None,None,ZERO_RESULTS
48.9866327068581,-123.0678406769834,i3zHUky2_dlJKwBCqz-gFA,2023-05,
48.9866327068581,-123.0678406769834,i3zHUky2_dlJKwBCqz-gFA,2023-05,
48.9866327068581,-123.0678406769834,i3zHUky2_dlJKwBCqz-gFA,2023-05,
48.9866327068581,-123.0678406769834,i3zHUky2_dlJKwBCqz-gFA,2023-05,
48.98672367367965,-123.0678400778498,B97pKDLQ8iN-wLvZH3B7Ng,2023-05,
48.98672367367965,-123.0678400778498,B97pKDLQ8iN-wLvZH3B7Ng,2023-05,
48.98672367367965,-123.0678400778498,B97pKDLQ8iN-wLvZH3B7Ng,2023-05,
48.98672367367965,-123.0678400778498,B97pKDLQ8iN-wLvZH3B7Ng,2023-05,
48.98668059999993,-123.0686023,None,None,ZERO_RESULTS
48.98668059999993,-123.0689446,None,None,ZERO_RESULTS
48.98668059999993,-123.0692869,None,None,ZERO_RESULTS
48.98668059999993,-123.0696292,None,None,ZERO_RESULTS
48.98663661583307,-123.0704759345946,yAUUt25K87Yl9J12ijeVAQ,2023-05,
48.98663661583307,-123.0704759345946,yAUUt25K87Yl9J12ijeVAQ,2023-05,
48.98671955695296,-123.0705318111795,PQIMuTcTZSM_GmsjS9iDWQ,2023-05,
48.98680124876707,-123.0710596230832,jgrNF-7haAeD4ZevhnFILg,2023-05,
48.9868013404984,-123.0713360502559,dgXD4DBb-QFQKGlfMqGXZw,2023-05,
48.98680138492985,-123.0716163683067,iTOGrBQuLBBeDiPm-z9k4g,2023-05,
48.98680150669963,-123.0720404163945,yLla-_zN_1xQXmpygf4o8Q,2023-05,
48.98680159449434,-123.0723224671315,8DKuSiuNRDkSbI2fYcnk4A,2023-05,
48.98680171230826,-123.0727398282954,4uavLFiKp5Q7gbY3nZZ6IA,2023-05,
48.9868017962231,-123.0730018151665,7P1AcJIwwK6DP1omnQ5Fbw,2023-05,
48.98666679654389,-123.0734490967941,R6Nvb-Dc-7Pem--5cakRaw,2023-05,
48.986950299999926,-123.0620986,None,None,ZERO_RESULTS
48.986950299999926,-123.0624409,None,None,ZERO_RESULTS
48.986950299999926,-123.0627832,None,None,ZERO_RESULTS
48.986950299999926,-123.0631255,None,None,ZERO_RESULTS
48.986950299999926,-123.0634678,None,None,ZERO_RESULTS
48.986950299999926,-123.0638101,None,None,ZERO_RESULTS
48.986950299999926,-123.0641524,None,None,ZERO_RESULTS
48.986950299999926,-123.0644947,None,None,ZERO_RESULTS
48.986950299999926,-123.064837,None,None,ZERO_RESULTS
48.986950299999926,-123.0651793,None,None,ZERO_RESULTS
48.986950299999926,-123.0655216,None,None,ZERO_RESULTS
48.986950299999926,-123.0658639,None,None,ZERO_RESULTS
48.9866327068581,-123.0678406769834,i3zHUky2_dlJKwBCqz-gFA,2023-05,
48.9866327068581,-123.0678406769834,i3zHUky2_dlJKwBCqz-gFA,2023-05,
48.986950299999926,-123.0668908,None,None,ZERO_RESULTS
48.9869068346683,-123.0678388210368,I3lbmNwCeSEx9FhXm81Rdg,2023-05,
48.9869068346683,-123.0678388210368,I3lbmNwCeSEx9FhXm81Rdg,2023-05,
48.9869068346683,-123.0678388210368,I3lbmNwCeSEx9FhXm81Rdg,2023-05,
48.9869068346683,-123.0678388210368,I3lbmNwCeSEx9FhXm81Rdg,2023-05,
48.986950299999926,-123.0686023,None,None,ZERO_RESULTS
48.986950299999926,-123.0689446,None,None,ZERO_RESULTS
48.986950299999926,-123.0692869,None,None,ZERO_RESULTS
48.986950299999926,-123.0696292,None,None,ZERO_RESULTS
48.98671955695296,-123.0705318111795,PQIMuTcTZSM_GmsjS9iDWQ,2023-05,
48.986958505254,-123.0706875193657,8EBUQf6E2TsLkvkFDbo3qQ,2023-05,
48.986958505254,-123.0706875193657,8EBUQf6E2TsLkvkFDbo3qQ,2023-05,
48.98680124876707,-123.0710596230832,jgrNF-7haAeD4ZevhnFILg,2023-05,
48.9868013404984,-123.0713360502559,dgXD4DBb-QFQKGlfMqGXZw,2023-05,
48.98680138492985,-123.0716163683067,iTOGrBQuLBBeDiPm-z9k4g,2023-05,
48.98680150669963,-123.0720404163945,yLla-_zN_1xQXmpygf4o8Q,2023-05,
48.98680159449434,-123.0723224671315,8DKuSiuNRDkSbI2fYcnk4A,2023-05,
48.98680171230826,-123.0727398282954,4uavLFiKp5Q7gbY3nZZ6IA,2023-05,
48.9868017962231,-123.0730018151665,7P1AcJIwwK6DP1omnQ5Fbw,2023-05,
48.98698902886711,-123.0734492923692,VCdXTd3wMBuWta7ssFlZMw,2023-05,
48.98721999999992,-123.0620986,None,None,ZERO_RESULTS
48.98721999999992,-123.0624409,None,None,ZERO_RESULTS
48.98721999999992,-123.0627832,None,None,ZERO_RESULTS
48.98721999999992,-123.0631255,None,None,ZERO_RESULTS
48.98721999999992,-123.0634678,None,None,ZERO_RESULTS
48.98721999999992,-123.0638101,None,None,ZERO_RESULTS
48.98721999999992,-123.0641524,None,None,ZERO_RESULTS
48.98721999999992,-123.0644947,None,None,ZERO_RESULTS
48.98721999999992,-123.064837,None,None,ZERO_RESULTS
48.98721999999992,-123.0651793,None,None,ZERO_RESULTS
48.98721999999992,-123.0655216,None,None,ZERO_RESULTS
48.98721999999992,-123.0658639,None,None,ZERO_RESULTS
48.98721999999992,-123.0662062,None,None,ZERO_RESULTS
48.98721999999992,-123.0665485,None,None,ZERO_RESULTS
48.98721999999992,-123.0668908,None,None,ZERO_RESULTS
48.98718053089296,-123.0678423226376,NMoPIF6hy20zmq8S7cVGOg,2023-05,
48.98718053089296,-123.0678423226376,NMoPIF6hy20zmq8S7cVGOg,2023-05,
48.98718053089296,-123.0678423226376,NMoPIF6hy20zmq8S7cVGOg,2023-05,
48.98727195513675,-123.0678467309505,BL5uFbRkkISrgvU9Obf9Ow,2023-05,
48.98721999999992,-123.0686023,None,None,ZERO_RESULTS
48.98721999999992,-123.0689446,None,None,ZERO_RESULTS
48.98721999999992,-123.0692869,None,None,ZERO_RESULTS
48.98721999999992,-123.0696292,None,None,ZERO_RESULTS
48.98721999999992,-123.0699715,None,None,ZERO_RESULTS
48.98722340586749,-123.0706977116688,Oh1ENkJbs2KXWTuBowyrwQ,2023-05,
48.98722340586749,-123.0706977116688,Oh1ENkJbs2KXWTuBowyrwQ,2023-05,
48.98722340586749,-123.0706977116688,Oh1ENkJbs2KXWTuBowyrwQ,2023-05,
48.98756057961534,-123.0713586068977,S7nlLspZUQoswXLCPl0mQw,2023-05,
48.98756083268852,-123.0716337331846,fFnZuE4fvIV41eUd2XuxqQ,2023-05,
48.98756122809343,-123.0720558694525,h96TBNsSVhmzN2MfwlsSOQ,2023-05,
48.98756153048292,-123.0723369919058,X0C0-2mqvvVcIrzJpfDWsg,2023-05,
48.98756420570954,-123.0727606122911,7MB8J1AU66JTxKEga8eNYA,2023-05,
48.98717627053735,-123.0734493227677,wWc_k2425fry3M0VSiQrVA,2023-05,
48.98717627053735,-123.0734493227677,wWc_k2425fry3M0VSiQrVA,2023-05,
48.98748969999992,-123.0620986,None,None,ZERO_RESULTS
48.98748969999992,-123.0624409,None,None,ZERO_RESULTS
48.98748969999992,-123.0627832,None,None,ZERO_RESULTS
48.98748969999992,-123.0631255,None,None,ZERO_RESULTS
48.98748969999992,-123.0634678,None,None,ZERO_RESULTS
48.98748969999992,-123.0638101,None,None,ZERO_RESULTS
48.98748969999992,-123.0641524,None,None,ZERO_RESULTS
48.98748969999992,-123.0644947,None,None,ZERO_RESULTS
48.98748969999992,-123.064837,None,None,ZERO_RESULTS
48.98748969999992,-123.0651793,None,None,ZERO_RESULTS
48.98748969999992,-123.0655216,None,None,ZERO_RESULTS
48.98748969999992,-123.0658639,None,None,ZERO_RESULTS
48.98748969999992,-123.0662062,None,None,ZERO_RESULTS
48.98748969999992,-123.0665485,None,None,ZERO_RESULTS
48.98748969999992,-123.0668908,None,None,ZERO_RESULTS
48.98745520996702,-123.0678433152543,jdMp_OAt69VbAA4YrTzQ0g,2023-05,
48.98745520996702,-123.0678433152543,jdMp_OAt69VbAA4YrTzQ0g,2023-05,
48.98745520996702,-123.0678433152543,jdMp_OAt69VbAA4YrTzQ0g,2023-05,
48.98745520996702,-123.0678433152543,jdMp_OAt69VbAA4YrTzQ0g,2023-05,
48.98748969999992,-123.0686023,None,None,ZERO_RESULTS
48.98748969999992,-123.0689446,None,None,ZERO_RESULTS
48.98748969999992,-123.0692869,None,None,ZERO_RESULTS
48.98748969999992,-123.0696292,None,None,ZERO_RESULTS
48.98748969999992,-123.0699715,None,None,ZERO_RESULTS
48.98741738147673,-123.0707052156522,cx3WEmCP9lXimSKbmZ8h6Q,2023-05,
48.98749240730279,-123.0707353328577,ORPFhGp2knQsoNfVM0elTw,2023-05,
48.98756015155823,-123.0709587752986,p-YMr2IJ0uFfZmxx2DIZeA,2023-05,
48.98756057961534,-123.0713586068977,S7nlLspZUQoswXLCPl0mQw,2023-05,
48.98756083268852,-123.0716337331846,fFnZuE4fvIV41eUd2XuxqQ,2023-05,
48.98756122809343,-123.0720558694525,h96TBNsSVhmzN2MfwlsSOQ,2023-05,
48.98756153048292,-123.0723369919058,X0C0-2mqvvVcIrzJpfDWsg,2023-05,
48.98756420570954,-123.0727606122911,7MB8J1AU66JTxKEga8eNYA,2023-05,
48.98756672513659,-123.0730533178972,MT9fSyKVN2DVI8L3vsvN0g,2023-05,
48.98747105425615,-123.0734492844354,yncu17eifgDp9rnlPLLcCw,2023-05,
48.987759399999916,-123.0620986,None,None,ZERO_RESULTS
48.987759399999916,-123.0624409,None,None,ZERO_RESULTS
48.98829661795728,-123.0629002307388,nceouIgkd-0nCvzL9tqKCA,2023-05,
48.98829661795728,-123.0629002307388,nceouIgkd-0nCvzL9tqKCA,2023-05,
48.987759399999916,-123.0634678,None,None,ZERO_RESULTS
48.987759399999916,-123.0638101,None,None,ZERO_RESULTS
48.987759399999916,-123.0641524,None,None,ZERO_RESULTS
48.987759399999916,-123.0644947,None,None,ZERO_RESULTS
48.987759399999916,-123.064837,None,None,ZERO_RESULTS
48.987759399999916,-123.0651793,None,None,ZERO_RESULTS
48.987759399999916,-123.0655216,None,None,ZERO_RESULTS
48.987759399999916,-123.0658639,None,None,ZERO_RESULTS
48.987759399999916,-123.0662062,None,None,ZERO_RESULTS
48.987759399999916,-123.0665485,None,None,ZERO_RESULTS
48.987759399999916,-123.0668908,None,None,ZERO_RESULTS
48.98772332355277,-123.0678443356365,eg0TJGkgFSf4rdeLxsi-sQ,2023-05,
48.98772332355277,-123.0678443356365,eg0TJGkgFSf4rdeLxsi-sQ,2023-05,
48.98772332355277,-123.0678443356365,eg0TJGkgFSf4rdeLxsi-sQ,2023-05,
48.98772332355277,-123.0678443356365,eg0TJGkgFSf4rdeLxsi-sQ,2023-05,
48.98830706330962,-123.0686403297534,xXHwafn9-8HSq3T1i_AYXQ,2023-05,
48.98830706330962,-123.0686403297534,xXHwafn9-8HSq3T1i_AYXQ,2023-05,
48.987759399999916,-123.0692869,None,None,ZERO_RESULTS
48.987759399999916,-123.0696292,None,None,ZERO_RESULTS
48.987759399999916,-123.0699715,None,None,ZERO_RESULTS
48.98749240730279,-123.0707353328577,ORPFhGp2knQsoNfVM0elTw,2023-05,
48.98754866968139,-123.0708239112309,1X46LdGUbmZCOEzT1VU1Pg,2023-05,
48.98756015155823,-123.0709587752986,p-YMr2IJ0uFfZmxx2DIZeA,2023-05,
48.98756057961534,-123.0713586068977,S7nlLspZUQoswXLCPl0mQw,2023-05,
48.98756083268852,-123.0716337331846,fFnZuE4fvIV41eUd2XuxqQ,2023-05,
48.98756122809343,-123.0720558694525,h96TBNsSVhmzN2MfwlsSOQ,2023-05,
48.98756153048292,-123.0723369919058,X0C0-2mqvvVcIrzJpfDWsg,2023-05,
48.98756420570954,-123.0727606122911,7MB8J1AU66JTxKEga8eNYA,2023-05,
48.98756672513659,-123.0730533178972,MT9fSyKVN2DVI8L3vsvN0g,2023-05,
48.98771785088998,-123.0734441936366,G3EPyyzRP1Dz6AbzGoMoCg,2023-05,
48.9882981277603,-123.0620592714448,-RiKiDAMyFRIoCnAUSk8Gw,2023-05,
48.98829739265117,-123.0624807631849,OV4NxEqAWvF9LYs2oInGGQ,2023-05,
48.98829686714704,-123.0627599907207,VW0Mb1Cr3LrIZey5BQjSug,2023-05,
48.98829625556056,-123.0631039959312,fVWs8o4H5hcpHKCSwwPNzQ,2023-05,
48.9882961578092,-123.063521623053,82hXYthxMQRWUVkwjVMiIA,2023-05,
48.9882970726312,-123.0637369477283,G2b8MkLMq_w5oowX7oWiUQ,2023-05,
48.98829906637463,-123.0642155337886,IMuQGQT8gp6fqZ1ThqFzIQ,2023-05,
48.98830014741785,-123.0644921717549,T76roeCFZno8pSSqhc_Yrw,2023-05,
48.98830128976147,-123.0647699555979,43V-frS24RrAsygGa-HFAA,2023-05,
48.98830307527715,-123.0651985826488,J13q88ZvBqVR4vCJlrahfA,2023-05,
48.98830414148258,-123.0654790057107,ACQlIXoGB-AzmZPW2Ng71Q,2023-05,
48.98830872549583,-123.065897336551,CsRgpwZPSsfcKZjyfenm1g,2023-05,
48.98831015512277,-123.0661736820304,5WkDWLnr2TARlichB_C56g,2023-05,
48.98831047734807,-123.0665870229207,zFLzEwNPREFJIgY8TJVAmg,2023-05,
48.98831076008583,-123.0668604963156,B9Bkfn3YMcRQ0hsn4dRvdQ,2023-05,
48.98831101960671,-123.0672625138566,6pRiQMkYwbeq6cwDcu8tsA,2023-05,
48.98798600649818,-123.0678474840544,lOzuFpGQfSiAreYhVnlyBA,2023-05,
48.98798600649818,-123.0678474840544,lOzuFpGQfSiAreYhVnlyBA,2023-05,
48.98798600649818,-123.0678474840544,lOzuFpGQfSiAreYhVnlyBA,2023-05,
48.98830706330962,-123.0686403297534,xXHwafn9-8HSq3T1i_AYXQ,2023-05,
48.98830552712982,-123.06892130102,nyrqZNeF9hXaY8XrKLKLJw,2023-05,
48.98830332072225,-123.0693459290951,iYWNy0jTIg-_x9LnRg2hRQ,2023-05,
48.98830180848726,-123.0696270875944,p48vxkUvrigVmTDvUzSjDw,2023-05,
48.98830234445562,-123.0699091171732,ENMGH5Mic6Gemeisa7d7Hw,2023-05,
48.98830375269587,-123.0703268036107,FfSUdSpSQAABi6_r8Gg28A,2023-05,
48.98830417871245,-123.0706059566376,K4BEUzaKNjd39kLjDUtpBA,2023-05,
48.98830472925739,-123.0710305762077,ZaNX9TZe2HBpBkKe7TkRzA,2023-05,
48.9883050909712,-123.0713085845361,s91i3MGPy2q1WsIxsiPDTw,2023-05,
48.98830568310739,-123.0717282488572,Hjqubse5wis-tCvs2BGZhQ,2023-05,
48.98830608970626,-123.0720090558122,9mYvQWZksHZBK2Nji06lRw,2023-05,
48.98830662851084,-123.072423791892,tPjgIRdJ727GoHmBgG2UEg,2023-05,
48.98830711233676,-123.0726995363909,VB0R6eUer5RQWv_Dc9RZjg,2023-05,
48.98798788664935,-123.0734350101183,X_VP2zdVWHMDlRPpGIS9hQ,2023-05,
48.98798788664935,-123.0734350101183,X_VP2zdVWHMDlRPpGIS9hQ,2023-05,
48.9882981277603,-123.0620592714448,-RiKiDAMyFRIoCnAUSk8Gw,2023-05,
48.98829739265117,-123.0624807631849,OV4NxEqAWvF9LYs2oInGGQ,2023-05,
48.98829686714704,-123.0627599907207,VW0Mb1Cr3LrIZey5BQjSug,2023-05,
48.98829625556056,-123.0631039959312,fVWs8o4H5hcpHKCSwwPNzQ,2023-05,
48.9882961578092,-123.063521623053,82hXYthxMQRWUVkwjVMiIA,2023-05,
48.9882970726312,-123.0637369477283,G2b8MkLMq_w5oowX7oWiUQ,2023-05,
48.98829906637463,-123.0642155337886,IMuQGQT8gp6fqZ1ThqFzIQ,2023-05,
48.98830014741785,-123.0644921717549,T76roeCFZno8pSSqhc_Yrw,2023-05,
48.98830128976147,-123.0647699555979,43V-frS24RrAsygGa-HFAA,2023-05,
48.98830307527715,-123.0651985826488,J13q88ZvBqVR4vCJlrahfA,2023-05,
48.98830414148258,-123.0654790057107,ACQlIXoGB-AzmZPW2Ng71Q,2023-05,
48.98830872549583,-123.065897336551,CsRgpwZPSsfcKZjyfenm1g,2023-05,
48.98831015512277,-123.0661736820304,5WkDWLnr2TARlichB_C56g,2023-05,
48.98831047734807,-123.0665870229207,zFLzEwNPREFJIgY8TJVAmg,2023-05,
48.98831076008583,-123.0668604963156,B9Bkfn3YMcRQ0hsn4dRvdQ,2023-05,
48.98831101960671,-123.0672625138566,6pRiQMkYwbeq6cwDcu8tsA,2023-05,
48.98831107755917,-123.0675674588243,XXTOzs52B06mB-o1jsYuIw,2023-05,
48.98829910188707,-123.0678511112069,suIZ0ZWILfVD0X6A13fRGg,2023-05,
48.98830928704486,-123.0682060033788,3NkIDtTU9CZKI_tQoAtMhw,2023-05,
48.98830706330962,-123.0686403297534,xXHwafn9-8HSq3T1i_AYXQ,2023-05,
48.98830552712982,-123.06892130102,nyrqZNeF9hXaY8XrKLKLJw,2023-05,
48.98830332072225,-123.0693459290951,iYWNy0jTIg-_x9LnRg2hRQ,2023-05,
48.98830180848726,-123.0696270875944,p48vxkUvrigVmTDvUzSjDw,2023-05,
48.98830234445562,-123.0699091171732,ENMGH5Mic6Gemeisa7d7Hw,2023-05,
48.98830375269587,-123.0703268036107,FfSUdSpSQAABi6_r8Gg28A,2023-05,
48.98830417871245,-123.0706059566376,K4BEUzaKNjd39kLjDUtpBA,2023-05,
48.98830472925739,-123.0710305762077,ZaNX9TZe2HBpBkKe7TkRzA,2023-05,
48.9883050909712,-123.0713085845361,s91i3MGPy2q1WsIxsiPDTw,2023-05,
48.98830568310739,-123.0717282488572,Hjqubse5wis-tCvs2BGZhQ,2023-05,
48.98830608970626,-123.0720090558122,9mYvQWZksHZBK2Nji06lRw,2023-05,
48.98830662851084,-123.072423791892,tPjgIRdJ727GoHmBgG2UEg,2023-05,
48.98830711233676,-123.0726995363909,VB0R6eUer5RQWv_Dc9RZjg,2023-05,
48.98830548812137,-123.0730893939759,AgoQjXe6UntPcaGvigmOAg,2023-05,
48.98827585442167,-123.0733445314087,TCCLTor8bp6N77x8X6Mbng,2023-05,
48.9882981277603,-123.0620592714448,-RiKiDAMyFRIoCnAUSk8Gw,2023-05,
48.98829739265117,-123.0624807631849,OV4NxEqAWvF9LYs2oInGGQ,2023-05,
48.98829686714704,-123.0627599907207,VW0Mb1Cr3LrIZey5BQjSug,2023-05,
48.98829625556056,-123.0631039959312,fVWs8o4H5hcpHKCSwwPNzQ,2023-05,
48.9882961578092,-123.063521623053,82hXYthxMQRWUVkwjVMiIA,2023-05,
48.9882970726312,-123.0637369477283,G2b8MkLMq_w5oowX7oWiUQ,2023-05,
48.98829906637463,-123.0642155337886,IMuQGQT8gp6fqZ1ThqFzIQ,2023-05,
48.98830014741785,-123.0644921717549,T76roeCFZno8pSSqhc_Yrw,2023-05,
48.98830128976147,-123.0647699555979,43V-frS24RrAsygGa-HFAA,2023-05,
48.98830307527715,-123.0651985826488,J13q88ZvBqVR4vCJlrahfA,2023-05,
48.98830414148258,-123.0654790057107,ACQlIXoGB-AzmZPW2Ng71Q,2023-05,
48.98830872549583,-123.065897336551,CsRgpwZPSsfcKZjyfenm1g,2023-05,
48.98831015512277,-123.0661736820304,5WkDWLnr2TARlichB_C56g,2023-05,
48.98831047734807,-123.0665870229207,zFLzEwNPREFJIgY8TJVAmg,2023-05,
48.98831076008583,-123.0668604963156,B9Bkfn3YMcRQ0hsn4dRvdQ,2023-05,
48.98831101960671,-123.0672625138566,6pRiQMkYwbeq6cwDcu8tsA,2023-05,
48.98854130859739,-123.0678540799474,RqWGsaUjH8UyssCpCXV28g,2023-05,
48.98854130859739,-123.0678540799474,RqWGsaUjH8UyssCpCXV28g,2023-05,
48.98830928704486,-123.0682060033788,3NkIDtTU9CZKI_tQoAtMhw,2023-05,
48.98830706330962,-123.0686403297534,xXHwafn9-8HSq3T1i_AYXQ,2023-05,
48.98830552712982,-123.06892130102,nyrqZNeF9hXaY8XrKLKLJw,2023-05,
48.98830332072225,-123.0693459290951,iYWNy0jTIg-_x9LnRg2hRQ,2023-05,
48.98830180848726,-123.0696270875944,p48vxkUvrigVmTDvUzSjDw,2023-05,
48.98830234445562,-123.0699091171732,ENMGH5Mic6Gemeisa7d7Hw,2023-05,
48.98830375269587,-123.0703268036107,FfSUdSpSQAABi6_r8Gg28A,2023-05,
48.98830417871245,-123.0706059566376,K4BEUzaKNjd39kLjDUtpBA,2023-05,
48.98830472925739,-123.0710305762077,ZaNX9TZe2HBpBkKe7TkRzA,2023-05,
48.9883050909712,-123.0713085845361,s91i3MGPy2q1WsIxsiPDTw,2023-05,
48.98830568310739,-123.0717282488572,Hjqubse5wis-tCvs2BGZhQ,2023-05,
48.98830608970626,-123.0720090558122,9mYvQWZksHZBK2Nji06lRw,2023-05,
48.98830662851084,-123.072423791892,tPjgIRdJ727GoHmBgG2UEg,2023-05,
48.98830711233676,-123.0726995363909,VB0R6eUer5RQWv_Dc9RZjg,2023-05,
48.98830548812137,-123.0730893939759,AgoQjXe6UntPcaGvigmOAg,2023-05,
48.98829879365712,-123.0732169292828,VJ-m3Rg84sOUiB2WqT_Mhw,2023-05,
48.988838199999904,-123.0620986,None,None,ZERO_RESULTS
48.988838199999904,-123.0624409,None,None,ZERO_RESULTS
48.988838199999904,-123.0627832,None,None,ZERO_RESULTS
48.988838199999904,-123.0631255,None,None,ZERO_RESULTS
48.98829906637463,-123.0642155337886,IMuQGQT8gp6fqZ1ThqFzIQ,2023-05,
48.98829906637463,-123.0642155337886,IMuQGQT8gp6fqZ1ThqFzIQ,2023-05,
48.98829906637463,-123.0642155337886,IMuQGQT8gp6fqZ1ThqFzIQ,2023-05,
48.98830014741785,-123.0644921717549,T76roeCFZno8pSSqhc_Yrw,2023-05,
48.98830244921586,-123.065048219352,rY0SvCrw1jU7kuROURRN5A,2023-05,
48.98830244921586,-123.065048219352,rY0SvCrw1jU7kuROURRN5A,2023-05,
48.98830244921586,-123.065048219352,rY0SvCrw1jU7kuROURRN5A,2023-05,
48.988838199999904,-123.0658639,None,None,ZERO_RESULTS
48.988838199999904,-123.0662062,None,None,ZERO_RESULTS
48.988838199999904,-123.0665485,None,None,ZERO_RESULTS
48.988838199999904,-123.0668908,None,None,ZERO_RESULTS
48.9888215802598,-123.0678575531868,OFwlimadR8Nuk1nTlQHAew,2023-05,
48.9888215802598,-123.0678575531868,OFwlimadR8Nuk1nTlQHAew,2023-05,
48.9888215802598,-123.0678575531868,OFwlimadR8Nuk1nTlQHAew,2023-05,
48.9888215802598,-123.0678575531868,OFwlimadR8Nuk1nTlQHAew,2023-05,
48.98854130859739,-123.0678540799474,RqWGsaUjH8UyssCpCXV28g,2023-05,
48.98830180848726,-123.0696270875944,p48vxkUvrigVmTDvUzSjDw,2023-05,
48.98830180848726,-123.0696270875944,p48vxkUvrigVmTDvUzSjDw,2023-05,
48.98830180848726,-123.0696270875944,p48vxkUvrigVmTDvUzSjDw,2023-05,
48.98830180848726,-123.0696270875944,p48vxkUvrigVmTDvUzSjDw,2023-05,
48.98830395534259,-123.0704650744178,MkOhufoyD_Y4I3BEpybtYA,2023-05,
48.98830395534259,-123.0704650744178,MkOhufoyD_Y4I3BEpybtYA,2023-05,
48.988838199999904,-123.0709984,None,None,ZERO_RESULTS
48.988838199999904,-123.0713407,None,None,ZERO_RESULTS
48.988838199999904,-123.071683,None,None,ZERO_RESULTS
48.988838199999904,-123.07202529999999,None,None,ZERO_RESULTS
48.988838199999904,-123.07236759999999,None,None,ZERO_RESULTS
48.988838199999904,-123.07270989999999,None,None,ZERO_RESULTS
48.988838199999904,-123.07305219999999,None,None,ZERO_RESULTS
48.98827585442167,-123.0733445314087,TCCLTor8bp6N77x8X6Mbng,2023-05,
48.9891078999999,-123.0620986,None,None,ZERO_RESULTS
48.9891078999999,-123.0624409,None,None,ZERO_RESULTS
48.9891078999999,-123.0627832,None,None,ZERO_RESULTS
48.9891078999999,-123.0631255,None,None,ZERO_RESULTS
48.9891078999999,-123.0634678,None,None,ZERO_RESULTS
48.9891078999999,-123.0638101,None,None,ZERO_RESULTS
48.98829906637463,-123.0642155337886,IMuQGQT8gp6fqZ1ThqFzIQ,2023-05,
48.98830244921586,-123.065048219352,rY0SvCrw1jU7kuROURRN5A,2023-05,
48.98830244921586,-123.065048219352,rY0SvCrw1jU7kuROURRN5A,2023-05,
48.98830244921586,-123.065048219352,rY0SvCrw1jU7kuROURRN5A,2023-05,
48.98830244921586,-123.065048219352,rY0SvCrw1jU7kuROURRN5A,2023-05,
48.9891078999999,-123.0658639,None,None,ZERO_RESULTS
48.9891078999999,-123.0662062,None,None,ZERO_RESULTS
48.9891078999999,-123.0665485,None,None,ZERO_RESULTS
48.9891078999999,-123.0668908,None,None,ZERO_RESULTS
48.98909500950869,-123.067860842231,UYCUJ6Oq0qOpU1_kjlfe8g,2023-05,
48.98909500950869,-123.067860842231,UYCUJ6Oq0qOpU1_kjlfe8g,2023-05,
48.98909500950869,-123.067860842231,UYCUJ6Oq0qOpU1_kjlfe8g,2023-05,
48.98909500950869,-123.067860842231,UYCUJ6Oq0qOpU1_kjlfe8g,2023-05,
48.9891078999999,-123.0686023,None,None,ZERO_RESULTS
48.9891078999999,-123.0689446,None,None,ZERO_RESULTS
48.9891078999999,-123.0692869,None,None,ZERO_RESULTS
48.98830180848726,-123.0696270875944,p48vxkUvrigVmTDvUzSjDw,2023-05,
48.9891078999999,-123.0699715,None,None,ZERO_RESULTS
48.9891078999999,-123.0703138,None,None,ZERO_RESULTS
48.9891078999999,-123.0706561,None,None,ZERO_RESULTS
48.9891078999999,-123.0709984,None,None,ZERO_RESULTS
48.9891078999999,-123.0713407,None,None,ZERO_RESULTS
48.9891078999999,-123.071683,None,None,ZERO_RESULTS
48.9891078999999,-123.07202529999999,None,None,ZERO_RESULTS
48.9891078999999,-123.07236759999999,None,None,ZERO_RESULTS
48.9891078999999,-123.07270989999999,None,None,ZERO_RESULTS
48.9891078999999,-123.07305219999999,None,None,ZERO_RESULTS
48.98827585442167,-123.0733445314087,TCCLTor8bp6N77x8X6Mbng,2023-05,
